"Season_End_Year","Squad","Comp","Player","Nation","Pos","Age","Born","MP_Playing","Starts_Playing","Min_Playing","Mins_Per_90_Playing","Gls","Ast","G+A","G_minus_PK","PK","PKatt","CrdY","CrdR","PrgC_Progression","PrgP_Progression","PrgR_Progression","Gls_Per","Ast_Per","G+A_Per","G_minus_PK_Per","G+A_minus_PK_Per","xG_Expected","npxG_Expected","xAG_Expected","npxG+xAG_Expected","xG_Per","xAG_Per","xG+xAG_Per","npxG_Per","npxG+xAG_Per","Url"
2024,"Arsenal","Premier League","Mohamed Elneny","EGY","MF","31-324",1992,3,0,28,0.3,0,0,0,0,0,0,0,0,1,1,0,0,0,0,0,0,0.1,0.1,0,0.1,0.26,0,0.26,0.26,0.26,"https://fbref.com/en/players/47a34c4f/Mohamed-Elneny"
2024,"Arsenal","Premier League","Kai Havertz","GER","MF,FW","24-354",1999,37,30,2634,29.3,13,7,20,12,1,1,11,0,55,99,191,0.44,0.24,0.68,0.41,0.65,12.3,11.6,4.4,15.9,0.42,0.15,0.57,0.39,0.54,"https://fbref.com/en/players/fed7cb61/Kai-Havertz"
2024,"Arsenal","Premier League","Gabriel Jesus","BRA","FW","27-057",1997,27,17,1478,16.4,4,5,9,4,0,0,6,0,38,42,155,0.24,0.3,0.55,0.24,0.55,6.3,6.3,3.8,10.1,0.39,0.23,0.62,0.39,0.62,"https://fbref.com/en/players/b66315ae/Gabriel-Jesus"
2024,"Arsenal","Premier League","Jorginho","ITA","MF","32-162",1991,24,10,921,10.2,0,2,2,0,0,0,1,0,8,101,8,0,0.2,0.2,0,0.2,0.1,0.1,1.4,1.5,0.01,0.13,0.14,0.01,0.14,"https://fbref.com/en/players/45db685d/Jorginho"
2024,"Arsenal","Premier League","Jakub Kiwior","POL","DF","24-105",2000,20,11,946,10.5,1,3,4,1,0,0,1,0,4,55,16,0.1,0.29,0.38,0.1,0.38,0.8,0.8,0.9,1.7,0.08,0.09,0.16,0.08,0.16,"https://fbref.com/en/players/dc3e663e/Jakub-Kiwior"
2024,"Arsenal","Premier League","Gabriel Magalhães","BRA","DF","26-163",1997,36,34,3044,33.8,4,0,4,4,0,0,4,0,13,117,8,0.12,0,0.12,0.12,0.12,4.3,4.3,0.7,5,0.13,0.02,0.15,0.13,0.15,"https://fbref.com/en/players/67ac5bb8/Gabriel-Magalhaes"
2024,"Arsenal","Premier League","Gabriel Martinelli","BRA","FW","22-347",2001,35,24,2019,22.4,6,4,10,6,0,0,1,0,127,65,345,0.27,0.18,0.45,0.27,0.45,6.8,6.8,6.1,12.9,0.31,0.27,0.58,0.31,0.58,"https://fbref.com/en/players/48a5a5d6/Gabriel-Martinelli"
2024,"Arsenal","Premier League","Reiss Nelson","ENG","FW","24-172",1999,15,1,268,3,0,0,0,0,0,0,1,0,9,5,26,0,0,0,0,0,0.2,0.2,0.6,0.8,0.07,0.2,0.27,0.07,0.27,"https://fbref.com/en/players/c5bdb6e3/Reiss-Nelson"
2024,"Arsenal","Premier League","Eddie Nketiah","ENG","FW","25-000",1999,27,10,1082,12,5,2,7,5,0,0,3,0,22,20,77,0.42,0.17,0.58,0.42,0.58,4.5,4.5,0.8,5.4,0.38,0.07,0.45,0.38,0.45,"https://fbref.com/en/players/a53649b7/Eddie-Nketiah"
2024,"Arsenal","Premier League","Ethan Nwaneri","ENG","FW","17-070",2007,1,0,14,0.2,0,0,0,0,0,0,0,0,2,2,1,0,0,0,0,0,0,0,0,0,0,0.15,0.15,0,0.15,"https://fbref.com/en/players/7f94982c/Ethan-Nwaneri"
2024,"Arsenal","Premier League","Thomas Partey","GHA","MF,DF","30-352",1993,14,9,788,8.8,0,0,0,0,0,0,3,0,15,72,10,0,0,0,0,0,0.4,0.4,0.3,0.7,0.05,0.03,0.08,0.05,0.08,"https://fbref.com/en/players/529f49ab/Thomas-Partey"
2024,"Arsenal","Premier League","Aaron Ramsdale","ENG","GK","26-016",1998,6,6,540,6,0,0,0,0,0,0,0,0,0,2,0,0,0,0,0,0,0,0,0,0,0,0,0,0,0,"https://fbref.com/en/players/466fb2c5/Aaron-Ramsdale"
2024,"Arsenal","Premier League","David Raya","ESP","GK","28-258",1995,32,32,2880,32,0,0,0,0,0,0,2,0,0,2,0,0,0,0,0,0,0,0,0,0,0,0,0,0,0,"https://fbref.com/en/players/98ea5115/David-Raya"
2024,"Arsenal","Premier League","Declan Rice","ENG","MF","25-137",1999,38,37,3225,35.8,7,8,15,7,0,0,5,0,75,278,64,0.2,0.22,0.42,0.2,0.42,3.3,3.3,5.3,8.6,0.09,0.15,0.24,0.09,0.24,"https://fbref.com/en/players/1c7012b8/Declan-Rice"
2024,"Arsenal","Premier League","Bukayo Saka","ENG","FW","22-268",2001,35,35,2919,32.4,16,9,25,10,6,6,4,0,155,126,508,0.49,0.28,0.77,0.31,0.59,15.5,10.8,10.5,21.2,0.48,0.32,0.8,0.33,0.65,"https://fbref.com/en/players/bc7dc64d/Bukayo-Saka"
2024,"Arsenal","Premier League","William Saliba","FRA","DF","23-067",2001,38,38,3420,38,2,1,3,2,0,0,4,0,16,157,6,0.05,0.03,0.08,0.05,0.08,1.6,1.6,0.2,1.8,0.04,0.01,0.05,0.04,0.05,"https://fbref.com/en/players/972aeb2a/William-Saliba"
2024,"Arsenal","Premier League","Emile Smith Rowe","ENG","MF","23-307",2000,13,3,353,3.9,0,1,1,0,0,0,0,0,11,23,18,0,0.25,0.25,0,0.25,2,2,0.2,2.2,0.5,0.06,0.56,0.5,0.56,"https://fbref.com/en/players/17695062/Emile-Smith-Rowe"
2024,"Arsenal","Premier League","Cédric Soares","POR","DF","32-273",1991,3,0,62,0.7,0,0,0,0,0,0,0,0,0,3,6,0,0,0,0,0,0,0,0,0,0,0,0,0,0,"https://fbref.com/en/players/839c14e1/Cedric-Soares"
2024,"Arsenal","Premier League","Jurriën Timber","NED","DF","22-348",2001,2,1,71,0.8,0,0,0,0,0,0,2,0,0,8,5,0,0,0,0,0,0,0,0,0,0,0,0,0,0,"https://fbref.com/en/players/41034650/Jurrien-Timber"
2024,"Arsenal","Premier League","Takehiro Tomiyasu","JPN","DF","25-207",1998,22,10,1149,12.8,2,1,3,2,0,0,2,1,17,72,37,0.16,0.08,0.23,0.16,0.23,1.5,1.5,0.4,1.9,0.12,0.03,0.15,0.12,0.15,"https://fbref.com/en/players/b3af9be1/Takehiro-Tomiyasu"
2024,"Arsenal","Premier League","Leandro Trossard","BEL","FW,MF","29-178",1994,34,18,1649,18.3,12,1,13,12,0,0,2,0,66,76,155,0.65,0.05,0.71,0.65,0.71,7.9,7.9,2.8,10.7,0.43,0.15,0.58,0.43,0.58,"https://fbref.com/en/players/38ceb24a/Leandro-Trossard"
2024,"Arsenal","Premier League","Fabio Vieira","POR","MF,FW","24-000",2000,11,2,297,3.3,1,2,3,0,1,1,0,1,12,15,30,0.3,0.61,0.91,0,0.61,1.3,0.5,1.6,2.1,0.38,0.49,0.87,0.14,0.64,"https://fbref.com/en/players/6412cc03/Fabio-Vieira"
2024,"Arsenal","Premier League","Ben White","ENG","DF","26-235",1997,37,35,2988,33.2,4,4,8,4,0,0,8,0,44,192,162,0.12,0.12,0.24,0.12,0.24,1.2,1.2,3.8,5,0.03,0.11,0.15,0.03,0.15,"https://fbref.com/en/players/35e413f1/Ben-White"
2024,"Arsenal","Premier League","Oleksandr Zinchenko","UKR","DF","27-167",1996,27,20,1722,19.1,1,2,3,1,0,0,2,0,40,229,58,0.05,0.1,0.16,0.05,0.16,0.6,0.6,2.5,3.1,0.03,0.13,0.16,0.03,0.16,"https://fbref.com/en/players/51cf8561/Oleksandr-Zinchenko"
2024,"Arsenal","Premier League","Martin Ødegaard","NOR","MF","25-165",1998,35,35,3091,34.3,8,10,18,6,2,2,2,0,91,344,202,0.23,0.29,0.52,0.17,0.47,7.4,5.8,9.6,15.5,0.22,0.28,0.5,0.17,0.45,"https://fbref.com/en/players/79300479/Martin-Odegaard"
2024,"Aston Villa","Premier League","Cameron Archer","ENG","MF","22-314",2001,1,0,6,0.1,0,0,0,0,0,0,1,0,1,0,0,0,0,0,0,0,0,0,0,0,0,0,0,0,0,"https://fbref.com/en/players/05e8ca6d/Cameron-Archer"
2024,"Aston Villa","Premier League","Leon Bailey","JAM","MF,FW","26-295",1997,35,22,2068,23,10,9,19,10,0,0,5,0,102,82,226,0.44,0.39,0.83,0.44,0.83,6.3,6.3,9.2,15.5,0.27,0.4,0.67,0.27,0.67,"https://fbref.com/en/players/3a233281/Leon-Bailey"
2024,"Aston Villa","Premier League","Diego Carlos","BRA","DF","31-076",1993,27,20,1816,20.2,0,0,0,0,0,0,4,0,4,59,1,0,0,0,0,0,1.9,1.9,0.1,2,0.1,0,0.1,0.1,0.1,"https://fbref.com/en/players/b4a014b1/Diego-Carlos"
2024,"Aston Villa","Premier League","Matty Cash","POL","DF","26-297",1997,29,23,2142,23.8,2,2,4,2,0,0,8,0,62,88,101,0.08,0.08,0.17,0.08,0.17,4.2,4.2,2.3,6.5,0.18,0.1,0.27,0.18,0.27,"https://fbref.com/en/players/2389cdc2/Matty-Cash"
2024,"Aston Villa","Premier League","Calum Chambers","ENG","MF,DF","29-131",1995,5,1,152,1.7,0,1,1,0,0,0,1,0,0,5,1,0,0.59,0.59,0,0.59,0,0,0.1,0.1,0,0.06,0.06,0,0.06,"https://fbref.com/en/players/dc6f5bdd/Calum-Chambers"
2024,"Aston Villa","Premier League","Philippe Coutinho","BRA","MF,FW","31-353",1992,2,0,25,0.3,0,0,0,0,0,0,0,0,5,5,2,0,0,0,0,0,0.1,0.1,0,0.1,0.52,0,0.52,0.52,0.52,"https://fbref.com/en/players/0ef89a37/Philippe-Coutinho"
2024,"Aston Villa","Premier League","Leander Dendoncker","BEL","MF","29-045",1995,8,1,119,1.3,1,0,1,1,0,0,0,0,0,3,2,0.76,0,0.76,0.76,0.76,0.7,0.7,0,0.7,0.56,0,0.56,0.56,0.56,"https://fbref.com/en/players/5a7301ae/Leander-Dendoncker"
2024,"Aston Villa","Premier League","Moussa Diaby","FRA","FW,MF","24-328",1999,38,25,2174,24.2,6,8,14,6,0,0,1,0,94,72,183,0.25,0.33,0.58,0.25,0.58,7,7,6.6,13.6,0.29,0.27,0.56,0.29,0.56,"https://fbref.com/en/players/aeed5c06/Moussa-Diaby"
2024,"Aston Villa","Premier League","Lucas Digne","FRA","DF","30-315",1993,33,27,2410,26.8,1,3,4,1,0,0,7,0,42,77,200,0.04,0.11,0.15,0.04,0.15,1.1,1.1,4.1,5.2,0.04,0.15,0.19,0.04,0.19,"https://fbref.com/en/players/1b84dbe1/Lucas-Digne"
2024,"Aston Villa","Premier League","Jhon Durán","COL","FW,MF","20-169",2003,23,3,475,5.3,5,0,5,5,0,0,5,0,9,9,25,0.95,0,0.95,0.95,0.95,2,2,0.3,2.3,0.38,0.06,0.44,0.38,0.44,"https://fbref.com/en/players/414184f7/Jhon-Duran"
2024,"Aston Villa","Premier League","Tim Iroegbunam","ENG","MF","20-335",2003,9,1,164,1.8,0,0,0,0,0,0,0,0,3,1,0,0,0,0,0,0,0,0,0,0,0,0,0,0,0,"https://fbref.com/en/players/84c5ceea/Tim-Iroegbunam"
2024,"Aston Villa","Premier League","Boubacar Kamara","FRA","MF","24-189",1999,20,20,1652,18.4,0,1,1,0,0,0,7,1,19,83,10,0,0.05,0.05,0,0.05,0.1,0.1,1.3,1.4,0.01,0.07,0.08,0.01,0.08,"https://fbref.com/en/players/cc77354e/Boubacar-Kamara"
2024,"Aston Villa","Premier League","Omari Kellyman","ENG","FW","18-258",2005,2,0,37,0.4,0,0,0,0,0,0,0,0,1,0,0,0,0,0,0,0,0.1,0.1,0,0.1,0.17,0,0.17,0.17,0.17,"https://fbref.com/en/players/aa888da7/Omari-Kellyman"
2024,"Aston Villa","Premier League","Kaine Kesler-Hayden","ENG","MF,DF","21-220",2002,3,0,6,0.1,0,0,0,0,0,0,0,0,0,0,0,0,0,0,0,0,0,0,0,0,0,0,0,0,0,"https://fbref.com/en/players/9b066938/Kaine-Kesler-Hayden"
2024,"Aston Villa","Premier League","Ezri Konsa","ENG","DF","26-220",1997,35,35,3069,34.1,1,0,1,1,0,0,5,0,37,136,33,0.03,0,0.03,0.03,0.03,2.5,2.5,0.5,3,0.07,0.02,0.09,0.07,0.09,"https://fbref.com/en/players/0313a347/Ezri-Konsa"
2024,"Aston Villa","Premier League","Clément Lenglet","FRA","DF","28-348",1995,14,14,1153,12.8,0,1,1,0,0,0,3,0,26,51,1,0,0.08,0.08,0,0.08,0.9,0.9,0.8,1.6,0.07,0.06,0.13,0.07,0.13,"https://fbref.com/en/players/4f28a6ff/Clement-Lenglet"
2024,"Aston Villa","Premier League","Douglas Luiz","BRA","MF","26-021",1998,35,35,2993,33.3,9,5,14,5,4,4,12,0,60,168,50,0.27,0.15,0.42,0.15,0.3,6.9,3.8,5.4,9.2,0.21,0.16,0.37,0.11,0.28,"https://fbref.com/en/players/6f7d826d/Douglas-Luiz"
2024,"Aston Villa","Premier League","Emiliano Martínez","ARG","GK","31-271",1992,34,34,3015,33.5,0,0,0,0,0,0,4,0,0,2,0,0,0,0,0,0,0,0,0,0,0,0,0,0,0,"https://fbref.com/en/players/7956236f/Emiliano-Martinez"
2024,"Aston Villa","Premier League","John McGinn","SCO","MF,FW","29-225",1994,35,35,2999,33.3,6,4,10,6,0,0,9,1,59,189,84,0.18,0.12,0.3,0.18,0.3,5,5,4.6,9.6,0.15,0.14,0.29,0.15,0.29,"https://fbref.com/en/players/90f91999/John-McGinn"
2024,"Aston Villa","Premier League","Tyrone Mings","ENG","DF","31-078",1993,1,1,30,0.3,0,0,0,0,0,0,0,0,0,0,0,0,0,0,0,0,0,0,0,0,0.02,0.07,0.09,0.02,0.09,"https://fbref.com/en/players/8397a50c/Tyrone-Mings"
2024,"Aston Villa","Premier League","Álex Moreno","ESP","DF","30-357",1993,21,11,1031,11.5,2,0,2,2,0,0,2,0,32,24,83,0.17,0,0.17,0.17,0.17,1.1,1.1,1.1,2.3,0.1,0.1,0.2,0.1,0.2,"https://fbref.com/en/players/16e9d0ea/Alex-Moreno"
2024,"Aston Villa","Premier League","Finley Munroe","ENG","MF","19-112",2005,1,0,4,0,0,0,0,0,0,0,0,0,0,0,0,0,0,0,0,0,0,0,0,0,0,0,0,0,0,"https://fbref.com/en/players/36625c27/Finley-Munroe"
2024,"Aston Villa","Premier League","Robin Olsen","SWE","GK","34-143",1990,5,4,405,4.5,0,0,0,0,0,0,0,0,0,0,0,0,0,0,0,0,0,0,0,0,0,0,0,0,0,"https://fbref.com/en/players/e7ee38c3/Robin-Olsen"
2024,"Aston Villa","Premier League","Jaden Philogene Bidace","ENG","FW","22-112",2002,1,0,4,0,0,0,0,0,0,0,0,0,2,0,1,0,0,0,0,0,0,0,0,0,0,0,0,0,0,"https://fbref.com/en/players/19f4d211/Jaden-Philogene-Bidace"
2024,"Aston Villa","Premier League","Jacob Ramsey","ENG","FW,MF","23-002",2001,16,8,853,9.5,1,1,2,1,0,0,2,0,33,28,69,0.11,0.11,0.21,0.11,0.21,2.2,2.2,1,3.2,0.23,0.11,0.34,0.23,0.34,"https://fbref.com/en/players/1544f145/Jacob-Ramsey"
2024,"Aston Villa","Premier League","Morgan Rogers","ENG","MF,FW","21-309",2002,11,8,638,7.1,3,1,4,3,0,0,3,0,22,28,30,0.42,0.14,0.56,0.42,0.56,1.4,1.4,0.6,2,0.19,0.09,0.28,0.19,0.28,"https://fbref.com/en/players/2e5915f1/Morgan-Rogers"
2024,"Aston Villa","Premier League","Youri Tielemans","BEL","MF,FW","27-023",1997,32,17,1622,18,2,6,8,2,0,0,3,0,23,128,46,0.11,0.33,0.44,0.11,0.44,1.3,1.3,2.6,3.9,0.07,0.14,0.21,0.07,0.21,"https://fbref.com/en/players/56f7a928/Youri-Tielemans"
2024,"Aston Villa","Premier League","Pau Torres","ESP","DF","27-135",1997,29,27,2464,27.4,2,0,2,2,0,0,1,0,42,128,16,0.07,0,0.07,0.07,0.07,1,1,0.4,1.4,0.04,0.02,0.05,0.04,0.05,"https://fbref.com/en/players/532e1e4f/Pau-Torres"
2024,"Aston Villa","Premier League","Bertrand Traoré","BFA","DF,FW","28-267",1995,2,0,11,0.1,0,0,0,0,0,0,0,0,0,0,0,0,0,0,0,0,0,0,0,0,0,0,0,0,0,"https://fbref.com/en/players/c47541e0/Bertrand-Traore"
2024,"Aston Villa","Premier League","Ollie Watkins","ENG","FW","28-152",1995,37,37,3217,35.7,19,13,32,19,0,0,4,0,62,55,214,0.53,0.36,0.9,0.53,0.9,16.8,16.8,7.3,24.2,0.47,0.21,0.68,0.47,0.68,"https://fbref.com/en/players/aed3a70f/Ollie-Watkins"
2024,"Aston Villa","Premier League","Nicolò Zaniolo","ITA","FW,MF","24-333",1999,25,9,839,9.3,2,0,2,2,0,0,7,0,35,30,60,0.21,0,0.21,0.21,0.21,2.6,2.6,1,3.6,0.28,0.11,0.39,0.28,0.39,"https://fbref.com/en/players/9907b1c8/Nicolo-Zaniolo"
2024,"Bournemouth","Premier League","Max Aarons","ENG","DF","24-147",2000,20,13,1237,13.7,0,1,1,0,0,0,1,0,22,43,26,0,0.07,0.07,0,0.07,0,0,0.8,0.9,0,0.06,0.06,0,0.06,"https://fbref.com/en/players/774cf58b/Max-Aarons"
2024,"Bournemouth","Premier League","Tyler Adams","USA","MF","25-106",1999,3,1,121,1.3,0,0,0,0,0,0,0,0,4,5,1,0,0,0,0,0,0,0,0.1,0.1,0,0.06,0.06,0,0.06,"https://fbref.com/en/players/2b09d998/Tyler-Adams"
2024,"Bournemouth","Premier League","Jaidon Anthony","ENG","FW","24-181",1999,3,2,152,1.7,0,0,0,0,0,0,1,0,2,8,9,0,0,0,0,0,0.1,0.1,0,0.1,0.04,0,0.04,0.04,0.04,"https://fbref.com/en/players/e4238fb1/Jaidon-Anthony"
2024,"Bournemouth","Premier League","Philip Billing","DEN","MF","27-354",1996,29,13,1398,15.5,2,2,4,2,0,0,3,1,22,53,63,0.13,0.13,0.26,0.13,0.26,2.5,2.5,3.2,5.7,0.16,0.21,0.36,0.16,0.36,"https://fbref.com/en/players/d328a254/Philip-Billing"
2024,"Bournemouth","Premier League","David Brooks","WAL","FW,MF","26-327",1997,13,2,282,3.1,1,1,2,1,0,0,1,0,8,21,27,0.32,0.32,0.64,0.32,0.64,2.2,2.2,1,3.2,0.7,0.33,1.03,0.7,1.03,"https://fbref.com/en/players/dc4cae05/David-Brooks"
2024,"Bournemouth","Premier League","Ryan Christie","SCO","MF","29-098",1995,37,35,2907,32.3,0,5,5,0,0,0,6,0,60,167,78,0,0.15,0.15,0,0.15,2.3,2.3,5.4,7.7,0.07,0.17,0.24,0.07,0.24,"https://fbref.com/en/players/26ce2263/Ryan-Christie"
2024,"Bournemouth","Premier League","Lewis Cook","ENG","MF","27-117",1997,33,32,2786,31,0,3,3,0,0,0,5,1,22,142,15,0,0.1,0.1,0,0.1,0.4,0.4,4.3,4.6,0.01,0.14,0.15,0.01,0.15,"https://fbref.com/en/players/2afc7272/Lewis-Cook"
2024,"Bournemouth","Premier League","Romain Faivre","FRA","MF,FW","25-321",1998,5,0,41,0.5,0,0,0,0,0,0,1,0,4,5,4,0,0,0,0,0,0.2,0.2,0,0.2,0.34,0,0.34,0.34,0.34,"https://fbref.com/en/players/745ca0a3/Romain-Faivre"
2024,"Bournemouth","Premier League","James Hill","ENG","DF","22-141",2002,5,1,76,0.8,0,0,0,0,0,0,0,0,0,5,1,0,0,0,0,0,0,0,0,0,0,0,0,0,0,"https://fbref.com/en/players/69942fb3/James-Hill"
2024,"Bournemouth","Premier League","Hamed Junior Traorè","CIV","MF","24-104",2000,3,0,47,0.5,0,0,0,0,0,0,0,0,2,3,4,0,0,0,0,0,0.2,0.2,0,0.2,0.34,0.07,0.41,0.34,0.41,"https://fbref.com/en/players/570bb4b9/Hamed-Junior-Traore"
2024,"Bournemouth","Premier League","Lloyd Kelly","ENG","DF","25-237",1998,23,17,1559,17.3,0,1,1,0,0,0,2,0,15,56,28,0,0.06,0.06,0,0.06,0.3,0.3,1.2,1.6,0.02,0.07,0.09,0.02,0.09,"https://fbref.com/en/players/f31def1e/Lloyd-Kelly"
2024,"Bournemouth","Premier League","Milos Kerkez","HUN","DF","20-205",2003,28,22,1970,21.9,0,1,1,0,0,0,4,1,46,44,93,0,0.05,0.05,0,0.05,1.2,1.2,0.8,2,0.06,0.04,0.09,0.06,0.09,"https://fbref.com/en/players/0ad53bdc/Milos-Kerkez"
2024,"Bournemouth","Premier League","Justin Kluivert","NED","MF,FW","25-025",1999,32,26,1916,21.3,7,1,8,7,0,0,5,0,65,50,114,0.33,0.05,0.38,0.33,0.38,6.2,6.2,1.9,8.1,0.29,0.09,0.38,0.29,0.38,"https://fbref.com/en/players/4c3a6744/Justin-Kluivert"
2024,"Bournemouth","Premier League","Chris Mepham","WAL","DF","26-207",1997,10,6,617,6.9,0,1,1,0,0,0,2,0,4,25,1,0,0.15,0.15,0,0.15,0.1,0.1,0.4,0.5,0.01,0.06,0.07,0.01,0.07,"https://fbref.com/en/players/fed96827/Chris-Mepham"
2024,"Bournemouth","Premier League","Kieffer Moore","WAL","FW,MF","31-296",1992,8,0,108,1.2,1,0,1,1,0,0,0,0,2,4,15,0.83,0,0.83,0.83,0.83,1.5,1.5,0.2,1.7,1.23,0.2,1.44,1.23,1.44,"https://fbref.com/en/players/01ce9e70/Kieffer-Moore"
2024,"Bournemouth","Premier League","Neto","BRA","GK","34-316",1989,32,32,2880,32,0,0,0,0,0,0,5,0,0,0,0,0,0,0,0,0,0,0,0,0,0,0,0,0,0,"https://fbref.com/en/players/a9dc785c/Neto"
2024,"Bournemouth","Premier League","Dango Ouattara","BFA","FW,DF","22-109",2002,30,12,1229,13.7,1,2,3,1,0,0,3,0,47,35,90,0.07,0.15,0.22,0.07,0.22,2.6,2.6,1.5,4.1,0.19,0.11,0.3,0.19,0.3,"https://fbref.com/en/players/2f9e4435/Dango-Ouattara"
2024,"Bournemouth","Premier League","Ionuț Radu","ROU","GK","27-002",1997,2,2,180,2,0,0,0,0,0,0,0,0,0,0,0,0,0,0,0,0,0,0,0,0,0,0,0,0,0,"https://fbref.com/en/players/67f649be/Ionut-Radu"
2024,"Bournemouth","Premier League","Joe Rothwell","ENG","MF","29-140",1995,11,3,386,4.3,0,0,0,0,0,0,0,0,6,20,3,0,0,0,0,0,0.1,0.1,0.2,0.3,0.02,0.06,0.08,0.02,0.08,"https://fbref.com/en/players/10a10454/Joe-Rothwell"
2024,"Bournemouth","Premier League","Dominic Sadi","ENG","FW","20-271",2003,1,0,1,0,0,0,0,0,0,0,0,0,0,0,0,0,0,0,0,0,0,0,0,0,0,0,0,0,0,"https://fbref.com/en/players/54778940/Dominic-Sadi"
2024,"Bournemouth","Premier League","Alex Scott","ENG","MF","20-283",2003,23,11,1014,11.3,1,1,2,1,0,0,3,0,24,50,35,0.09,0.09,0.18,0.09,0.18,0.7,0.7,1.7,2.4,0.06,0.15,0.22,0.06,0.22,"https://fbref.com/en/players/104d0bb8/Alex-Scott"
2024,"Bournemouth","Premier League","Antoine Semenyo","GHA","FW","24-144",2000,33,25,2105,23.4,8,2,10,8,0,0,6,0,89,64,188,0.34,0.09,0.43,0.34,0.43,4.6,4.6,3.2,7.8,0.2,0.14,0.34,0.2,0.34,"https://fbref.com/en/players/efd2ec23/Antoine-Semenyo"
2024,"Bournemouth","Premier League","Marcos Senesi","ARG","DF","27-020",1997,31,26,2242,24.9,4,5,9,4,0,0,13,0,31,127,4,0.16,0.2,0.36,0.16,0.36,2,2,1.7,3.7,0.08,0.07,0.15,0.08,0.15,"https://fbref.com/en/players/35141f4c/Marcos-Senesi"
2024,"Bournemouth","Premier League","Luis Sinisterra","COL","FW,MF","24-348",1999,20,7,699,7.8,2,2,4,2,0,0,0,0,51,38,85,0.26,0.26,0.52,0.26,0.52,2.5,2.5,2.4,5,0.33,0.31,0.64,0.33,0.64,"https://fbref.com/en/players/8e16dd48/Luis-Sinisterra"
2024,"Bournemouth","Premier League","Adam Smith","ENG","DF","33-031",1991,28,25,2150,23.9,0,2,2,0,0,0,6,0,24,89,28,0,0.08,0.08,0,0.08,0.1,0.1,1.3,1.4,0,0.05,0.06,0,0.06,"https://fbref.com/en/players/20b104bc/Adam-Smith"
2024,"Bournemouth","Premier League","Dominic Solanke","ENG","FW","26-259",1997,38,37,3325,36.9,19,3,22,17,2,3,3,0,52,60,184,0.51,0.08,0.6,0.46,0.54,19.6,17.2,3,20.3,0.53,0.08,0.61,0.47,0.55,"https://fbref.com/en/players/e77dc3b2/Dominic-Solanke"
2024,"Bournemouth","Premier League","Marcus Tavernier","ENG","FW","25-069",1999,30,25,2118,23.5,3,4,7,3,0,0,3,0,79,84,171,0.13,0.17,0.3,0.13,0.3,3.9,3.9,5.2,9.1,0.17,0.22,0.39,0.17,0.39,"https://fbref.com/en/players/5c0da4a4/Marcus-Tavernier"
2024,"Bournemouth","Premier League","Mark Travers","IRL","GK","25-012",1999,4,4,360,4,0,0,0,0,0,0,0,0,0,0,0,0,0,0,0,0,0,0,0,0,0,0,0,0,0,"https://fbref.com/en/players/fe558029/Mark-Travers"
2024,"Bournemouth","Premier League","Enes Ünal","TUR","FW,MF","27-020",1997,16,2,328,3.6,2,2,4,2,0,0,1,0,4,7,28,0.55,0.55,1.1,0.55,1.1,2.9,2.9,1,3.9,0.8,0.28,1.07,0.8,1.07,"https://fbref.com/en/players/f8eca1b6/Enes-Unal"
2024,"Bournemouth","Premier League","Illia Zabarnyi","UKR","DF","21-272",2002,37,37,3330,37,1,0,1,1,0,0,5,0,24,109,1,0.03,0,0.03,0.03,0.03,1.1,1.1,0.4,1.5,0.03,0.01,0.04,0.03,0.04,"https://fbref.com/en/players/88968486/Illia-Zabarnyi"
2024,"Brentford","Premier League","Kristoffer Ajer","NOR","DF","26-043",1998,28,21,1832,20.4,2,1,3,2,0,0,5,0,22,61,31,0.1,0.05,0.15,0.1,0.15,1.3,1.3,2.3,3.6,0.06,0.11,0.18,0.06,0.18,"https://fbref.com/en/players/a8c0acb7/Kristoffer-Ajer"
2024,"Brentford","Premier League","Shandon Baptiste","GRN","MF","26-052",1998,10,2,229,2.5,1,1,2,1,0,0,1,0,3,5,1,0.39,0.39,0.79,0.39,0.79,0.9,0.9,0.2,1.1,0.35,0.08,0.43,0.35,0.43,"https://fbref.com/en/players/2886c9b5/Shandon-Baptiste"
2024,"Brentford","Premier League","Nathan Collins","IRL","DF","23-030",2001,32,29,2652,29.5,1,1,2,1,0,0,3,0,11,97,18,0.03,0.03,0.07,0.03,0.07,1.7,1.7,2.2,3.9,0.06,0.07,0.13,0.06,0.13,"https://fbref.com/en/players/a8c19eb8/Nathan-Collins"
2024,"Brentford","Premier League","Mikkel Damsgaard","DEN","MF","23-332",2000,23,7,842,9.4,0,2,2,0,0,0,2,0,16,61,32,0,0.21,0.21,0,0.21,0.9,0.9,1.4,2.4,0.1,0.16,0.25,0.1,0.25,"https://fbref.com/en/players/215f3907/Mikkel-Damsgaard"
2024,"Brentford","Premier League","Josh Dasilva","ENG","DF,FW","25-220",1998,3,0,24,0.3,0,0,0,0,0,0,0,0,2,2,5,0,0,0,0,0,0,0,0.2,0.2,0,0.72,0.72,0,0.72,"https://fbref.com/en/players/60344e4f/Josh-Dasilva"
2024,"Brentford","Premier League","Mark Flekken","NED","GK","30-352",1993,37,37,3285,36.5,0,1,1,0,0,0,3,0,0,5,0,0,0.03,0.03,0,0.03,0,0,0.5,0.5,0,0.01,0.01,0,0.01,"https://fbref.com/en/players/a92ab7be/Mark-Flekken"
2024,"Brentford","Premier League","Saman Ghoddos","IRN","DF","30-267",1993,19,7,739,8.2,1,0,1,1,0,0,5,0,22,36,31,0.12,0,0.12,0.12,0.12,0.3,0.3,1.1,1.4,0.04,0.13,0.17,0.04,0.17,"https://fbref.com/en/players/f7b1d4e0/Saman-Ghoddos"
2024,"Brentford","Premier League","Rico Henry","ENG","DF","26-327",1997,5,5,401,4.5,0,1,1,0,0,0,1,0,13,20,12,0,0.22,0.22,0,0.22,0.1,0.1,1,1.1,0.02,0.22,0.24,0.02,0.24,"https://fbref.com/en/players/8a3c1dc7/Rico-Henry"
2024,"Brentford","Premier League","Aaron Hickey","SCO","DF","21-355",2002,9,9,713,7.9,0,0,0,0,0,0,5,0,9,21,13,0,0,0,0,0,0.2,0.2,0.1,0.3,0.03,0.01,0.04,0.03,0.04,"https://fbref.com/en/players/1780bb4a/Aaron-Hickey"
2024,"Brentford","Premier League","Vitaly Janelt","GER","MF,DF","26-020",1998,38,37,3054,33.9,1,3,4,1,0,0,8,0,25,123,81,0.03,0.09,0.12,0.03,0.12,1.8,1.8,4.8,6.5,0.05,0.14,0.19,0.05,0.19,"https://fbref.com/en/players/8449d35e/Vitaly-Janelt"
2024,"Brentford","Premier League","Mathias Jensen","DEN","MF","28-150",1996,32,27,2204,24.5,3,3,6,3,0,0,5,0,19,123,66,0.12,0.12,0.25,0.12,0.25,0.7,0.7,4,4.7,0.03,0.16,0.19,0.03,0.19,"https://fbref.com/en/players/0f134faf/Mathias-Jensen"
2024,"Brentford","Premier League","Mathias Jørgensen","DEN","DF","34-037",1990,14,12,1087,12.1,1,0,1,1,0,0,4,0,5,50,4,0.08,0,0.08,0.08,0.08,0.7,0.7,0.9,1.7,0.06,0.08,0.14,0.06,0.14,"https://fbref.com/en/players/0db5d2c8/Mathias-Jorgensen"
2024,"Brentford","Premier League","Keane Lewis-Potter","ENG","FW,DF","23-098",2001,30,15,1441,16,3,1,4,3,0,0,0,0,56,32,135,0.19,0.06,0.25,0.19,0.25,6.3,6.3,1.7,8,0.39,0.11,0.5,0.39,0.5,"https://fbref.com/en/players/41f08ac8/Keane-Lewis-Potter"
2024,"Brentford","Premier League","Neal Maupay","FRA","FW","27-290",1996,29,13,1321,14.7,6,3,9,6,0,0,8,0,21,37,91,0.41,0.2,0.61,0.41,0.61,5.7,5.7,2.3,8.1,0.39,0.16,0.55,0.39,0.55,"https://fbref.com/en/players/4bcf39f6/Neal-Maupay"
2024,"Brentford","Premier League","Bryan Mbeumo","CMR","FW","24-297",1999,25,22,1960,21.8,9,6,15,6,3,3,2,0,74,88,195,0.41,0.28,0.69,0.28,0.55,9.8,7.4,4.6,12.1,0.45,0.21,0.66,0.34,0.55,"https://fbref.com/en/players/6afaebf2/Bryan-Mbeumo"
2024,"Brentford","Premier League","Ben Mee","ENG","DF","34-252",1989,16,15,1272,14.1,2,0,2,2,0,0,1,1,11,49,9,0.14,0,0.14,0.14,0.14,1.5,1.5,0.3,1.8,0.1,0.02,0.13,0.1,0.13,"https://fbref.com/en/players/8df7a2fb/Ben-Mee"
2024,"Brentford","Premier League","Christian Nørgaard","DEN","MF","30-081",1994,31,30,2505,27.8,2,1,3,2,0,0,8,0,15,161,42,0.07,0.04,0.11,0.07,0.11,3.5,3.5,1.9,5.4,0.12,0.07,0.19,0.12,0.19,"https://fbref.com/en/players/df0a4c90/Christian-Norgaard"
2024,"Brentford","Premier League","Michael Olakigbe","ENG","DF,FW","20-035",2004,8,0,59,0.7,0,0,0,0,0,0,0,0,10,4,17,0,0,0,0,0,0.1,0.1,0,0.1,0.18,0,0.18,0.18,0.18,"https://fbref.com/en/players/cdd70dc0/Michael-Olakigbe"
2024,"Brentford","Premier League","Frank Onyeka","NGA","MF","26-150",1998,26,11,1161,12.9,1,2,3,1,0,0,8,0,17,33,39,0.08,0.16,0.23,0.08,0.23,2.2,2.2,1.8,4,0.17,0.14,0.31,0.17,0.31,"https://fbref.com/en/players/2944f86f/Frank-Onyeka"
2024,"Brentford","Premier League","Myles Peart-Harris","ENG","DF,MF","21-255",2002,3,0,13,0.1,0,0,0,0,0,0,0,0,2,1,1,0,0,0,0,0,0,0,0,0,0,0.12,0.12,0,0.12,"https://fbref.com/en/players/ea1a5662/Myles-Peart-Harris"
2024,"Brentford","Premier League","Ethan Pinnock","JAM","DF","31-001",1993,29,28,2521,28,2,0,2,2,0,0,1,0,11,61,16,0.07,0,0.07,0.07,0.07,2,2,1,3,0.07,0.04,0.11,0.07,0.11,"https://fbref.com/en/players/e541326e/Ethan-Pinnock"
2024,"Brentford","Premier League","Sergio Reguilón","ESP","DF","27-166",1996,16,14,1118,12.4,0,4,4,0,0,0,4,1,34,38,40,0,0.32,0.32,0,0.32,0.8,0.8,2.8,3.6,0.06,0.23,0.29,0.06,0.29,"https://fbref.com/en/players/3353737a/Sergio-Reguilon"
2024,"Brentford","Premier League","Mads Roerslev","DEN","DF","24-341",1999,34,22,1985,22.1,1,2,3,1,0,0,1,0,18,43,90,0.05,0.09,0.14,0.05,0.14,0.9,0.9,1.8,2.7,0.04,0.08,0.12,0.04,0.12,"https://fbref.com/en/players/57c94db2/Mads-Roerslev"
2024,"Brentford","Premier League","Kevin Schade","GER","FW,MF","22-185",2001,11,3,333,3.7,2,1,3,2,0,0,0,0,8,9,23,0.54,0.27,0.81,0.54,0.81,1.2,1.2,0.7,1.9,0.32,0.19,0.52,0.32,0.52,"https://fbref.com/en/players/52afb588/Kevin-Schade"
2024,"Brentford","Premier League","Thomas Strakosha","ALB","GK","29-072",1995,2,1,135,1.5,0,0,0,0,0,0,0,0,0,0,0,0,0,0,0,0,0,0,0,0,0,0,0,0,0,"https://fbref.com/en/players/339fe0e8/Thomas-Strakosha"
2024,"Brentford","Premier League","Ivan Toney","ENG","FW","28-075",1996,17,16,1450,16.1,4,2,6,4,0,0,5,0,23,40,98,0.25,0.12,0.37,0.25,0.37,6,6,1.5,7.4,0.37,0.09,0.46,0.37,0.46,"https://fbref.com/en/players/e09f279b/Ivan-Toney"
2024,"Brentford","Premier League","Yoane Wissa","COD","FW","27-270",1996,34,29,2493,27.7,12,3,15,12,0,0,7,0,45,48,150,0.43,0.11,0.54,0.43,0.54,10.6,10.6,3.9,14.5,0.38,0.14,0.52,0.38,0.52,"https://fbref.com/en/players/2500cef9/Yoane-Wissa"
2024,"Brentford","Premier League","Yehor Yarmoliuk","UKR","MF","20-090",2004,27,6,688,7.6,0,0,0,0,0,0,2,0,13,35,36,0,0,0,0,0,1,1,0.1,1.1,0.13,0.01,0.14,0.13,0.14,"https://fbref.com/en/players/907a5d7c/Yehor-Yarmoliuk"
2024,"Brighton","Premier League","Simon Adingra","CIV","FW","22-150",2002,31,25,2222,24.7,6,1,7,6,0,0,3,0,111,50,278,0.24,0.04,0.28,0.24,0.28,4.3,4.3,3.7,8,0.17,0.15,0.32,0.17,0.32,"https://fbref.com/en/players/4dcec659/Simon-Adingra"
2024,"Brighton","Premier League","Carlos Baleba","CMR","MF","20-148",2004,27,15,1325,14.7,0,0,0,0,0,0,7,0,19,50,9,0,0,0,0,0,0.8,0.8,0.3,1.1,0.06,0.02,0.08,0.06,0.08,"https://fbref.com/en/players/a1390d2f/Carlos-Baleba"
2024,"Brighton","Premier League","Valentín Barco","ARG","DF,FW","19-312",2004,6,3,307,3.4,0,0,0,0,0,0,1,0,8,14,20,0,0,0,0,0,0.2,0.2,0.2,0.4,0.05,0.07,0.13,0.05,0.13,"https://fbref.com/en/players/b9f282ec/Valentin-Barco"
2024,"Brighton","Premier League","Benicio Boaitey","ENG","FW,DF","20-142",2004,5,0,40,0.4,0,0,0,0,0,0,1,0,1,2,2,0,0,0,0,0,0,0,0.1,0.1,0.05,0.13,0.19,0.05,0.19,"https://fbref.com/en/players/4c5835e6/Benicio-Boaitey"
2024,"Brighton","Premier League","Facundo Buonanotte","ARG","FW,MF","19-159",2004,27,17,1364,15.2,3,1,4,3,0,0,7,0,23,42,69,0.2,0.07,0.26,0.2,0.26,2.4,2.4,1.8,4.2,0.16,0.12,0.28,0.16,0.28,"https://fbref.com/en/players/468a7a91/Facundo-Buonanotte"
2024,"Brighton","Premier League","Mahmoud Dahoud","GER","MF","28-150",1996,9,6,452,5,0,1,1,0,0,0,1,1,4,11,6,0,0.2,0.2,0,0.2,0.2,0.2,0.9,1.1,0.04,0.18,0.22,0.04,0.22,"https://fbref.com/en/players/db4ed67b/Mahmoud-Dahoud"
2024,"Brighton","Premier League","Lewis Dunk","ENG","DF","32-191",1991,33,33,2869,31.9,3,1,4,3,0,0,7,1,33,152,13,0.09,0.03,0.13,0.09,0.13,3.1,3.1,0.9,4,0.1,0.03,0.12,0.1,0.12,"https://fbref.com/en/players/282f75f3/Lewis-Dunk"
2024,"Brighton","Premier League","Julio Enciso","PAR","MF,FW","20-128",2004,12,5,475,5.3,0,2,2,0,0,0,2,0,28,21,29,0,0.38,0.38,0,0.38,1.4,1.4,1.7,3.2,0.27,0.32,0.59,0.27,0.59,"https://fbref.com/en/players/9cfbad36/Julio-Enciso"
2024,"Brighton","Premier League","Pervis Estupiñán","ECU","DF","26-130",1998,19,15,1243,13.8,2,3,5,2,0,0,4,0,47,83,88,0.14,0.22,0.36,0.14,0.36,1,1,3.5,4.4,0.07,0.25,0.32,0.07,0.32,"https://fbref.com/en/players/d38fdf53/Pervis-Estupinan"
2024,"Brighton","Premier League","Ansu Fati","ESP","MF,FW","21-212",2002,19,3,521,5.8,2,0,2,2,0,0,2,0,16,28,50,0.35,0,0.35,0.35,0.35,3.4,3.4,0.8,4.2,0.59,0.14,0.73,0.59,0.73,"https://fbref.com/en/players/0ba976e4/Ansu-Fati"
2024,"Brighton","Premier League","Evan Ferguson","IRL","FW","19-224",2004,27,15,1367,15.2,6,0,6,6,0,0,1,0,13,15,62,0.4,0,0.4,0.4,0.4,4.6,4.6,0.5,5.1,0.3,0.04,0.34,0.3,0.34,"https://fbref.com/en/players/4596da74/Evan-Ferguson"
2024,"Brighton","Premier League","Billy Gilmour","SCO","MF","22-354",2001,30,24,2120,23.6,0,1,1,0,0,0,8,1,39,193,33,0,0.04,0.04,0,0.04,1,1,2,3,0.04,0.09,0.13,0.04,0.13,"https://fbref.com/en/players/df10e27c/Billy-Gilmour"
2024,"Brighton","Premier League","Pascal Groß","GER","MF,DF","32-350",1991,36,34,3114,34.6,4,10,14,3,1,1,6,0,83,302,180,0.12,0.29,0.4,0.09,0.38,6.5,5.7,8.1,13.8,0.19,0.24,0.42,0.16,0.4,"https://fbref.com/en/players/8aec0537/Pascal-Gross"
2024,"Brighton","Premier League","Jan Paul van Hecke","NED","DF","23-357",2000,28,26,2369,26.3,0,0,0,0,0,0,4,0,25,147,7,0,0,0,0,0,1.2,1.2,0.9,2.1,0.05,0.03,0.08,0.05,0.08,"https://fbref.com/en/players/4fd08daa/Jan-Paul-van-Hecke"
2024,"Brighton","Premier League","Jack Hinshelwood","ENG","DF","19-049",2005,12,8,869,9.7,3,0,3,3,0,0,1,0,16,19,38,0.31,0,0.31,0.31,0.31,1.9,1.9,0.7,2.5,0.19,0.07,0.26,0.19,0.26,"https://fbref.com/en/players/e98211e7/Jack-Hinshelwood"
2024,"Brighton","Premier League","Igor","BRA","DF","26-113",1998,24,17,1637,18.2,0,0,0,0,0,0,4,0,30,107,12,0,0,0,0,0,0.3,0.3,0.7,1,0.02,0.04,0.05,0.02,0.05,"https://fbref.com/en/players/a4e85758/Igor"
2024,"Brighton","Premier League","João Pedro","BRA","FW,MF","22-247",2001,31,19,2045,22.7,9,3,12,5,4,5,2,0,83,92,205,0.4,0.13,0.53,0.22,0.35,11.9,7.9,3.8,11.7,0.53,0.17,0.69,0.35,0.51,"https://fbref.com/en/players/e8832875/Joao-Pedro"
2024,"Brighton","Premier League","Adam Lallana","ENG","MF,FW","36-020",1988,25,13,850,9.4,0,1,1,0,0,0,2,0,9,39,55,0,0.11,0.11,0,0.11,0.8,0.8,1.7,2.5,0.09,0.18,0.27,0.09,0.27,"https://fbref.com/en/players/99813635/Adam-Lallana"
2024,"Brighton","Premier League","Tariq Lamptey","GHA","DF,FW","23-243",2000,19,10,914,10.2,0,3,3,0,0,0,3,0,39,17,64,0,0.3,0.3,0,0.3,0.4,0.4,1.2,1.7,0.04,0.12,0.16,0.04,0.16,"https://fbref.com/en/players/f4e433d4/Tariq-Lamptey"
2024,"Brighton","Premier League","Solly March","ENG","FW,DF","29-315",1994,7,7,554,6.2,3,1,4,3,0,0,1,0,14,24,44,0.49,0.16,0.65,0.49,0.65,2,2,1,2.9,0.32,0.16,0.47,0.32,0.47,"https://fbref.com/en/players/bb5fbd2b/Solly-March"
2024,"Brighton","Premier League","James Milner","ENG","DF,MF","38-147",1986,15,11,773,8.6,0,2,2,0,0,0,3,0,11,69,73,0,0.23,0.23,0,0.23,0.3,0.3,1.8,2,0.03,0.21,0.24,0.03,0.24,"https://fbref.com/en/players/2f90f6b8/James-Milner"
2024,"Brighton","Premier League","Kaoru Mitoma","JPN","FW","27-010",1997,19,15,1486,16.5,3,4,7,3,0,0,4,0,121,64,239,0.18,0.24,0.42,0.18,0.42,3.5,3.5,2.7,6.2,0.21,0.16,0.37,0.21,0.37,"https://fbref.com/en/players/74618572/Kaoru-Mitoma"
2024,"Brighton","Premier League","Jakub Moder","POL","MF,DF","25-053",1999,17,6,618,6.9,0,0,0,0,0,0,2,0,10,23,26,0,0,0,0,0,0.6,0.6,0.8,1.3,0.08,0.11,0.2,0.08,0.2,"https://fbref.com/en/players/f230bc30/Jakub-Moder"
2024,"Brighton","Premier League","Mark O'Mahony","IRL","FW","19-137",2005,3,1,63,0.7,0,0,0,0,0,0,1,0,0,0,0,0,0,0,0,0,0.1,0.1,0,0.1,0.08,0,0.08,0.08,0.08,"https://fbref.com/en/players/a3afdd69/Mark-OMahony"
2024,"Brighton","Premier League","Odeluga Offiah","ENG","DF","21-217",2002,4,1,128,1.4,0,0,0,0,0,0,0,0,9,4,9,0,0,0,0,0,0,0,0,0,0,0,0,0,0,"https://fbref.com/en/players/65c3efa2/Odeluga-Offiah"
2024,"Brighton","Premier League","Jason Steele","ENG","GK","33-286",1990,17,17,1530,17,0,0,0,0,0,0,0,0,0,0,0,0,0,0,0,0,0,0,0,0,0,0,0,0,0,"https://fbref.com/en/players/28300a16/Jason-Steele"
2024,"Brighton","Premier League","Joël Veltman","NED","DF","32-136",1992,27,17,1588,17.6,1,1,2,1,0,0,4,0,24,85,54,0.06,0.06,0.11,0.06,0.11,0.4,0.4,0.5,0.9,0.02,0.03,0.05,0.02,0.05,"https://fbref.com/en/players/dad4b285/Joel-Veltman"
2024,"Brighton","Premier League","Bart Verbruggen","NED","GK","21-286",2002,21,21,1890,21,0,0,0,0,0,0,3,0,0,3,0,0,0,0,0,0,0,0,0,0,0,0,0,0,0,"https://fbref.com/en/players/cf134113/Bart-Verbruggen"
2024,"Brighton","Premier League","Adam Webster","ENG","DF","29-147",1995,15,13,1144,12.7,0,0,0,0,0,0,2,0,16,80,2,0,0,0,0,0,0.4,0.4,0.1,0.6,0.03,0.01,0.05,0.03,0.05,"https://fbref.com/en/players/c40b6180/Adam-Webster"
2024,"Brighton","Premier League","Danny Welbeck","ENG","FW,MF","33-186",1990,29,21,1693,18.8,5,1,6,5,0,0,4,0,32,44,100,0.27,0.05,0.32,0.27,0.32,5.3,5.3,1.7,7,0.28,0.09,0.37,0.28,0.37,"https://fbref.com/en/players/ce5143da/Danny-Welbeck"
2024,"Burnley","Premier League","Zeki Amdouni","SUI","FW","23-178",2000,34,27,1953,21.7,5,1,6,4,1,1,2,0,63,49,93,0.23,0.05,0.28,0.18,0.23,5.8,5,1.4,6.5,0.27,0.07,0.33,0.23,0.3,"https://fbref.com/en/players/2ee5b0c9/Zeki-Amdouni"
2024,"Burnley","Premier League","Lorenz Assignon","TOG","DF","23-343",2000,15,15,1234,13.7,1,2,3,1,0,0,5,1,38,34,57,0.07,0.15,0.22,0.07,0.22,0.4,0.4,2.6,3,0.03,0.19,0.22,0.03,0.22,"https://fbref.com/en/players/b026bbf6/Lorenz-Assignon"
2024,"Burnley","Premier League","Jóhann Berg Guðmundsson","ISL","MF,FW","33-216",1990,26,12,1192,13.2,1,3,4,1,0,0,2,0,13,59,69,0.08,0.23,0.3,0.08,0.3,1.9,1.9,2.7,4.5,0.14,0.2,0.34,0.14,0.34,"https://fbref.com/en/players/f72293fc/Johann-Berg-Gudmundsson"
2024,"Burnley","Premier League","Sander Berge","NOR","MF","26-106",1998,37,34,3005,33.4,1,2,3,1,0,0,10,1,64,164,29,0.03,0.06,0.09,0.03,0.09,1.9,1.9,2.4,4.3,0.06,0.07,0.13,0.06,0.13,"https://fbref.com/en/players/d0b6129f/Sander-Berge"
2024,"Burnley","Premier League","Jordan Beyer","GER","DF","24-011",2000,15,15,1234,13.7,0,1,1,0,0,0,6,0,9,25,1,0,0.07,0.07,0,0.07,0.5,0.5,0.3,0.8,0.04,0.02,0.06,0.04,0.06,"https://fbref.com/en/players/9af1f9ff/Jordan-Beyer"
2024,"Burnley","Premier League","Josh Brownhill","ENG","MF","28-163",1995,33,23,2252,25,4,2,6,4,0,0,4,1,19,90,36,0.16,0.08,0.24,0.16,0.24,1.9,1.9,2.1,4,0.08,0.08,0.16,0.08,0.16,"https://fbref.com/en/players/47369df8/Josh-Brownhill"
2024,"Burnley","Premier League","Jacob Bruun Larsen","DEN","MF,FW","25-254",1998,32,16,1249,13.9,6,0,6,5,1,1,1,0,61,38,146,0.43,0,0.43,0.36,0.36,5,4.2,1.5,5.7,0.36,0.1,0.46,0.3,0.41,"https://fbref.com/en/players/4e204552/Jacob-Bruun-Larsen"
2024,"Burnley","Premier League","Jack Cork","ENG","MF","34-340",1989,4,0,27,0.3,0,0,0,0,0,0,0,0,4,4,1,0,0,0,0,0,0,0,0,0,0,0,0,0,0,"https://fbref.com/en/players/74e12f1e/Jack-Cork"
2024,"Burnley","Premier League","Josh Cullen","IRL","MF","28-053",1996,25,23,2057,22.9,2,3,5,2,0,0,9,0,22,123,22,0.09,0.13,0.22,0.09,0.22,0.6,0.6,1.8,2.4,0.03,0.08,0.11,0.03,0.11,"https://fbref.com/en/players/f6d7d690/Josh-Cullen"
2024,"Burnley","Premier League","Ameen Al-Dakhil","BEL","DF","22-085",2002,13,12,1056,11.7,1,0,1,1,0,0,1,0,7,35,9,0.09,0,0.09,0.09,0.09,1.3,1.3,0.1,1.4,0.11,0.01,0.12,0.11,0.12,"https://fbref.com/en/players/93e08bce/Ameen-Al-Dakhil"
2024,"Burnley","Premier League","David Datro Fofana","CIV","FW","21-160",2002,15,10,879,9.8,4,1,5,4,0,0,1,0,21,15,39,0.41,0.1,0.51,0.41,0.51,4.5,4.5,1.8,6.4,0.46,0.19,0.65,0.46,0.65,"https://fbref.com/en/players/e82900ef/David-Datro-Fofana"
2024,"Burnley","Premier League","Hannes Delcroix","BEL","DF","25-092",1999,12,5,589,6.5,0,0,0,0,0,0,2,0,2,18,6,0,0,0,0,0,0.4,0.4,0.2,0.6,0.05,0.03,0.09,0.05,0.09,"https://fbref.com/en/players/b737f944/Hannes-Delcroix"
2024,"Burnley","Premier League","Hjalmar Ekdal","SWE","DF","25-222",1998,8,5,437,4.9,0,0,0,0,0,0,2,0,5,11,1,0,0,0,0,0,0.1,0.1,0.1,0.1,0.01,0.01,0.03,0.01,0.03,"https://fbref.com/en/players/3d554589/Hjalmar-Ekdal"
2024,"Burnley","Premier League","Maxime Estève","FRA","DF","22-004",2002,16,15,1309,14.5,0,0,0,0,0,0,6,0,15,40,3,0,0,0,0,0,0.3,0.3,0,0.3,0.02,0,0.02,0.02,0.02,"https://fbref.com/en/players/1a066e69/Maxime-Esteve"
2024,"Burnley","Premier League","Lyle Foster","RSA","FW,MF","23-270",2000,24,22,1899,21.1,5,3,8,5,0,0,0,1,55,37,104,0.24,0.14,0.38,0.24,0.38,4.5,4.5,1.9,6.4,0.21,0.09,0.3,0.21,0.3,"https://fbref.com/en/players/f84a807c/Lyle-Foster"
2024,"Burnley","Premier League","Luca Koleosho","ITA","MF,FW","19-258",2004,15,13,974,10.8,1,1,2,1,0,0,0,0,53,19,82,0.09,0.09,0.18,0.09,0.18,2,2,1.3,3.3,0.18,0.12,0.3,0.18,0.3,"https://fbref.com/en/players/fc076f78/Luca-Koleosho"
2024,"Burnley","Premier League","Benson Manuel","BEL","MF,FW","27-063",1997,8,1,116,1.3,0,0,0,0,0,0,0,0,5,2,14,0,0,0,0,0,0.1,0.1,0,0.1,0.05,0.03,0.08,0.05,0.08,"https://fbref.com/en/players/d7f99582/Benson-Manuel"
2024,"Burnley","Premier League","Han-Noah Massengo","FRA","MF,DF","22-328",2001,3,0,16,0.2,0,0,0,0,0,0,0,0,2,0,0,0,0,0,0,0,0,0,0,0,0,0,0,0,0,"https://fbref.com/en/players/eba1e557/Han-Noah-Massengo"
2024,"Burnley","Premier League","Arijanet Muric","KVX","GK","25-205",1998,10,10,900,10,0,0,0,0,0,0,0,0,0,1,0,0,0,0,0,0,0,0,0.2,0.2,0,0.02,0.02,0,0.02,"https://fbref.com/en/players/99aa1a84/Arijanet-Muric"
2024,"Burnley","Premier League","Dara O'Shea","IRL","DF","25-087",1999,33,32,2892,32.1,3,4,7,3,0,0,5,1,32,122,10,0.09,0.12,0.22,0.09,0.22,0.7,0.7,2,2.7,0.02,0.06,0.08,0.02,0.08,"https://fbref.com/en/players/1d042188/Dara-OShea"
2024,"Burnley","Premier League","Michael Obafemi","IRL","FW,MF","23-329",2000,2,0,20,0.2,0,0,0,0,0,0,0,0,0,0,3,0,0,0,0,0,0.1,0.1,0,0.1,0.4,0,0.4,0.4,0.4,"https://fbref.com/en/players/caa1a7f0/Michael-Obafemi"
2024,"Burnley","Premier League","Wilson Odobert","FRA","MF,FW","19-184",2004,29,25,2098,23.3,3,2,5,3,0,0,3,0,102,58,123,0.13,0.09,0.21,0.13,0.21,2.8,2.8,3.3,6.1,0.12,0.14,0.26,0.12,0.26,"https://fbref.com/en/players/35516eac/Wilson-Odobert"
2024,"Burnley","Premier League","Aaron Ramsey","ENG","MF,FW","21-130",2003,14,5,527,5.9,0,0,0,0,0,0,1,0,8,8,17,0,0,0,0,0,0.3,0.3,0.4,0.7,0.06,0.07,0.13,0.06,0.13,"https://fbref.com/en/players/e1618c22/Aaron-Ramsey"
2024,"Burnley","Premier League","Nathan Redmond","ENG","FW,MF","30-085",1994,12,0,142,1.6,0,0,0,0,0,0,1,0,7,8,22,0,0,0,0,0,0,0,0.3,0.3,0,0.19,0.19,0,0.19,"https://fbref.com/en/players/ab651565/Nathan-Redmond"
2024,"Burnley","Premier League","Connor Roberts","WAL","DF","28-250",1995,14,8,823,9.1,0,1,1,0,0,0,5,1,6,38,13,0,0.11,0.11,0,0.11,0,0,0.2,0.2,0,0.02,0.02,0,0.02,"https://fbref.com/en/players/24fae784/Connor-Roberts"
2024,"Burnley","Premier League","Jay Rodriguez","ENG","FW","34-306",1989,21,7,822,9.1,2,1,3,1,1,1,0,0,2,17,28,0.22,0.11,0.33,0.11,0.22,3.5,2.7,0.2,2.9,0.38,0.02,0.4,0.3,0.32,"https://fbref.com/en/players/4ab53cdb/Jay-Rodriguez"
2024,"Burnley","Premier League","Charlie Taylor","ENG","DF","30-255",1993,28,25,2331,25.9,1,1,2,1,0,0,8,0,36,82,81,0.04,0.04,0.08,0.04,0.08,0.2,0.2,1.2,1.5,0.01,0.05,0.06,0.01,0.06,"https://fbref.com/en/players/cc2d7ad5/Charlie-Taylor"
2024,"Burnley","Premier League","James Trafford","ENG","GK","21-233",2002,28,28,2520,28,0,0,0,0,0,0,2,0,0,6,0,0,0,0,0,0,0,0,0,0,0,0,0,0,0,"https://fbref.com/en/players/259fea27/James-Trafford"
2024,"Burnley","Premier League","Mike Trésor","BEL","FW,MF","25-002",1999,16,3,420,4.7,0,0,0,0,0,0,0,0,15,10,31,0,0,0,0,0,0.5,0.5,0.4,0.9,0.1,0.08,0.18,0.1,0.18,"https://fbref.com/en/players/b2a81fc6/Mike-Tresor"
2024,"Burnley","Premier League","Vitinho","BRA","DF,MF","24-312",1999,32,26,2314,25.7,0,2,2,0,0,0,1,0,59,66,110,0,0.08,0.08,0,0.08,1.6,1.6,1.3,2.9,0.06,0.05,0.11,0.06,0.11,"https://fbref.com/en/players/9295dc1c/Vitinho"
2024,"Burnley","Premier League","Anass Zaroury","MAR","FW,MF","23-205",2000,6,1,152,1.7,0,0,0,0,0,0,0,1,2,2,12,0,0,0,0,0,0.2,0.2,0,0.2,0.1,0.02,0.12,0.1,0.12,"https://fbref.com/en/players/07d65234/Anass-Zaroury"
2024,"Chelsea","Premier League","Joshua Acheampong","ENG","DF","18-025",2006,1,0,6,0.1,0,0,0,0,0,0,0,0,0,0,0,0,0,0,0,0,0,0,0,0,0,0,0,0,0,"https://fbref.com/en/players/b7e62e1d/Joshua-Acheampong"
2024,"Chelsea","Premier League","Benoît Badiashile","FRA","DF","23-065",2001,18,15,1338,14.9,0,1,1,0,0,0,3,0,3,46,3,0,0.07,0.07,0,0.07,0.3,0.3,1.5,1.8,0.02,0.1,0.12,0.02,0.12,"https://fbref.com/en/players/06df8256/Benoit-Badiashile"
2024,"Chelsea","Premier League","Armando Broja","ALB","FW","22-263",2001,13,6,454,5,1,0,1,1,0,0,0,0,11,6,37,0.2,0,0.2,0.2,0.2,2.4,2.4,0.2,2.5,0.47,0.03,0.5,0.47,0.5,"https://fbref.com/en/players/97220da2/Armando-Broja"
2024,"Chelsea","Premier League","Mason Burstow","ENG","FW","20-300",2003,2,0,9,0.1,0,0,0,0,0,0,0,0,0,0,1,0,0,0,0,0,0,0,0,0,0,0,0,0,0,"https://fbref.com/en/players/dab84ad2/Mason-Burstow"
2024,"Chelsea","Premier League","Moisés Caicedo","ECU","MF","22-210",2001,35,33,2866,31.8,1,3,4,1,0,0,11,0,27,173,27,0.03,0.09,0.13,0.03,0.13,0.4,0.4,2.6,3,0.01,0.08,0.09,0.01,0.09,"https://fbref.com/en/players/16264a81/Moises-Caicedo"
2024,"Chelsea","Premier League","Cesare Casadei","ITA","FW,MF","21-141",2003,11,0,79,0.9,0,0,0,0,0,0,0,0,1,3,3,0,0,0,0,0,0,0,0.1,0.1,0,0.12,0.12,0,0.12,"https://fbref.com/en/players/fb920f3a/Cesare-Casadei"
2024,"Chelsea","Premier League","Trevoh Chalobah","ENG","DF","24-330",1999,13,10,952,10.6,1,0,1,1,0,0,1,0,5,31,9,0.09,0,0.09,0.09,0.09,0.2,0.2,0.1,0.3,0.02,0.01,0.02,0.02,0.02,"https://fbref.com/en/players/5515376c/Trevoh-Chalobah"
2024,"Chelsea","Premier League","Ben Chilwell","ENG","DF","27-161",1996,13,9,756,8.4,0,1,1,0,0,0,5,0,22,25,59,0,0.12,0.12,0,0.12,1.2,1.2,2.2,3.4,0.14,0.26,0.41,0.14,0.41,"https://fbref.com/en/players/d2424d1b/Ben-Chilwell"
2024,"Chelsea","Premier League","Carney Chukwuemeka","ENG","MF,FW","20-223",2003,9,2,227,2.5,1,1,2,1,0,0,2,0,4,12,19,0.4,0.4,0.79,0.4,0.79,0.2,0.2,0.3,0.5,0.06,0.13,0.19,0.06,0.19,"https://fbref.com/en/players/b2f9c73e/Carney-Chukwuemeka"
2024,"Chelsea","Premier League","Levi Colwill","ENG","DF","21-094",2003,23,20,1797,20,1,1,2,1,0,0,2,0,23,73,27,0.05,0.05,0.1,0.05,0.1,1.3,1.3,1.2,2.5,0.06,0.06,0.12,0.06,0.12,"https://fbref.com/en/players/700783e7/Levi-Colwill"
2024,"Chelsea","Premier League","Marc Cucurella","ESP","DF","25-313",1998,21,20,1782,19.8,0,2,2,0,0,0,10,0,31,50,73,0,0.1,0.1,0,0.1,1.1,1.1,1.1,2.2,0.06,0.05,0.11,0.06,0.11,"https://fbref.com/en/players/1daec722/Marc-Cucurella"
2024,"Chelsea","Premier League","Axel Disasi","FRA","DF","26-080",1998,31,29,2579,28.7,2,0,2,2,0,0,6,0,30,112,21,0.07,0,0.07,0.07,0.07,2.4,2.4,0.3,2.7,0.08,0.01,0.09,0.08,0.09,"https://fbref.com/en/players/ad82197c/Axel-Disasi"
2024,"Chelsea","Premier League","Enzo Fernández","ARG","MF","23-134",2001,28,26,2209,24.5,3,2,5,2,1,2,7,0,52,210,54,0.12,0.08,0.2,0.08,0.16,6.2,4.6,3.4,8,0.25,0.14,0.39,0.19,0.33,"https://fbref.com/en/players/5ff4ab71/Enzo-Fernandez"
2024,"Chelsea","Premier League","Conor Gallagher","ENG","MF","24-114",2000,37,37,3128,34.8,5,7,12,5,0,0,9,1,62,172,122,0.14,0.2,0.35,0.14,0.35,4.2,4.2,5,9.2,0.12,0.15,0.27,0.12,0.27,"https://fbref.com/en/players/c2731c10/Conor-Gallagher"
2024,"Chelsea","Premier League","Alfie Gilchrist","ENG","DF","20-184",2003,11,2,207,2.3,1,0,1,1,0,0,1,0,1,7,4,0.43,0,0.43,0.43,0.43,0.3,0.3,0,0.3,0.14,0,0.14,0.14,0.14,"https://fbref.com/en/players/d91f104d/Alfie-Gilchrist"
2024,"Chelsea","Premier League","Malo Gusto","FRA","DF","21-011",2003,27,19,1751,19.5,0,6,6,0,0,0,7,1,78,86,135,0,0.31,0.31,0,0.31,0.9,0.9,4.3,5.2,0.05,0.22,0.27,0.05,0.27,"https://fbref.com/en/players/d56b9520/Malo-Gusto"
2024,"Chelsea","Premier League","Nicolas Jackson","SEN","FW","22-345",2001,35,31,2799,31.1,14,5,19,14,0,0,10,0,70,67,200,0.45,0.16,0.61,0.45,0.61,18.6,18.6,4.3,22.9,0.6,0.14,0.74,0.6,0.74,"https://fbref.com/en/players/9c36ed83/Nicolas-Jackson"
2024,"Chelsea","Premier League","Reece James","ENG","DF","24-174",1999,10,5,419,4.7,0,2,2,0,0,0,2,2,19,21,35,0,0.43,0.43,0,0.43,0.3,0.3,1.7,2.1,0.07,0.37,0.44,0.07,0.44,"https://fbref.com/en/players/1265a93a/Reece-James"
2024,"Chelsea","Premier League","Roméo Lavia","BEL","MF","20-145",2004,1,0,33,0.4,0,0,0,0,0,0,0,0,0,1,0,0,0,0,0,0,0,0,0,0,0,0,0,0,0,"https://fbref.com/en/players/ecad9aa5/Romeo-Lavia"
2024,"Chelsea","Premier League","Ian Maatsen","NED","FW,MF","22-081",2002,12,1,209,2.3,0,0,0,0,0,0,1,0,9,8,15,0,0,0,0,0,0.8,0.8,0.1,0.9,0.35,0.04,0.39,0.35,0.39,"https://fbref.com/en/players/cab9634e/Ian-Maatsen"
2024,"Chelsea","Premier League","Noni Madueke","ENG","FW","22-081",2002,23,13,1053,11.7,5,2,7,4,1,1,2,0,76,52,136,0.43,0.17,0.6,0.34,0.51,2.5,1.7,2.6,4.3,0.21,0.23,0.44,0.14,0.37,"https://fbref.com/en/players/bf34eebd/Noni-Madueke"
2024,"Chelsea","Premier League","Alex Matos","ENG","MF","19-240",2004,1,0,1,0,0,0,0,0,0,0,0,0,0,0,0,0,0,0,0,0,0,0,0,0,0,0,0,0,0,"https://fbref.com/en/players/ed383e43/Alex-Matos"
2024,"Chelsea","Premier League","Mykhailo Mudryk","UKR","FW","23-146",2001,31,18,1576,17.5,5,2,7,5,0,0,5,0,92,45,139,0.29,0.11,0.4,0.29,0.4,4.4,4.4,4.1,8.5,0.25,0.23,0.48,0.25,0.48,"https://fbref.com/en/players/049a888d/Mykhailo-Mudryk"
2024,"Chelsea","Premier League","Christopher Nkunku","FRA","FW,MF","26-198",1997,11,2,443,4.9,3,0,3,3,0,0,0,0,10,19,35,0.61,0,0.61,0.61,0.61,2.3,2.3,0.2,2.5,0.47,0.05,0.52,0.47,0.52,"https://fbref.com/en/players/7c56da38/Christopher-Nkunku"
2024,"Chelsea","Premier League","Cole Palmer","ENG","FW,MF","22-024",2002,33,29,2607,29,22,11,33,13,9,9,7,0,117,197,195,0.76,0.38,1.14,0.45,0.83,18.2,11.1,11.1,22.2,0.63,0.38,1.01,0.38,0.77,"https://fbref.com/en/players/dc7f8a28/Cole-Palmer"
2024,"Chelsea","Premier League","Đorđe Petrović","SRB","GK","24-235",1999,23,22,1987,22.1,0,0,0,0,0,0,2,0,0,1,0,0,0,0,0,0,0,0,0,0,0,0,0,0,0,"https://fbref.com/en/players/0cf321c8/Djordje-Petrovic"
2024,"Chelsea","Premier League","Robert Sánchez","ESP","GK","26-194",1997,16,16,1433,15.9,0,0,0,0,0,0,2,0,0,1,0,0,0,0,0,0,0,0,0,0,0,0,0,0,0,"https://fbref.com/en/players/6a713852/Robert-Sanchez"
2024,"Chelsea","Premier League","Thiago Silva","BRA","DF","39-251",1984,31,28,2527,28.1,3,1,4,3,0,0,4,0,2,102,5,0.11,0.04,0.14,0.11,0.14,0.8,0.8,1,1.8,0.03,0.04,0.06,0.03,0.06,"https://fbref.com/en/players/86e7deaf/Thiago-Silva"
2024,"Chelsea","Premier League","Raheem Sterling","ENG","FW,MF","29-174",1994,31,22,1978,22,8,4,12,8,0,0,7,0,120,78,242,0.36,0.18,0.55,0.36,0.55,6.5,6.5,4.5,11,0.29,0.2,0.5,0.29,0.5,"https://fbref.com/en/players/b400bde0/Raheem-Sterling"
2024,"Chelsea","Premier League","Jimi Tauriainen","ENG","FW","20-083",2004,1,0,1,0,0,0,0,0,0,0,0,0,0,0,0,0,0,0,0,0,0,0,0,0,0,0,0,0,0,"https://fbref.com/en/players/cac9e583/Jimi-Tauriainen"
2024,"Chelsea","Premier League","Lesley Ugochukwu","FRA","MF","20-065",2004,12,3,301,3.3,0,0,0,0,0,0,2,0,8,17,3,0,0,0,0,0,0,0,0.1,0.1,0,0.03,0.03,0,0.03,"https://fbref.com/en/players/1df4a109/Lesley-Ugochukwu"
2024,"Chelsea","Premier League","Deivid Washington","BRA","DF,FW","18-360",2005,2,0,13,0.1,0,0,0,0,0,0,0,0,0,0,1,0,0,0,0,0,0.5,0.5,0,0.5,3.23,0,3.23,3.23,3.23,"https://fbref.com/en/players/95bd120d/Deivid-Washington"
2024,"Crystal Palace","Premier League","Naouirou Ahamada","FRA","MF,FW","22-062",2002,20,0,349,3.9,0,0,0,0,0,0,4,1,19,25,20,0,0,0,0,0,0.5,0.5,0,0.5,0.13,0.01,0.13,0.13,0.13,"https://fbref.com/en/players/a6c58494/Naouirou-Ahamada"
2024,"Crystal Palace","Premier League","Joachim Andersen","DEN","DF","27-365",1996,38,38,3415,37.9,2,3,5,2,0,0,7,0,21,147,10,0.05,0.08,0.13,0.05,0.13,1.7,1.7,2.8,4.5,0.04,0.07,0.12,0.04,0.12,"https://fbref.com/en/players/e34fc66d/Joachim-Andersen"
2024,"Crystal Palace","Premier League","Jordan Ayew","GHA","FW,MF","32-262",1991,35,30,2543,28.3,4,7,11,4,0,0,9,1,74,63,173,0.14,0.25,0.39,0.14,0.39,3.9,3.9,4.2,8.1,0.14,0.15,0.29,0.14,0.29,"https://fbref.com/en/players/da052c14/Jordan-Ayew"
2024,"Crystal Palace","Premier League","Nathaniel Clyne","ENG","DF","33-055",1991,19,14,1338,14.9,0,0,0,0,0,0,0,0,10,33,18,0,0,0,0,0,0.2,0.2,0.2,0.4,0.01,0.01,0.03,0.01,0.03,"https://fbref.com/en/players/0442183b/Nathaniel-Clyne"
2024,"Crystal Palace","Premier League","Cheick Doucouré","MLI","MF","24-143",2000,11,11,919,10.2,0,0,0,0,0,0,2,0,9,49,5,0,0,0,0,0,0.3,0.3,0.7,1,0.03,0.07,0.1,0.03,0.1,"https://fbref.com/en/players/ce4f40c7/Cheick-Doucoure"
2024,"Crystal Palace","Premier League","Odsonne Édouard","FRA","FW,MF","26-135",1998,30,17,1555,17.3,7,0,7,7,0,0,4,0,33,36,100,0.41,0,0.41,0.41,0.41,6.2,6.2,1.2,7.4,0.36,0.07,0.43,0.36,0.43,"https://fbref.com/en/players/0562b7f1/Odsonne-Edouard"
2024,"Crystal Palace","Premier League","Eberechi Eze","ENG","MF,FW","25-336",1998,27,24,2055,22.8,11,4,15,10,1,1,3,0,68,93,139,0.48,0.18,0.66,0.44,0.61,9.1,8.3,5.2,13.5,0.4,0.23,0.62,0.36,0.59,"https://fbref.com/en/players/ae4fc6a4/Eberechi-Eze"
2024,"Crystal Palace","Premier League","Matheus França","BRA","MF,FW","20-059",2004,10,1,232,2.6,0,1,1,0,0,0,1,0,12,8,12,0,0.39,0.39,0,0.39,0.4,0.4,0.9,1.2,0.14,0.34,0.48,0.14,0.48,"https://fbref.com/en/players/077faf72/Matheus-Franca"
2024,"Crystal Palace","Premier League","Marc Guéhi","ENG","DF","23-322",2000,25,23,2021,22.5,0,1,1,0,0,0,2,0,15,67,7,0,0.04,0.04,0,0.04,0.6,0.6,0.6,1.2,0.03,0.03,0.05,0.03,0.05,"https://fbref.com/en/players/d0706b27/Marc-Guehi"
2024,"Crystal Palace","Premier League","Dean Henderson","ENG","GK","27-079",1997,18,18,1620,18,0,0,0,0,0,0,2,0,0,0,0,0,0,0,0,0,0,0,0,0,0,0,0,0,0,"https://fbref.com/en/players/e5a76dfe/Dean-Henderson"
2024,"Crystal Palace","Premier League","Will Hughes","ENG","MF","29-043",1995,30,23,1891,21,0,1,1,0,0,0,6,0,14,76,17,0,0.05,0.05,0,0.05,0.3,0.3,1.1,1.5,0.02,0.05,0.07,0.02,0.07,"https://fbref.com/en/players/a0666d3e/Will-Hughes"
2024,"Crystal Palace","Premier League","Sam Johnstone","ENG","GK","31-066",1993,20,20,1796,20,0,0,0,0,0,0,1,0,0,0,0,0,0,0,0,0,0,0,0,0,0,0,0,0,0,"https://fbref.com/en/players/9e5708be/Sam-Johnstone"
2024,"Crystal Palace","Premier League","Jefferson Lerma","COL","MF,DF","29-218",1994,28,27,2400,26.7,1,1,2,1,0,0,8,0,14,106,51,0.04,0.04,0.07,0.04,0.07,2.7,2.7,2.2,4.8,0.1,0.08,0.18,0.1,0.18,"https://fbref.com/en/players/9b5ce51a/Jefferson-Lerma"
2024,"Crystal Palace","Premier League","Jean-Philippe Mateta","FRA","FW","26-337",1997,35,25,2282,25.4,16,5,21,14,2,2,3,0,29,25,135,0.63,0.2,0.83,0.55,0.75,10.9,9.4,3.1,12.5,0.43,0.12,0.56,0.37,0.49,"https://fbref.com/en/players/50e6dc35/Jean-Philippe-Mateta"
2024,"Crystal Palace","Premier League","Remi Matthews","ENG","GK","30-110",1994,1,0,4,0,0,0,0,0,0,0,0,0,0,0,0,0,0,0,0,0,0,0,0,0,0,0,0,0,0,"https://fbref.com/en/players/27f4f772/Remi-Matthews"
2024,"Crystal Palace","Premier League","Tyrick Mitchell","ENG","DF,MF","24-272",1999,37,37,3204,35.6,2,3,5,2,0,0,6,0,32,94,159,0.06,0.08,0.14,0.06,0.14,1.6,1.6,2.8,4.4,0.04,0.08,0.12,0.04,0.12,"https://fbref.com/en/players/5cbd1eb0/Tyrick-Mitchell"
2024,"Crystal Palace","Premier League","Daniel Muñoz","COL","DF,MF","28-004",1996,16,16,1439,16,0,4,4,0,0,0,4,0,25,38,80,0,0.25,0.25,0,0.25,1.2,1.2,2.4,3.7,0.08,0.15,0.23,0.08,0.23,"https://fbref.com/en/players/778ef829/Daniel-Munoz"
2024,"Crystal Palace","Premier League","Michael Olise","FRA","FW,MF","22-170",2001,19,14,1275,14.2,10,6,16,9,1,1,0,0,68,78,134,0.71,0.42,1.13,0.64,1.06,5.5,4.7,5.8,10.5,0.39,0.41,0.8,0.33,0.74,"https://fbref.com/en/players/c4486bac/Michael-Olise"
2024,"Crystal Palace","Premier League","David Ozoh","ENG","MF,DF","18-365",2005,9,0,156,1.7,0,0,0,0,0,0,1,0,2,4,3,0,0,0,0,0,0,0,0,0,0,0,0,0,0,"https://fbref.com/en/players/d00d45ab/David-Ozoh"
2024,"Crystal Palace","Premier League","Jesurun Rak Sakyi","ENG","MF,FW","21-238",2002,6,0,136,1.5,0,0,0,0,0,0,0,0,7,2,18,0,0,0,0,0,0.4,0.4,0.2,0.6,0.28,0.1,0.38,0.28,0.38,"https://fbref.com/en/players/45685411/Jesurun-Rak-Sakyi"
2024,"Crystal Palace","Premier League","Chris Richards","USA","DF,MF","24-063",2000,26,23,2094,23.3,1,1,2,1,0,0,3,0,1,43,1,0.04,0.04,0.09,0.04,0.09,0.6,0.6,0.4,1,0.03,0.02,0.04,0.03,0.04,"https://fbref.com/en/players/0a3d6d2b/Chris-Richards"
2024,"Crystal Palace","Premier League","Jaïro Riedewald","NED","MF,FW","27-264",1996,9,2,235,2.6,0,0,0,0,0,0,0,0,3,10,3,0,0,0,0,0,0,0,0,0,0.01,0,0.01,0.01,0.01,"https://fbref.com/en/players/7a1f2c08/Jairo-Riedewald"
2024,"Crystal Palace","Premier League","Jeffrey Schlupp","GHA","FW,MF","31-159",1992,29,17,1352,15,2,2,4,2,0,0,1,0,20,33,52,0.13,0.13,0.27,0.13,0.27,1.8,1.8,2.3,4.1,0.12,0.15,0.27,0.12,0.27,"https://fbref.com/en/players/3312f911/Jeffrey-Schlupp"
2024,"Crystal Palace","Premier League","James Tomkins","ENG","DF","35-062",1989,4,0,10,0.1,0,0,0,0,0,0,0,0,0,1,0,0,0,0,0,0,0,0,0,0,0,0,0,0,0,"https://fbref.com/en/players/e7ca0439/James-Tomkins"
2024,"Crystal Palace","Premier League","Joel Ward","ENG","DF","34-214",1989,26,23,1980,22,0,1,1,0,0,0,4,0,16,66,14,0,0.05,0.05,0,0.05,0.9,0.9,0.2,1.1,0.04,0.01,0.05,0.04,0.05,"https://fbref.com/en/players/8a7ff278/Joel-Ward"
2024,"Crystal Palace","Premier League","Adam Wharton","ENG","MF","19-363",2004,16,15,1297,14.4,0,3,3,0,0,0,2,0,14,79,10,0,0.21,0.21,0,0.21,0.3,0.3,2.4,2.8,0.02,0.17,0.19,0.02,0.19,"https://fbref.com/en/players/4b542852/Adam-Wharton"
2024,"Everton","Premier League","Beto","GNB","FW","26-120",1998,30,9,951,10.6,3,0,3,3,0,1,2,0,14,14,58,0.28,0,0.28,0.28,0.28,6.8,6,0.9,6.9,0.64,0.09,0.73,0.57,0.66,"https://fbref.com/en/players/ed5c0319/Beto"
2024,"Everton","Premier League","Jarrad Branthwaite","ENG","DF","21-338",2002,35,35,3116,34.6,3,0,3,3,0,0,8,0,2,74,6,0.09,0,0.09,0.09,0.09,1.7,1.7,1,2.8,0.05,0.03,0.08,0.05,0.08,"https://fbref.com/en/players/c1949191/Jarrad-Branthwaite"
2024,"Everton","Premier League","Dominic Calvert-Lewin","ENG","FW","27-075",1997,32,26,2171,24.1,7,2,9,5,2,2,2,0,36,31,122,0.29,0.08,0.37,0.21,0.29,12.9,11.4,3.1,14.5,0.54,0.13,0.66,0.47,0.6,"https://fbref.com/en/players/59e6e5bf/Dominic-Calvert-Lewin"
2024,"Everton","Premier League","Thomas Cannon","IRL","FW","21-154",2002,1,0,1,0,0,0,0,0,0,0,0,0,0,0,0,0,0,0,0,0,0,0,0,0,0,0,0,0,0,"https://fbref.com/en/players/4506aec5/Thomas-Cannon"
2024,"Everton","Premier League","Youssef Chermiti","POR","FW","20-006",2004,18,1,208,2.3,0,0,0,0,0,0,3,0,5,5,15,0,0,0,0,0,0.7,0.7,0.8,1.5,0.31,0.34,0.65,0.31,0.65,"https://fbref.com/en/players/890f108d/Youssef-Chermiti"
2024,"Everton","Premier League","Séamus Coleman","IRL","DF","35-232",1988,12,7,665,7.4,0,0,0,0,0,0,0,0,5,22,16,0,0,0,0,0,0,0,1,1,0,0.14,0.14,0,0.14,"https://fbref.com/en/players/0420d84f/Seamus-Coleman"
2024,"Everton","Premier League","Arnaut Danjuma","NED","MF,FW","27-120",1997,14,5,595,6.6,1,0,1,1,0,0,0,0,24,9,44,0.15,0,0.15,0.15,0.15,2.6,2.6,1.1,3.7,0.4,0.17,0.57,0.4,0.57,"https://fbref.com/en/players/f08490a6/Arnaut-Danjuma"
2024,"Everton","Premier League","Lewis Dobbin","ENG","MF","21-148",2003,12,1,232,2.6,1,0,1,1,0,0,1,0,6,3,20,0.39,0,0.39,0.39,0.39,0.3,0.3,0.5,0.8,0.11,0.19,0.3,0.11,0.3,"https://fbref.com/en/players/e814e1cf/Lewis-Dobbin"
2024,"Everton","Premier League","Abdoulaye Doucouré","MLI","FW,MF","31-150",1993,32,32,2629,29.2,7,1,8,7,0,0,7,0,55,97,140,0.24,0.03,0.27,0.24,0.27,8.8,8.8,2.9,11.6,0.3,0.1,0.4,0.3,0.4,"https://fbref.com/en/players/02b29014/Abdoulaye-Doucoure"
2024,"Everton","Premier League","Idrissa Gana Gueye","SEN","MF","34-247",1989,25,24,1884,20.9,4,0,4,4,0,0,8,0,29,83,41,0.19,0,0.19,0.19,0.19,1.3,1.3,1.1,2.4,0.06,0.05,0.12,0.06,0.12,"https://fbref.com/en/players/72c812f3/Idrissa-Gana-Gueye"
2024,"Everton","Premier League","James Garner","ENG","MF","23-078",2001,37,34,3004,33.4,1,2,3,1,0,0,7,0,36,100,76,0.03,0.06,0.09,0.03,0.09,2.7,2.7,4.6,7.3,0.08,0.14,0.22,0.08,0.22,"https://fbref.com/en/players/4e015693/James-Garner"
2024,"Everton","Premier League","Ben Godfrey","ENG","DF","26-136",1998,15,13,1120,12.4,0,0,0,0,0,0,2,0,11,43,26,0,0,0,0,0,1.7,1.7,0.3,2,0.14,0.02,0.16,0.14,0.16,"https://fbref.com/en/players/9f7c837d/Ben-Godfrey"
2024,"Everton","Premier League","André Gomes","POR","MF,FW","30-305",1993,12,3,508,5.6,1,0,1,1,0,0,4,0,8,36,29,0.18,0,0.18,0.18,0.18,0.3,0.3,0.4,0.7,0.05,0.07,0.13,0.05,0.13,"https://fbref.com/en/players/1961b2aa/Andre-Gomes"
2024,"Everton","Premier League","Jack Harrison","ENG","MF,FW","27-192",1996,29,25,2214,24.6,3,3,6,3,0,0,1,0,65,62,135,0.12,0.12,0.24,0.12,0.24,3.6,3.6,3.4,7,0.14,0.14,0.28,0.14,0.28,"https://fbref.com/en/players/aa849a12/Jack-Harrison"
2024,"Everton","Premier League","Alex Iwobi","NGA","MF","28-027",1996,2,2,140,1.6,0,0,0,0,0,0,0,0,6,4,8,0,0,0,0,0,0.3,0.3,0.2,0.5,0.21,0.14,0.35,0.21,0.35,"https://fbref.com/en/players/6ca5ec4b/Alex-Iwobi"
2024,"Everton","Premier League","Michael Keane","ENG","DF","31-140",1993,9,4,439,4.9,1,0,1,1,0,0,2,0,4,14,3,0.21,0,0.21,0.21,0.21,0.7,0.7,0,0.7,0.14,0,0.14,0.14,0.14,"https://fbref.com/en/players/c5b7c315/Michael-Keane"
2024,"Everton","Premier League","Neal Maupay","FRA","FW","27-290",1996,2,1,111,1.2,0,0,0,0,0,0,0,0,1,0,6,0,0,0,0,0,1.4,1.4,0.1,1.5,1.16,0.05,1.22,1.16,1.22,"https://fbref.com/en/players/4bcf39f6/Neal-Maupay"
2024,"Everton","Premier League","Dwight McNeil","ENG","MF,FW","24-190",1999,35,33,2892,32.1,3,6,9,3,0,0,2,0,80,114,147,0.09,0.19,0.28,0.09,0.28,3.4,3.4,8.8,12.2,0.11,0.27,0.38,0.11,0.38,"https://fbref.com/en/players/fc15fb84/Dwight-McNeil"
2024,"Everton","Premier League","Vitaliy Mykolenko","UKR","DF","25-001",1999,28,28,2469,27.4,2,0,2,2,0,0,1,0,14,55,68,0.07,0,0.07,0.07,0.07,1.5,1.5,0.9,2.4,0.06,0.03,0.09,0.06,0.09,"https://fbref.com/en/players/30d4a2e5/Vitaliy-Mykolenko"
2024,"Everton","Premier League","Amadou Onana","BEL","MF","22-288",2001,30,23,2091,23.2,2,0,2,2,0,0,5,0,21,107,39,0.09,0,0.09,0.09,0.09,2,2,2.7,4.7,0.09,0.11,0.2,0.09,0.2,"https://fbref.com/en/players/828657ff/Amadou-Onana"
2024,"Everton","Premier League","Tyler Onyango","ENG","MF","21-087",2003,1,0,1,0,0,0,0,0,0,0,0,0,0,0,0,0,0,0,0,0,0,0,0,0,0,0,0,0,0,"https://fbref.com/en/players/d86a1f3e/Tyler-Onyango"
2024,"Everton","Premier League","Nathan Patterson","SCO","DF","22-227",2001,20,9,1005,11.2,0,2,2,0,0,0,4,0,17,38,39,0,0.18,0.18,0,0.18,0.3,0.3,1.7,2,0.03,0.15,0.18,0.03,0.18,"https://fbref.com/en/players/230f0471/Nathan-Patterson"
2024,"Everton","Premier League","Jordan Pickford","ENG","GK","30-084",1994,38,38,3420,38,0,0,0,0,0,0,5,0,1,6,0,0,0,0,0,0,0,0,0.1,0.1,0,0,0,0,0,"https://fbref.com/en/players/4806ec67/Jordan-Pickford"
2024,"Everton","Premier League","James Tarkowski","ENG","DF","31-193",1992,38,38,3419,38,1,1,2,1,0,0,11,0,15,130,20,0.03,0.03,0.05,0.03,0.05,2.6,2.6,2.5,5.1,0.07,0.06,0.13,0.07,0.13,"https://fbref.com/en/players/15ea812b/James-Tarkowski"
2024,"Everton","Premier League","Lewis Warrington","ENG","FW","21-233",2002,1,0,1,0,0,0,0,0,0,0,0,0,0,0,0,0,0,0,0,0,0,0,0,0,0,0,0,0,0,"https://fbref.com/en/players/8e633970/Lewis-Warrington"
2024,"Everton","Premier League","Ashley Young","ENG","DF,MF","38-326",1985,31,27,2280,25.3,0,0,0,0,0,0,7,1,40,82,61,0,0,0,0,0,0.6,0.6,1.5,2.1,0.02,0.06,0.08,0.02,0.08,"https://fbref.com/en/players/be927d03/Ashley-Young"
2024,"Fulham","Premier League","Tosin Adarabioyo","ENG","DF","26-249",1997,20,18,1617,18,2,0,2,2,0,0,2,0,10,62,5,0.11,0,0.11,0.11,0.11,0.7,0.7,0.1,0.8,0.04,0.01,0.05,0.04,0.05,"https://fbref.com/en/players/c81d773d/Tosin-Adarabioyo"
2024,"Fulham","Premier League","Fodé Ballo-Touré","SEN","DF,MF","27-148",1997,6,0,71,0.8,0,0,0,0,0,0,1,0,5,0,4,0,0,0,0,0,0,0,0,0,0,0,0,0,0,"https://fbref.com/en/players/f449640d/Fode-Ballo-Toure"
2024,"Fulham","Premier League","Calvin Bassey","NGA","DF","24-151",1999,29,25,2303,25.6,1,0,1,1,0,0,6,1,15,62,4,0.04,0,0.04,0.04,0.04,0.3,0.3,0,0.4,0.01,0,0.01,0.01,0.01,"https://fbref.com/en/players/a36524bf/Calvin-Bassey"
2024,"Fulham","Premier League","Armando Broja","ALB","FW","22-263",2001,8,0,88,1,0,1,1,0,0,0,0,0,2,2,7,0,1.02,1.02,0,1.02,0,0,0.4,0.4,0,0.41,0.41,0,0.41,"https://fbref.com/en/players/97220da2/Armando-Broja"
2024,"Fulham","Premier League","Tom Cairney","SCO","MF","33-131",1991,34,14,1488,16.5,1,4,5,1,0,0,3,0,35,145,72,0.06,0.24,0.3,0.06,0.3,1.1,1.1,2.3,3.4,0.07,0.14,0.2,0.07,0.2,"https://fbref.com/en/players/a8748947/Tom-Cairney"
2024,"Fulham","Premier League","Timothy Castagne","BEL","DF","28-177",1995,34,29,2634,29.3,1,3,4,1,0,0,3,0,48,77,113,0.03,0.1,0.14,0.03,0.14,1.6,1.6,1.9,3.5,0.06,0.07,0.12,0.06,0.12,"https://fbref.com/en/players/197640fd/Timothy-Castagne"
2024,"Fulham","Premier League","Issa Diop","FRA","DF","27-142",1997,18,16,1424,15.8,0,0,0,0,0,0,4,1,11,66,1,0,0,0,0,0,0.3,0.3,0,0.3,0.02,0,0.02,0.02,0.02,"https://fbref.com/en/players/a712ca2b/Issa-Diop"
2024,"Fulham","Premier League","Luke Harris","WAL","MF","19-057",2005,1,0,75,0.8,0,0,0,0,0,0,0,0,0,1,0,0,0,0,0,0,0.3,0.3,0,0.3,0.33,0,0.33,0.33,0.33,"https://fbref.com/en/players/8c3078cd/Luke-Harris"
2024,"Fulham","Premier League","Alex Iwobi","NGA","FW,MF","28-027",1996,30,25,2192,24.4,5,2,7,5,0,0,2,0,109,147,175,0.21,0.08,0.29,0.21,0.29,5.3,5.3,4.7,10,0.22,0.19,0.41,0.22,0.41,"https://fbref.com/en/players/6ca5ec4b/Alex-Iwobi"
2024,"Fulham","Premier League","Raúl Jiménez","MEX","FW","33-025",1991,24,18,1395,15.5,7,0,7,7,0,0,3,1,11,24,87,0.45,0,0.45,0.45,0.45,5.2,5.2,1.5,6.6,0.33,0.1,0.43,0.33,0.43,"https://fbref.com/en/players/b561db50/Raul-Jimenez"
2024,"Fulham","Premier League","Bernd Leno","GER","GK","32-087",1992,38,38,3420,38,0,0,0,0,0,0,3,0,0,0,0,0,0,0,0,0,0,0,0,0,0,0,0,0,0,"https://fbref.com/en/players/2628fd2b/Bernd-Leno"
2024,"Fulham","Premier League","Saša Lukić","SRB","MF","27-291",1996,24,13,1122,12.5,1,0,1,1,0,0,3,0,12,43,27,0.08,0,0.08,0.08,0.08,1.6,1.6,0.8,2.4,0.13,0.06,0.19,0.13,0.19,"https://fbref.com/en/players/c6e8cf1f/Sasa-Lukic"
2024,"Fulham","Premier League","Aleksandar Mitrović","SRB","FW","29-257",1994,1,0,33,0.4,0,0,0,0,0,0,0,0,0,1,0,0,0,0,0,0,0.2,0.2,0,0.2,0.44,0,0.44,0.44,0.44,"https://fbref.com/en/players/3925dbd6/Aleksandar-Mitrovic"
2024,"Fulham","Premier League","Rodrigo Muniz","BRA","FW","23-026",2001,26,18,1593,17.7,9,1,10,9,0,0,1,0,8,19,76,0.51,0.06,0.56,0.51,0.56,8.7,8.7,2,10.7,0.49,0.12,0.61,0.49,0.61,"https://fbref.com/en/players/a755db8c/Rodrigo-Muniz"
2024,"Fulham","Premier League","João Palhinha","POR","MF","28-326",1995,33,31,2699,30,4,1,5,4,0,0,13,0,8,97,14,0.13,0.03,0.17,0.13,0.17,3.3,3.3,0.8,4.1,0.11,0.03,0.14,0.11,0.14,"https://fbref.com/en/players/a78ff07f/Joao-Palhinha"
2024,"Fulham","Premier League","Andreas Pereira","BRA","MF","28-150",1996,37,34,2613,29,3,7,10,3,0,0,6,0,56,138,125,0.1,0.24,0.34,0.1,0.34,4.6,4.6,7.1,11.7,0.16,0.24,0.4,0.16,0.4,"https://fbref.com/en/players/6639e500/Andreas-Pereira"
2024,"Fulham","Premier League","Tim Ream","USA","DF","36-238",1987,18,17,1503,16.7,1,0,1,1,0,0,4,1,11,65,3,0.06,0,0.06,0.06,0.06,1,1,0,1,0.06,0,0.06,0.06,0.06,"https://fbref.com/en/players/28b40c9c/Tim-Ream"
2024,"Fulham","Premier League","Harrison Reed","ENG","MF","29-124",1995,27,15,1325,14.7,0,2,2,0,0,0,6,0,10,56,40,0,0.14,0.14,0,0.14,0.3,0.3,1.1,1.4,0.02,0.07,0.09,0.02,0.09,"https://fbref.com/en/players/803ae100/Harrison-Reed"
2024,"Fulham","Premier League","Bobby Reid","JAM","FW","31-118",1993,33,17,1423,15.8,6,2,8,6,0,0,4,0,35,47,95,0.38,0.13,0.51,0.38,0.51,4.6,4.6,1.8,6.4,0.28,0.11,0.4,0.28,0.4,"https://fbref.com/en/players/0f7533cd/Bobby-Reid"
2024,"Fulham","Premier League","Antonee Robinson","USA","DF","26-296",1997,37,37,3265,36.3,0,6,6,0,0,0,6,0,99,129,194,0,0.17,0.17,0,0.17,0.7,0.7,4.2,4.8,0.02,0.11,0.13,0.02,0.13,"https://fbref.com/en/players/289601e6/Antonee-Robinson"
2024,"Fulham","Premier League","Kenny Tete","NED","DF","28-234",1995,14,10,867,9.6,1,0,1,1,0,0,2,0,20,54,38,0.1,0,0.1,0.1,0.1,0.9,0.9,0.4,1.2,0.09,0.04,0.13,0.09,0.13,"https://fbref.com/en/players/77d7c96f/Kenny-Tete"
2024,"Fulham","Premier League","Adama Traoré","ESP","FW,MF","28-126",1996,17,1,377,4.2,2,3,5,2,0,0,2,0,29,16,48,0.48,0.72,1.19,0.48,1.19,1.5,1.5,0.7,2.2,0.36,0.17,0.53,0.36,0.53,"https://fbref.com/en/players/9a28eba4/Adama-Traore"
2024,"Fulham","Premier League","Carlos Vinícius","BRA","FW","29-066",1995,13,2,315,3.5,2,0,2,2,0,0,2,0,3,3,13,0.57,0,0.57,0.57,0.57,1.6,1.6,0.8,2.4,0.46,0.23,0.69,0.46,0.69,"https://fbref.com/en/players/8b529245/Carlos-Vinicius"
2024,"Fulham","Premier League","Willian","BRA","FW","35-295",1988,31,24,2053,22.8,4,2,6,2,2,2,1,0,92,153,181,0.18,0.09,0.26,0.09,0.18,5.1,3.6,3.9,7.5,0.22,0.17,0.4,0.16,0.33,"https://fbref.com/en/players/8b9ebd03/Willian"
2024,"Fulham","Premier League","Harry Wilson","WAL","FW","27-069",1997,35,16,1620,18,4,6,10,4,0,0,6,0,41,60,130,0.22,0.33,0.56,0.22,0.56,3.4,3.4,3.5,6.8,0.19,0.19,0.38,0.19,0.38,"https://fbref.com/en/players/c6dc9ecd/Harry-Wilson"
2024,"Liverpool","Premier League","Thiago Alcántara","ESP","MF","33-049",1991,1,0,6,0.1,0,0,0,0,0,0,0,0,0,0,0,0,0,0,0,0,0,0,0,0,0,0,0,0,0,"https://fbref.com/en/players/77e84962/Thiago-Alcantara"
2024,"Liverpool","Premier League","Trent Alexander-Arnold","ENG","DF","25-236",1998,28,25,2155,23.9,3,4,7,3,0,0,6,0,45,205,97,0.13,0.17,0.29,0.13,0.29,2.6,2.3,7.2,9.5,0.11,0.3,0.41,0.1,0.4,"https://fbref.com/en/players/cd1acf9d/Trent-Alexander-Arnold"
2024,"Liverpool","Premier League","Alisson","BRA","GK","31-241",1992,28,28,2520,28,0,0,0,0,0,0,1,0,0,5,0,0,0,0,0,0,0,0,0,0,0,0,0,0,0,"https://fbref.com/en/players/7a2e46a8/Alisson"
2024,"Liverpool","Premier League","Stefan Bajcetic","ESP","MF","19-221",2004,1,0,26,0.3,0,0,0,0,0,0,0,0,0,1,0,0,0,0,0,0,0,0,0,0,0,0,0,0,0,"https://fbref.com/en/players/32e8417f/Stefan-Bajcetic"
2024,"Liverpool","Premier League","Owen Beck","WAL","DF","21-295",2002,1,0,8,0.1,0,0,0,0,0,0,0,0,0,0,1,0,0,0,0,0,0,0,0,0,0,0,0,0,0,"https://fbref.com/en/players/a011a1e9/Owen-Beck"
2024,"Liverpool","Premier League","Conor Bradley","NIR","DF","20-326",2003,11,10,753,8.4,1,3,4,1,0,0,2,0,35,29,64,0.12,0.36,0.48,0.12,0.48,0.9,0.9,1.5,2.3,0.1,0.17,0.28,0.1,0.28,"https://fbref.com/en/players/bbd67769/Conor-Bradley"
2024,"Liverpool","Premier League","Bobby Clark","ENG","MF","19-113",2005,5,1,89,1,0,0,0,0,0,0,0,0,3,3,7,0,0,0,0,0,0.1,0.1,0,0.1,0.14,0,0.14,0.14,0.14,"https://fbref.com/en/players/73341ace/Bobby-Clark"
2024,"Liverpool","Premier League","Jayden Danns","ENG","FW","18-135",2006,2,0,9,0.1,0,0,0,0,0,0,1,0,0,1,2,0,0,0,0,0,0,0,0,0,0,0,0,0,0,"https://fbref.com/en/players/003cf4d1/Jayden-Danns"
2024,"Liverpool","Premier League","Luis Díaz","COL","FW","27-138",1997,37,32,2629,29.2,8,5,13,8,0,0,3,0,137,113,302,0.27,0.17,0.45,0.27,0.45,11.9,11.9,5.7,17.5,0.41,0.19,0.6,0.41,0.6,"https://fbref.com/en/players/4a1a9578/Luis-Diaz"
2024,"Liverpool","Premier League","Ben Doak","SCO","FW","18-201",2005,1,0,14,0.2,0,0,0,0,0,0,0,0,0,0,0,0,0,0,0,0,0,0,0,0,0,0,0,0,0,"https://fbref.com/en/players/733f1a7d/Ben-Doak"
2024,"Liverpool","Premier League","Harvey Elliott","ENG","MF,FW","21-056",2003,34,11,1352,15,3,6,9,3,0,0,2,0,44,128,122,0.2,0.4,0.6,0.2,0.6,2.7,2.7,3.5,6.2,0.18,0.23,0.42,0.18,0.42,"https://fbref.com/en/players/b9e1436c/Harvey-Elliott"
2024,"Liverpool","Premier League","Wataru Endo","JPN","MF","31-111",1993,29,20,1722,19.1,1,0,1,1,0,0,10,0,10,101,21,0.05,0,0.05,0.05,0.05,0.5,0.5,1.7,2.3,0.03,0.09,0.12,0.03,0.12,"https://fbref.com/en/players/c149016b/Wataru-Endo"
2024,"Liverpool","Premier League","Cody Gakpo","NED","FW,MF","25-023",1999,35,17,1649,18.3,8,5,13,8,0,0,1,0,43,83,130,0.44,0.27,0.71,0.44,0.71,9,9,2.9,11.8,0.49,0.16,0.64,0.49,0.64,"https://fbref.com/en/players/1971591f/Cody-Gakpo"
2024,"Liverpool","Premier League","Joe Gomez","ENG","DF","27-007",1997,32,17,1786,19.8,0,1,1,0,0,0,5,0,44,100,105,0,0.05,0.05,0,0.05,0.8,0.8,1.3,2.1,0.04,0.07,0.1,0.04,0.1,"https://fbref.com/en/players/7a11550b/Joe-Gomez"
2024,"Liverpool","Premier League","Kaide Gordon","ENG","FW","19-238",2004,1,0,1,0,0,0,0,0,0,0,0,0,0,1,0,0,0,0,0,0,0,0,0,0,0,0,0,0,0,"https://fbref.com/en/players/19a9cb70/Kaide-Gordon"
2024,"Liverpool","Premier League","Ryan Gravenberch","NED","MF","22-014",2002,26,12,1121,12.5,1,0,1,1,0,0,0,0,39,78,71,0.08,0,0.08,0.08,0.08,2,2,0.9,2.9,0.16,0.07,0.23,0.16,0.23,"https://fbref.com/en/players/b8e740fb/Ryan-Gravenberch"
2024,"Liverpool","Premier League","Curtis Jones","ENG","MF","23-121",2001,23,14,1167,13,1,1,2,1,0,0,3,1,31,74,88,0.08,0.08,0.15,0.08,0.15,2.6,2.6,0.7,3.3,0.2,0.05,0.25,0.2,0.25,"https://fbref.com/en/players/4fb9c88f/Curtis-Jones"
2024,"Liverpool","Premier League","Diogo Jota","POR","FW","27-178",1996,21,14,1145,12.7,10,3,13,10,0,0,3,1,54,34,111,0.79,0.24,1.02,0.79,1.02,5.3,5.3,3.3,8.6,0.42,0.26,0.68,0.42,0.68,"https://fbref.com/en/players/178ae8f8/Diogo-Jota"
2024,"Liverpool","Premier League","Caoimhín Kelleher","IRL","GK","25-189",1998,10,10,900,10,0,0,0,0,0,0,0,0,0,1,0,0,0,0,0,0,0,0,0,0,0,0,0,0,0,"https://fbref.com/en/players/62d7ef38/Caoimhin-Kelleher"
2024,"Liverpool","Premier League","Ibrahima Konaté","FRA","DF","25-005",1999,22,17,1574,17.5,0,0,0,0,0,0,5,1,24,118,3,0,0,0,0,0,0.7,0.7,0.4,1.1,0.04,0.02,0.06,0.04,0.06,"https://fbref.com/en/players/5ed9b537/Ibrahima-Konate"
2024,"Liverpool","Premier League","Alexis Mac Allister","ARG","MF","25-158",1998,33,31,2599,28.9,5,5,10,4,1,1,7,1,44,209,48,0.17,0.17,0.35,0.14,0.31,3.7,2.9,3.6,6.4,0.13,0.12,0.25,0.1,0.22,"https://fbref.com/en/players/83d074ff/Alexis-Mac-Allister"
2024,"Liverpool","Premier League","Joël Matip","CMR","DF","32-296",1991,10,9,781,8.7,0,0,0,0,0,0,2,0,8,34,1,0,0,0,0,0,0.5,0.5,0.1,0.6,0.06,0.01,0.06,0.06,0.06,"https://fbref.com/en/players/b217ef29/Joel-Matip"
2024,"Liverpool","Premier League","James McConnell","ENG","MF","19-260",2004,3,0,4,0,0,0,0,0,0,0,0,0,0,1,0,0,0,0,0,0,0,0,0,0,0,0,0,0,0,"https://fbref.com/en/players/bf973eeb/James-McConnell"
2024,"Liverpool","Premier League","Darwin Núñez","URU","FW","24-341",1999,36,22,2047,22.7,11,8,19,11,0,1,9,0,58,54,206,0.48,0.35,0.84,0.48,0.84,16.3,15.5,6,21.5,0.72,0.27,0.98,0.68,0.95,"https://fbref.com/en/players/4d77b365/Darwin-Nunez"
2024,"Liverpool","Premier League","Jarell Quansah","ENG","DF","21-122",2003,17,13,1190,13.2,2,0,2,2,0,0,1,0,13,67,1,0.15,0,0.15,0.15,0.15,1,1,0.1,1.1,0.08,0.01,0.08,0.08,0.08,"https://fbref.com/en/players/4125cb98/Jarell-Quansah"
2024,"Liverpool","Premier League","Andrew Robertson","SCO","DF","30-080",1994,23,18,1693,18.8,3,2,5,3,0,0,2,0,63,140,130,0.16,0.11,0.27,0.16,0.27,1.9,1.9,5.4,7.3,0.1,0.29,0.39,0.1,0.39,"https://fbref.com/en/players/2e4f5f03/Andrew-Robertson"
2024,"Liverpool","Premier League","Mohamed Salah","EGY","FW","31-350",1992,32,28,2534,28.2,18,10,28,13,5,7,2,0,98,147,341,0.64,0.36,0.99,0.46,0.82,21.2,15.5,11.8,27.3,0.75,0.42,1.17,0.55,0.97,"https://fbref.com/en/players/e342ad68/Mohamed-Salah"
2024,"Liverpool","Premier League","Dominik Szoboszlai","HUN","MF","23-218",2000,33,25,2104,23.4,3,2,5,3,0,0,1,0,75,152,160,0.13,0.09,0.21,0.13,0.21,3.7,3.7,5.8,9.5,0.16,0.25,0.4,0.16,0.4,"https://fbref.com/en/players/934e1968/Dominik-Szoboszlai"
2024,"Liverpool","Premier League","Kostas Tsimikas","GRE","DF","28-018",1996,13,8,679,7.5,0,3,3,0,0,0,0,0,24,31,73,0,0.4,0.4,0,0.4,0.1,0.1,1,1.1,0.01,0.14,0.15,0.01,0.15,"https://fbref.com/en/players/f315ca93/Kostas-Tsimikas"
2024,"Liverpool","Premier League","Virgil van Dijk","NED","DF","32-327",1991,36,36,3177,35.3,2,2,4,2,0,0,3,1,32,200,7,0.06,0.06,0.11,0.06,0.11,2.8,2.8,1.6,4.4,0.08,0.04,0.12,0.08,0.12,"https://fbref.com/en/players/e06683ca/Virgil-van-Dijk"
2024,"Luton Town","Premier League","Elijah Adebayo","ENG","FW","26-144",1998,27,16,1419,15.8,10,0,10,10,0,0,1,0,16,23,110,0.63,0,0.63,0.63,0.63,5.9,5.9,0.7,6.6,0.37,0.04,0.42,0.37,0.42,"https://fbref.com/en/players/0480ebc7/Elijah-Adebayo"
2024,"Luton Town","Premier League","Ross Barkley","ENG","MF","30-177",1993,32,30,2618,29.1,5,4,9,5,0,0,6,0,48,163,39,0.17,0.14,0.31,0.17,0.31,4.1,4.1,3.7,7.9,0.14,0.13,0.27,0.14,0.27,"https://fbref.com/en/players/3a24769f/Ross-Barkley"
2024,"Luton Town","Premier League","Amari'i Bell","JAM","DF","30-025",1994,21,21,1720,19.1,0,0,0,0,0,0,0,0,32,76,10,0,0,0,0,0,0.3,0.3,0.5,0.7,0.01,0.02,0.04,0.01,0.04,"https://fbref.com/en/players/399e9474/Amarii-Bell"
2024,"Luton Town","Premier League","Luke Berry","ENG","MF,DF","31-323",1992,17,2,323,3.6,2,1,3,2,0,0,1,0,1,8,7,0.56,0.28,0.84,0.56,0.84,1,1,0.3,1.3,0.28,0.07,0.35,0.28,0.35,"https://fbref.com/en/players/2aaadf33/Luke-Berry"
2024,"Luton Town","Premier League","Jacob Brown","SCO","MF,FW","26-050",1998,19,12,1019,11.3,2,0,2,2,0,0,4,0,25,19,53,0.18,0,0.18,0.18,0.18,2.8,2.8,0.7,3.4,0.25,0.06,0.3,0.25,0.3,"https://fbref.com/en/players/ca18c8f1/Jacob-Brown"
2024,"Luton Town","Premier League","Reece Burke","ENG","DF","27-271",1996,22,20,1660,18.4,0,4,4,0,0,0,5,0,11,67,14,0,0.22,0.22,0,0.22,1.3,1.3,1.4,2.7,0.07,0.07,0.15,0.07,0.15,"https://fbref.com/en/players/a681b7b7/Reece-Burke"
2024,"Luton Town","Premier League","Tahith Chong","NED","MF,FW","24-178",1999,33,20,1982,22,4,0,4,4,0,0,4,0,57,72,101,0.18,0,0.18,0.18,0.18,2.7,2.7,0.5,3.2,0.12,0.02,0.15,0.12,0.15,"https://fbref.com/en/players/2696b6a9/Tahith-Chong"
2024,"Luton Town","Premier League","Jordan Clark","ENG","MF","30-251",1993,23,14,1304,14.5,1,1,2,1,0,0,4,0,21,51,39,0.07,0.07,0.14,0.07,0.14,1,1,1.3,2.2,0.07,0.09,0.16,0.07,0.16,"https://fbref.com/en/players/7c5fa6cf/Jordan-Clark"
2024,"Luton Town","Premier League","Alfie Doughty","ENG","DF","24-161",1999,37,34,2925,32.5,2,8,10,2,0,0,5,0,94,106,164,0.06,0.25,0.31,0.06,0.31,1.3,1.3,6.3,7.6,0.04,0.19,0.23,0.04,0.23,"https://fbref.com/en/players/bf33b257/Alfie-Doughty"
2024,"Luton Town","Premier League","Daiki Hashioka","JPN","DF","25-013",1999,10,6,595,6.6,0,0,0,0,0,0,0,0,3,21,16,0,0,0,0,0,0.1,0.1,0.7,0.8,0.02,0.1,0.12,0.02,0.12,"https://fbref.com/en/players/10cb48b7/Daiki-Hashioka"
2024,"Luton Town","Premier League","Ryan John Giles","ENG","DF,MF","24-125",2000,11,5,503,5.6,0,0,0,0,0,0,0,0,9,17,30,0,0,0,0,0,0.1,0.1,0.2,0.3,0.02,0.04,0.06,0.02,0.06,"https://fbref.com/en/players/73b1d65b/Ryan-John-Giles"
2024,"Luton Town","Premier League","Joseph Johnson","ENG","DF","18-099",2006,2,0,77,0.9,0,0,0,0,0,0,1,0,0,2,1,0,0,0,0,0,0,0,0,0,0,0,0,0,0,"https://fbref.com/en/players/d9e7c4da/Joseph-Johnson"
2024,"Luton Town","Premier League","Mads Juel Andersen","DEN","DF","26-155",1997,8,4,400,4.4,1,0,1,1,0,0,1,0,0,7,1,0.23,0,0.23,0.23,0.23,0.3,0.3,0,0.3,0.06,0,0.06,0.06,0.06,"https://fbref.com/en/players/f098c03e/Mads-Juel-Andersen"
2024,"Luton Town","Premier League","Issa Kaboré","BFA","DF","23-018",2001,24,21,1729,19.2,0,2,2,0,0,0,7,0,60,54,85,0,0.1,0.1,0,0.1,0.2,0.2,2.1,2.3,0.01,0.11,0.12,0.01,0.12,"https://fbref.com/en/players/c066d1a5/Issa-Kabore"
2024,"Luton Town","Premier League","Thomas Kaminski","BEL","GK","31-220",1992,38,38,3405,37.8,0,0,0,0,0,0,3,0,0,1,0,0,0,0,0,0,0,0,0,0,0,0,0,0,0,"https://fbref.com/en/players/1caa93a5/Thomas-Kaminski"
2024,"Luton Town","Premier League","Tom Lockyer","WAL","DF","29-179",1994,14,14,1169,13,1,1,2,1,0,0,4,0,6,37,2,0.08,0.08,0.15,0.08,0.15,1.1,1.1,0.6,1.7,0.08,0.05,0.13,0.08,0.13,"https://fbref.com/en/players/37118440/Tom-Lockyer"
2024,"Luton Town","Premier League","Teden Mengi","ENG","DF","22-030",2002,30,28,2469,27.4,1,0,1,1,0,0,3,0,15,54,1,0.04,0,0.04,0.04,0.04,0.6,0.6,0.3,0.9,0.02,0.01,0.03,0.02,0.03,"https://fbref.com/en/players/91748070/Teden-Mengi"
2024,"Luton Town","Premier League","Carlton Morris","ENG","FW,MF","28-166",1995,38,32,2862,31.8,11,4,15,6,5,5,4,0,37,56,120,0.35,0.13,0.47,0.19,0.31,11.4,7.5,2.8,10.2,0.36,0.09,0.45,0.23,0.32,"https://fbref.com/en/players/2da834f1/Carlton-Morris"
2024,"Luton Town","Premier League","Marvelous Nakamba","ZIM","MF","30-132",1994,13,13,1130,12.6,0,0,0,0,0,0,5,0,1,36,5,0,0,0,0,0,0.2,0.2,0.4,0.6,0.01,0.03,0.05,0.01,0.05,"https://fbref.com/en/players/de5b5570/Marvelous-Nakamba"
2024,"Luton Town","Premier League","Zack Nelson","ENG","MF,DF","19-249",2004,2,0,7,0.1,0,0,0,0,0,0,0,0,0,0,0,0,0,0,0,0,0,0,0,0,0,0,0,0,0,"https://fbref.com/en/players/de0abf23/Zack-Nelson"
2024,"Luton Town","Premier League","Chiedozie Ogbene","IRL","MF,DF","27-029",1997,30,20,1995,22.2,4,1,5,4,0,0,1,0,127,53,150,0.18,0.05,0.23,0.18,0.23,4.2,4.2,3.1,7.4,0.19,0.14,0.33,0.19,0.33,"https://fbref.com/en/players/788c0277/Chiedozie-Ogbene"
2024,"Luton Town","Premier League","Fred Onyedinma","ENG","DF,MF","27-188",1996,8,4,407,4.5,0,0,0,0,0,0,1,0,9,6,21,0,0,0,0,0,0.2,0.2,0.1,0.3,0.04,0.02,0.06,0.04,0.06,"https://fbref.com/en/players/387d06b2/Fred-Onyedinma"
2024,"Luton Town","Premier League","Gabriel Osho","NGA","DF","25-290",1998,21,21,1846,20.5,2,0,2,2,0,0,3,0,10,37,4,0.1,0,0.1,0.1,0.1,1.1,1.1,0.1,1.2,0.05,0.01,0.06,0.05,0.06,"https://fbref.com/en/players/cd889153/Gabriel-Osho"
2024,"Luton Town","Premier League","Pelly Ruddock Mpanzu","COD","MF","30-318",1993,27,11,1101,12.2,0,0,0,0,0,0,1,0,10,34,15,0,0,0,0,0,0.6,0.6,0.4,1.1,0.05,0.04,0.09,0.05,0.09,"https://fbref.com/en/players/a9b1c319/Pelly-Ruddock-Mpanzu"
2024,"Luton Town","Premier League","Albert Sambi Lokonga","BEL","MF","24-221",1999,17,16,1303,14.5,1,3,4,1,0,0,4,0,29,72,13,0.07,0.21,0.28,0.07,0.28,0.6,0.6,1.4,2,0.04,0.1,0.14,0.04,0.14,"https://fbref.com/en/players/1b4f1169/Albert-Sambi-Lokonga"
2024,"Luton Town","Premier League","James Shea","ENG","GK","32-349",1991,1,0,15,0.2,0,0,0,0,0,0,0,0,0,0,0,0,0,0,0,0,0,0,0,0,0,0,0,0,0,"https://fbref.com/en/players/ee7c0a5e/James-Shea"
2024,"Luton Town","Premier League","Andros Townsend","ENG","MF,FW","32-319",1991,27,14,1210,13.4,1,3,4,1,0,0,1,0,47,35,71,0.07,0.22,0.3,0.07,0.3,1.2,1.2,1.3,2.5,0.09,0.1,0.19,0.09,0.19,"https://fbref.com/en/players/b28bbd58/Andros-Townsend"
2024,"Luton Town","Premier League","Cauley Woodrow","ENG","FW,MF","29-180",1994,24,2,427,4.7,1,1,2,1,0,0,2,0,7,6,22,0.21,0.21,0.42,0.21,0.42,1.4,1.4,1.2,2.6,0.3,0.25,0.55,0.3,0.55,"https://fbref.com/en/players/d3085b49/Cauley-Woodrow"
2024,"Manchester City","Premier League","Manuel Akanji","SUI","DF,MF","28-316",1995,30,28,2511,27.9,2,0,2,2,0,0,4,1,46,148,36,0.07,0,0.07,0.07,0.07,1.9,1.9,0.5,2.4,0.07,0.02,0.09,0.07,0.09,"https://fbref.com/en/players/89ac64a6/Manuel-Akanji"
2024,"Manchester City","Premier League","Nathan Aké","NED","DF","29-102",1995,29,24,2042,22.7,2,2,4,2,0,0,0,0,24,116,18,0.09,0.09,0.18,0.09,0.18,2.5,2.5,1.2,3.7,0.11,0.05,0.16,0.11,0.16,"https://fbref.com/en/players/eaeca114/Nathan-Ake"
2024,"Manchester City","Premier League","Julián Álvarez","ARG","MF,FW","24-120",2000,36,31,2647,29.4,11,8,19,9,2,2,2,0,64,103,180,0.37,0.27,0.65,0.31,0.58,13,11.5,6.4,17.9,0.44,0.22,0.66,0.39,0.61,"https://fbref.com/en/players/15ab5a2b/Julian-Alvarez"
2024,"Manchester City","Premier League","Oscar Bobb","NOR","FW,MF","20-323",2003,14,2,302,3.4,1,1,2,1,0,0,0,0,13,25,38,0.3,0.3,0.6,0.3,0.6,1.4,1.4,1.2,2.6,0.41,0.37,0.78,0.41,0.78,"https://fbref.com/en/players/eed2427e/Oscar-Bobb"
2024,"Manchester City","Premier League","Kevin De Bruyne","BEL","MF","32-337",1991,18,15,1221,13.6,4,10,14,4,0,0,2,0,47,111,133,0.29,0.74,1.03,0.29,1.03,2.4,2.4,11.5,14,0.18,0.85,1.03,0.18,1.03,"https://fbref.com/en/players/e46012d4/Kevin-De-Bruyne"
2024,"Manchester City","Premier League","Rúben Dias","POR","DF","27-016",1997,30,28,2559,28.4,0,0,0,0,0,0,0,0,34,173,16,0,0,0,0,0,1.4,1.4,0.3,1.7,0.05,0.01,0.06,0.05,0.06,"https://fbref.com/en/players/31c69ef1/Ruben-Dias"
2024,"Manchester City","Premier League","Jeremy Doku","BEL","FW,MF","22-003",2002,29,18,1595,17.7,3,8,11,3,0,0,3,0,218,57,295,0.17,0.45,0.62,0.17,0.62,2.5,2.5,4.6,7.1,0.14,0.26,0.4,0.14,0.4,"https://fbref.com/en/players/fffea3e5/Jeremy-Doku"
2024,"Manchester City","Premier League","Ederson","BRA","GK","30-287",1993,33,33,2785,30.9,0,0,0,0,0,0,5,0,0,4,0,0,0,0,0,0,0,0,0.1,0.1,0,0,0,0,0,"https://fbref.com/en/players/3bb7b8b4/Ederson"
2024,"Manchester City","Premier League","Phil Foden","ENG","FW,MF","24-002",2000,35,33,2857,31.7,19,8,27,19,0,0,2,0,93,168,269,0.6,0.25,0.85,0.6,0.85,10.3,10.3,8.4,18.7,0.33,0.26,0.59,0.33,0.59,"https://fbref.com/en/players/ed1e53f3/Phil-Foden"
2024,"Manchester City","Premier League","Sergio Gómez","ESP","FW,MF","23-269",2000,6,0,53,0.6,0,1,1,0,0,0,0,0,4,2,4,0,1.7,1.7,0,1.7,0.2,0.2,0.2,0.4,0.41,0.31,0.73,0.41,0.73,"https://fbref.com/en/players/01e5f06e/Sergio-Gomez"
2024,"Manchester City","Premier League","Jack Grealish","ENG","FW,MF","28-263",1995,20,10,1009,11.2,3,1,4,3,0,0,6,0,87,50,146,0.27,0.09,0.36,0.27,0.36,2.1,2.1,2.5,4.6,0.19,0.22,0.41,0.19,0.41,"https://fbref.com/en/players/b0b4fd3e/Jack-Grealish"
2024,"Manchester City","Premier League","Joško Gvardiol","CRO","DF","22-128",2002,28,26,2328,25.9,4,1,5,4,0,0,3,0,63,136,115,0.15,0.04,0.19,0.15,0.19,3.1,3.1,1.4,4.5,0.12,0.06,0.18,0.12,0.18,"https://fbref.com/en/players/5ad50391/Josko-Gvardiol"
2024,"Manchester City","Premier League","Erling Haaland","NOR","FW","23-314",2000,31,29,2552,28.4,27,5,32,20,7,8,1,0,35,26,126,0.95,0.18,1.13,0.71,0.88,29.2,22.9,4.3,27.2,1.03,0.15,1.18,0.81,0.96,"https://fbref.com/en/players/1f44ac21/Erling-Haaland"
2024,"Manchester City","Premier League","Mateo Kovačić","CRO","MF","30-024",1994,30,16,1551,17.2,1,0,1,1,0,0,4,0,37,100,38,0.06,0,0.06,0.06,0.06,1.3,1.3,1.6,2.9,0.07,0.09,0.17,0.07,0.17,"https://fbref.com/en/players/79c0821a/Mateo-Kovacic"
2024,"Manchester City","Premier League","Aymeric Laporte","ESP","DF","30-003",1994,1,0,12,0.1,0,0,0,0,0,0,0,0,0,0,0,0,0,0,0,0,0,0,0,0,0.27,0,0.27,0.27,0.27,"https://fbref.com/en/players/119b9a8e/Aymeric-Laporte"
2024,"Manchester City","Premier League","Rico Lewis","ENG","DF,MF","19-191",2004,16,8,809,9,2,0,2,2,0,0,1,0,21,33,46,0.22,0,0.22,0.22,0.22,0.6,0.6,1.1,1.8,0.07,0.12,0.19,0.07,0.19,"https://fbref.com/en/players/b57e066e/Rico-Lewis"
2024,"Manchester City","Premier League","James Mcatee","ENG","MF","21-225",2002,1,0,1,0,0,0,0,0,0,0,0,0,0,0,0,0,0,0,0,0,0,0,0,0,0,0,0,0,0,"https://fbref.com/en/players/96593e89/James-Mcatee"
2024,"Manchester City","Premier League","Matheus Nunes","POR","MF","25-277",1998,17,7,661,7.3,0,2,2,0,0,0,0,0,28,34,58,0,0.27,0.27,0,0.27,0.8,0.8,1.1,2,0.11,0.15,0.27,0.11,0.27,"https://fbref.com/en/players/e6af02e0/Matheus-Nunes"
2024,"Manchester City","Premier League","Stefan Ortega","GER","GK","31-206",1992,9,5,635,7.1,0,0,0,0,0,0,0,0,0,0,0,0,0,0,0,0,0,0,0,0,0,0,0,0,0,"https://fbref.com/en/players/c1242d4e/Stefan-Ortega"
2024,"Manchester City","Premier League","Cole Palmer","ENG","MF","22-024",2002,1,0,11,0.1,0,0,0,0,0,0,0,0,0,0,0,0,0,0,0,0,0,0,0,0,0,0,0,0,0,"https://fbref.com/en/players/dc7f8a28/Cole-Palmer"
2024,"Manchester City","Premier League","Kalvin Phillips","ENG","MF","28-180",1995,4,0,93,1,0,0,0,0,0,0,0,0,7,7,3,0,0,0,0,0,0.1,0.1,0,0.1,0.07,0,0.07,0.07,0.07,"https://fbref.com/en/players/4f565d77/Kalvin-Phillips"
2024,"Manchester City","Premier League","Rodri","ESP","MF","27-343",1996,34,34,2931,32.6,8,9,17,8,0,0,8,1,76,376,55,0.25,0.28,0.52,0.25,0.52,4.1,4.1,3.9,8,0.12,0.12,0.24,0.12,0.24,"https://fbref.com/en/players/6434f10d/Rodri"
2024,"Manchester City","Premier League","Bernardo Silva","POR","MF,FW","29-294",1994,33,29,2578,28.6,6,9,15,6,0,0,8,0,140,177,260,0.21,0.31,0.52,0.21,0.52,3.7,3.7,7.6,11.3,0.13,0.27,0.4,0.13,0.4,"https://fbref.com/en/players/3eb22ec9/Bernardo-Silva"
2024,"Manchester City","Premier League","John Stones","ENG","DF,MF","30-002",1994,16,12,1064,11.8,1,0,1,1,0,0,2,0,16,57,24,0.08,0,0.08,0.08,0.08,1,1,0.2,1.3,0.09,0.02,0.11,0.09,0.11,"https://fbref.com/en/players/5eecec3d/John-Stones"
2024,"Manchester City","Premier League","Kyle Walker","ENG","DF","34-002",1990,32,30,2767,30.7,0,4,4,0,0,0,2,0,74,157,172,0,0.13,0.13,0,0.13,0.4,0.4,2.6,3,0.01,0.09,0.1,0.01,0.1,"https://fbref.com/en/players/86dd77d1/Kyle-Walker"
2024,"Manchester Utd","Premier League","Sofyan Amrabat","MAR","MF,DF","27-283",1996,21,10,938,10.4,0,0,0,0,0,0,6,0,6,66,10,0,0,0,0,0,0.1,0.1,0.3,0.4,0.01,0.03,0.04,0.01,0.04,"https://fbref.com/en/players/5a2cb25d/Sofyan-Amrabat"
2024,"Manchester Utd","Premier League","Antony","BRA","FW","24-096",2000,29,15,1324,14.7,1,1,2,1,0,0,5,0,53,64,149,0.07,0.07,0.14,0.07,0.14,3.4,3.4,2.8,6.1,0.23,0.19,0.42,0.23,0.42,"https://fbref.com/en/players/99127249/Antony"
2024,"Manchester Utd","Premier League","Donny van de Beek","NED","DF","27-042",1997,1,0,3,0,0,0,0,0,0,0,0,0,0,0,1,0,0,0,0,0,0,0,0.1,0.2,1.09,4.44,5.54,1.09,5.54,"https://fbref.com/en/players/50dc94ce/Donny-van-de-Beek"
2024,"Manchester Utd","Premier League","Casemiro","BRA","MF,DF","32-097",1992,25,24,1982,22,1,2,3,1,0,0,7,0,12,112,36,0.05,0.09,0.14,0.05,0.14,3.5,3.5,1,4.5,0.16,0.05,0.2,0.16,0.2,"https://fbref.com/en/players/4d224fe8/Casemiro"
2024,"Manchester Utd","Premier League","Diogo Dalot","POR","DF","25-073",1999,36,35,3174,35.3,2,3,5,2,0,0,6,1,52,124,111,0.06,0.09,0.14,0.06,0.14,1.7,1.7,2.9,4.6,0.05,0.08,0.13,0.05,0.13,"https://fbref.com/en/players/d9565625/Diogo-Dalot"
2024,"Manchester Utd","Premier League","Amad Diallo","CIV","FW,MF","21-324",2002,9,3,390,4.3,1,1,2,1,0,0,1,0,11,10,31,0.23,0.23,0.46,0.23,0.46,0.5,0.5,1,1.6,0.12,0.24,0.36,0.12,0.36,"https://fbref.com/en/players/9dc96f10/Amad-Diallo"
2024,"Manchester Utd","Premier League","Christian Eriksen","DEN","MF","32-106",1992,22,12,1141,12.7,1,2,3,1,0,0,1,0,20,68,23,0.08,0.16,0.24,0.08,0.24,1,1,2.3,3.3,0.08,0.18,0.26,0.08,0.26,"https://fbref.com/en/players/980522ec/Christian-Eriksen"
2024,"Manchester Utd","Premier League","Jonny Evans","NIR","DF","36-148",1988,23,15,1392,15.5,0,1,1,0,0,0,2,0,7,37,1,0,0.06,0.06,0,0.06,0.1,0.1,1.2,1.2,0,0.08,0.08,0,0.08,"https://fbref.com/en/players/f8fcd2a5/Jonny-Evans"
2024,"Manchester Utd","Premier League","Bruno Fernandes","POR","MF,FW","29-265",1994,35,35,3118,34.6,10,8,18,6,4,5,9,0,86,297,182,0.29,0.23,0.52,0.17,0.4,10,6.1,11.8,17.8,0.29,0.34,0.63,0.17,0.51,"https://fbref.com/en/players/507c7bdf/Bruno-Fernandes"
2024,"Manchester Utd","Premier League","Omari Forson","ENG","FW","19-315",2004,4,1,70,0.8,0,1,1,0,0,0,0,0,1,2,2,0,1.29,1.29,0,1.29,0,0,0.2,0.2,0.04,0.23,0.27,0.04,0.27,"https://fbref.com/en/players/1b9728b0/Omari-Forson"
2024,"Manchester Utd","Premier League","Alejandro Garnacho","ARG","FW","19-334",2004,36,30,2565,28.5,7,4,11,7,0,0,4,0,178,62,281,0.25,0.14,0.39,0.25,0.39,8.4,8.3,5.1,13.4,0.29,0.18,0.47,0.29,0.47,"https://fbref.com/en/players/7aa8adfe/Alejandro-Garnacho"
2024,"Manchester Utd","Premier League","Daniel Gore","ENG","MF","19-247",2004,1,0,1,0,0,0,0,0,0,0,0,0,0,0,0,0,0,0,0,0,0,0,0,0,0,0,0,0,0,"https://fbref.com/en/players/861e9b3b/Daniel-Gore"
2024,"Manchester Utd","Premier League","Rasmus Højlund","DEN","FW","21-116",2003,30,25,2158,24,10,2,12,10,0,0,2,0,36,33,111,0.42,0.08,0.5,0.42,0.5,7.6,7.6,1.6,9.2,0.32,0.07,0.38,0.32,0.38,"https://fbref.com/en/players/491a433d/Rasmus-Hojlund"
2024,"Manchester Utd","Premier League","Willy Kambwala","FRA","DF","19-279",2004,8,3,330,3.7,0,0,0,0,0,0,1,0,2,8,1,0,0,0,0,0,0,0,0,0,0,0,0,0,0,"https://fbref.com/en/players/6a7353d7/Willy-Kambwala"
2024,"Manchester Utd","Premier League","Victor Lindelöf","SWE","DF","29-318",1994,19,14,1328,14.8,1,1,2,1,0,0,2,0,17,40,17,0.07,0.07,0.14,0.07,0.14,0.8,0.8,0.3,1.1,0.05,0.02,0.07,0.05,0.07,"https://fbref.com/en/players/f5deef4c/Victor-Lindelof"
2024,"Manchester Utd","Premier League","Harry Maguire","ENG","DF","31-086",1993,22,18,1653,18.4,2,2,4,2,0,0,4,0,20,73,2,0.11,0.11,0.22,0.11,0.22,2,2,1.2,3.3,0.11,0.07,0.18,0.11,0.18,"https://fbref.com/en/players/d8931174/Harry-Maguire"
2024,"Manchester Utd","Premier League","Kobbie Mainoo","ENG","MF","19-041",2005,24,24,1924,21.4,3,1,4,3,0,0,3,0,25,64,36,0.14,0.05,0.19,0.14,0.19,0.9,0.9,0.7,1.6,0.04,0.03,0.07,0.04,0.07,"https://fbref.com/en/players/c6220452/Kobbie-Mainoo"
2024,"Manchester Utd","Premier League","Anthony Martial","FRA","FW","28-177",1995,13,5,448,5,1,0,1,1,0,0,0,0,6,12,36,0.2,0,0.2,0.2,0.2,1.2,1.2,0.2,1.5,0.25,0.05,0.29,0.25,0.29,"https://fbref.com/en/players/8b788c01/Anthony-Martial"
2024,"Manchester Utd","Premier League","Lisandro Martínez","ARG","DF","26-133",1998,11,8,646,7.2,0,1,1,0,0,0,3,0,8,28,1,0,0.14,0.14,0,0.14,0,0,0.1,0.1,0,0.01,0.01,0,0.01,"https://fbref.com/en/players/bac46a10/Lisandro-Martinez"
2024,"Manchester Utd","Premier League","Scott McTominay","SCO","MF,FW","27-174",1996,32,18,1901,21.1,7,1,8,7,0,0,2,0,29,64,47,0.33,0.05,0.38,0.33,0.38,5.7,5.7,0.8,6.6,0.27,0.04,0.31,0.27,0.31,"https://fbref.com/en/players/d93c2511/Scott-McTominay"
2024,"Manchester Utd","Premier League","Hannibal Mejbri","TUN","MF,FW","21-130",2003,5,1,133,1.5,1,0,1,1,0,0,1,0,2,6,10,0.68,0,0.68,0.68,0.68,0,0,0.4,0.4,0.02,0.25,0.27,0.02,0.27,"https://fbref.com/en/players/ca22ccb0/Hannibal-Mejbri"
2024,"Manchester Utd","Premier League","Mason Mount","ENG","MF,FW","25-141",1999,14,5,516,5.7,1,0,1,1,0,0,2,0,9,21,34,0.17,0,0.17,0.17,0.17,0.4,0.4,0.3,0.7,0.07,0.06,0.13,0.07,0.13,"https://fbref.com/en/players/9674002f/Mason-Mount"
2024,"Manchester Utd","Premier League","André Onana","CMR","GK","28-058",1996,38,38,3420,38,0,0,0,0,0,0,5,0,1,5,0,0,0,0,0,0,0,0,0.1,0.1,0,0,0,0,0,"https://fbref.com/en/players/e9c0c1b2/Andre-Onana"
2024,"Manchester Utd","Premier League","Facundo Pellistri","URU","FW,MF","22-162",2001,9,1,172,1.9,0,1,1,0,0,0,0,0,6,6,31,0,0.52,0.52,0,0.52,0.7,0.7,0.1,0.8,0.38,0.05,0.43,0.38,0.43,"https://fbref.com/en/players/ac7e7b1c/Facundo-Pellistri"
2024,"Manchester Utd","Premier League","Marcus Rashford","ENG","FW","26-212",1997,33,26,2271,25.2,7,2,9,5,2,2,2,0,95,65,184,0.28,0.08,0.36,0.2,0.28,7.3,5.8,2.3,8.1,0.29,0.09,0.38,0.23,0.32,"https://fbref.com/en/players/a1d5bd30/Marcus-Rashford"
2024,"Manchester Utd","Premier League","Sergio Reguilón","ESP","DF","27-166",1996,9,4,412,4.6,0,0,0,0,0,0,3,0,11,27,38,0,0,0,0,0,0.2,0.2,0.7,0.9,0.04,0.16,0.2,0.04,0.2,"https://fbref.com/en/players/3353737a/Sergio-Reguilon"
2024,"Manchester Utd","Premier League","Jadon Sancho","ENG","FW,MF","24-066",2000,3,0,79,0.9,0,0,0,0,0,0,0,0,10,4,5,0,0,0,0,0,0,0,0.1,0.1,0,0.06,0.06,0,0.06,"https://fbref.com/en/players/dbf053da/Jadon-Sancho"
2024,"Manchester Utd","Premier League","Luke Shaw","ENG","DF","28-323",1995,12,12,959,10.7,0,0,0,0,0,0,6,0,10,45,30,0,0,0,0,0,0,0,1,1,0,0.09,0.1,0,0.1,"https://fbref.com/en/players/9c94165b/Luke-Shaw"
2024,"Manchester Utd","Premier League","Raphaël Varane","FRA","DF","31-035",1993,22,16,1375,15.3,1,0,1,1,0,0,2,0,16,59,2,0.07,0,0.07,0.07,0.07,1.3,1.3,0.1,1.3,0.08,0,0.09,0.08,0.09,"https://fbref.com/en/players/9f8e9423/Raphael-Varane"
2024,"Manchester Utd","Premier League","Aaron Wan-Bissaka","ENG","DF","26-186",1997,22,20,1780,19.8,0,2,2,0,0,0,4,0,30,77,54,0,0.1,0.1,0,0.1,0.1,0.1,1.5,1.6,0.01,0.08,0.08,0.01,0.08,"https://fbref.com/en/players/9e525177/Aaron-Wan-Bissaka"
2024,"Manchester Utd","Premier League","Ethan Wheatley","ENG","FW","18-131",2006,3,0,16,0.2,0,0,0,0,0,0,0,0,0,0,1,0,0,0,0,0,0,0,0,0,0,0,0,0,0,"https://fbref.com/en/players/5c368c88/Ethan-Wheatley"
2024,"Newcastle Utd","Premier League","Miguel Almirón","PAR","FW","30-110",1994,33,23,1937,21.5,3,1,4,3,0,0,2,0,78,78,162,0.14,0.05,0.19,0.14,0.19,4.5,4.5,2.6,7.2,0.21,0.12,0.33,0.21,0.33,"https://fbref.com/en/players/862a1c15/Miguel-Almiron"
2024,"Newcastle Utd","Premier League","Elliot Anderson","SCO","MF,FW","21-206",2002,21,10,1027,11.4,0,2,2,0,0,0,3,0,37,57,70,0,0.18,0.18,0,0.18,1.6,1.6,1.9,3.5,0.14,0.17,0.31,0.14,0.31,"https://fbref.com/en/players/de31038e/Elliot-Anderson"
2024,"Newcastle Utd","Premier League","Harvey Barnes","ENG","FW,MF","26-173",1997,21,7,802,8.9,5,3,8,5,0,0,2,0,45,34,79,0.56,0.34,0.9,0.56,0.9,3.6,3.6,3.2,6.8,0.4,0.36,0.76,0.4,0.76,"https://fbref.com/en/players/3ea50f67/Harvey-Barnes"
2024,"Newcastle Utd","Premier League","Sven Botman","NED","DF","24-139",2000,17,15,1377,15.3,2,2,4,2,0,0,2,0,0,35,5,0.13,0.13,0.26,0.13,0.26,0.6,0.6,1,1.6,0.04,0.07,0.11,0.04,0.11,"https://fbref.com/en/players/ccce7025/Sven-Botman"
2024,"Newcastle Utd","Premier League","Dan Burn","ENG","DF","32-021",1992,33,32,2726,30.3,2,2,4,2,0,0,4,0,14,75,25,0.07,0.07,0.13,0.07,0.13,3.1,3.1,1.1,4.2,0.1,0.04,0.14,0.1,0.14,"https://fbref.com/en/players/b2d31e83/Dan-Burn"
2024,"Newcastle Utd","Premier League","Amadou Diallo","ENG","MF","21-105",2003,1,0,1,0,0,0,0,0,0,0,0,0,0,0,0,0,0,0,0,0,0,0,0,0,0,0,0,0,0,"https://fbref.com/en/players/e31708b2/Amadou-Diallo"
2024,"Newcastle Utd","Premier League","Martin Dúbravka","SVK","GK","35-136",1989,23,22,1985,22.1,0,0,0,0,0,0,1,0,0,0,0,0,0,0,0,0,0,0,0.1,0.1,0,0,0,0,0,"https://fbref.com/en/players/3a949a25/Martin-Dubravka"
2024,"Newcastle Utd","Premier League","Paul Dummett","WAL","DF","32-247",1991,5,0,20,0.2,0,0,0,0,0,0,0,0,1,1,0,0,0,0,0,0,0,0,0,0,0.11,0,0.11,0.11,0.11,"https://fbref.com/en/players/3fe6bd8c/Paul-Dummett"
2024,"Newcastle Utd","Premier League","Anthony Gordon","ENG","FW","23-096",2001,35,34,2890,32.1,11,10,21,10,1,1,12,1,138,101,232,0.34,0.31,0.65,0.31,0.62,10.2,9.4,8,17.5,0.32,0.25,0.57,0.29,0.54,"https://fbref.com/en/players/2bd83368/Anthony-Gordon"
2024,"Newcastle Utd","Premier League","Bruno Guimarães","BRA","MF","26-196",1997,37,37,3263,36.3,7,8,15,7,0,0,9,0,65,283,73,0.19,0.22,0.41,0.19,0.41,4.8,4.8,6.4,11.2,0.13,0.18,0.31,0.13,0.31,"https://fbref.com/en/players/82518f62/Bruno-Guimaraes"
2024,"Newcastle Utd","Premier League","Lewis Hall","ENG","DF","19-265",2004,18,8,781,8.7,1,0,1,1,0,0,2,0,19,46,27,0.12,0,0.12,0.12,0.12,0.3,0.3,0.2,0.6,0.04,0.03,0.07,0.04,0.07,"https://fbref.com/en/players/da011f18/Lewis-Hall"
2024,"Newcastle Utd","Premier League","Alexander Isak","SWE","FW","24-252",1999,30,27,2255,25.1,21,2,23,16,5,6,1,0,68,71,129,0.84,0.08,0.92,0.64,0.72,20.3,15.6,3.7,19.3,0.81,0.15,0.96,0.62,0.77,"https://fbref.com/en/players/8e92be30/Alexander-Isak"
2024,"Newcastle Utd","Premier League","Joelinton","BRA","MF,FW","27-290",1996,20,15,1279,14.2,2,1,3,2,0,0,6,0,29,56,60,0.14,0.07,0.21,0.14,0.21,3,3,2.9,5.9,0.21,0.2,0.42,0.21,0.42,"https://fbref.com/en/players/c17bfb65/Joelinton"
2024,"Newcastle Utd","Premier League","Loris Karius","GER","GK","30-343",1993,1,1,90,1,0,0,0,0,0,0,0,0,0,0,0,0,0,0,0,0,0,0,0,0,0,0,0,0,0,"https://fbref.com/en/players/32e7ce92/Loris-Karius"
2024,"Newcastle Utd","Premier League","Emil Krafth","SWE","DF","29-302",1994,17,8,913,10.1,0,0,0,0,0,0,2,0,12,29,33,0,0,0,0,0,0.2,0.2,1,1.2,0.02,0.1,0.12,0.02,0.12,"https://fbref.com/en/players/77cf6852/Emil-Krafth"
2024,"Newcastle Utd","Premier League","Jamaal Lascelles","ENG","DF","30-201",1993,16,13,1080,12,1,0,1,1,0,0,4,0,8,31,3,0.08,0,0.08,0.08,0.08,0.7,0.7,0.1,0.8,0.06,0.01,0.07,0.06,0.07,"https://fbref.com/en/players/450ab6fc/Jamaal-Lascelles"
2024,"Newcastle Utd","Premier League","Valentino Livramento","ENG","DF","21-200",2002,26,12,1314,14.6,1,0,1,1,0,0,1,0,44,61,76,0.07,0,0.07,0.07,0.07,0.4,0.4,0.8,1.2,0.03,0.05,0.08,0.03,0.08,"https://fbref.com/en/players/afed6722/Valentino-Livramento"
2024,"Newcastle Utd","Premier League","Sean Longstaff","ENG","MF","26-213",1997,35,30,2747,30.5,6,2,8,6,0,0,7,0,24,145,116,0.2,0.07,0.26,0.2,0.26,6.7,6.7,2.3,9,0.22,0.07,0.29,0.22,0.29,"https://fbref.com/en/players/a2b105e0/Sean-Longstaff"
2024,"Newcastle Utd","Premier League","Lewis Miley","ENG","MF","18-029",2006,17,14,1202,13.4,1,3,4,1,0,0,1,0,14,53,54,0.07,0.22,0.3,0.07,0.3,1.2,1.2,1.7,2.9,0.09,0.13,0.22,0.09,0.22,"https://fbref.com/en/players/2c6835e5/Lewis-Miley"
2024,"Newcastle Utd","Premier League","Alex Murphy","IRL","DF,FW","19-340",2004,2,0,13,0.1,0,0,0,0,0,0,0,0,0,1,0,0,0,0,0,0,0,0,0,0,0,0,0,0,0,"https://fbref.com/en/players/f1c42eb3/Alex-Murphy"
2024,"Newcastle Utd","Premier League","Jacob Murphy","ENG","FW,DF","29-096",1995,21,14,1189,13.2,3,7,10,3,0,0,1,0,33,52,113,0.23,0.53,0.76,0.23,0.76,2.1,2.1,5,7.1,0.16,0.37,0.54,0.16,0.54,"https://fbref.com/en/players/de112b84/Jacob-Murphy"
2024,"Newcastle Utd","Premier League","Michael Ndiweni","ENG","FW","20-180",2003,1,0,1,0,0,0,0,0,0,0,0,0,0,0,0,0,0,0,0,0,0,0,0,0,0,0,0,0,0,"https://fbref.com/en/players/8aff2b51/Michael-Ndiweni"
2024,"Newcastle Utd","Premier League","Ben Parkinson","ENG","FW","19-081",2005,1,0,25,0.3,0,0,0,0,0,0,0,0,0,0,0,0,0,0,0,0,0,0,0,0,0,0,0,0,0,"https://fbref.com/en/players/32163807/Ben-Parkinson"
2024,"Newcastle Utd","Premier League","Nick Pope","ENG","GK","32-041",1992,15,15,1345,14.9,0,0,0,0,0,0,1,0,0,0,0,0,0,0,0,0,0,0,0,0,0,0,0,0,0,"https://fbref.com/en/players/4b40d9ca/Nick-Pope"
2024,"Newcastle Utd","Premier League","Matt Ritchie","SCO","FW,MF","34-263",1989,13,0,128,1.4,1,0,1,1,0,0,1,0,5,8,13,0.7,0,0.7,0.7,0.7,1,1,0,1,0.68,0,0.68,0.68,0.68,"https://fbref.com/en/players/71ef519e/Matt-Ritchie"
2024,"Newcastle Utd","Premier League","Fabian Schär","SUI","DF","32-162",1991,36,35,3054,33.9,4,1,5,4,0,0,5,0,28,133,20,0.12,0.03,0.15,0.12,0.15,2.5,2.5,0.7,3.3,0.07,0.02,0.1,0.07,0.1,"https://fbref.com/en/players/c8aa95da/Fabian-Schar"
2024,"Newcastle Utd","Premier League","Matt Targett","ENG","DF","28-255",1995,3,1,78,0.9,0,0,0,0,0,0,1,0,1,2,0,0,0,0,0,0,0,0,0,0,0,0.03,0.03,0,0.03,"https://fbref.com/en/players/e514ab62/Matt-Targett"
2024,"Newcastle Utd","Premier League","Sandro Tonali","ITA","MF","24-022",2000,8,5,438,4.9,1,0,1,1,0,0,2,0,11,19,21,0.21,0,0.21,0.21,0.21,0.7,0.7,0.6,1.3,0.13,0.13,0.26,0.13,0.26,"https://fbref.com/en/players/0db169ae/Sandro-Tonali"
2024,"Newcastle Utd","Premier League","Kieran Trippier","ENG","DF","33-254",1990,28,26,2236,24.8,1,10,11,1,0,0,5,0,34,157,128,0.04,0.4,0.44,0.04,0.44,0.7,0.7,7.5,8.2,0.03,0.3,0.33,0.03,0.33,"https://fbref.com/en/players/21512407/Kieran-Trippier"
2024,"Newcastle Utd","Premier League","Joe White","ENG","MF","21-242",2002,4,0,13,0.1,0,0,0,0,0,0,1,0,2,3,3,0,0,0,0,0,0,0,0,0,0,0,0,0,0,"https://fbref.com/en/players/d60c03a9/Joe-White"
2024,"Newcastle Utd","Premier League","Joe Willock","ENG","MF","24-284",1999,9,5,419,4.7,1,0,1,1,0,0,0,0,16,17,26,0.21,0,0.21,0.21,0.21,0.8,0.8,0.6,1.4,0.17,0.12,0.3,0.17,0.3,"https://fbref.com/en/players/a3b03921/Joe-Willock"
2024,"Newcastle Utd","Premier League","Callum Wilson","ENG","FW","32-093",1992,20,9,991,11,9,1,10,7,2,2,3,0,11,9,77,0.82,0.09,0.91,0.64,0.73,8.8,7.2,0.6,7.8,0.8,0.05,0.85,0.65,0.71,"https://fbref.com/en/players/c596fcb0/Callum-Wilson"
2024,"Nott'ham Forest","Premier League","Brandon Aguilera","CRC","FW","20-337",2003,1,0,5,0.1,0,0,0,0,0,0,0,0,0,0,1,0,0,0,0,0,0,0,0,0,0,0,0,0,0,"https://fbref.com/en/players/938fa024/Brandon-Aguilera"
2024,"Nott'ham Forest","Premier League","Ola Aina","NGA","DF","27-235",1996,22,20,1692,18.8,1,1,2,1,0,0,3,0,53,68,38,0.05,0.05,0.11,0.05,0.11,0.3,0.3,0.9,1.2,0.01,0.05,0.06,0.01,0.06,"https://fbref.com/en/players/246d153b/Ola-Aina"
2024,"Nott'ham Forest","Premier League","Serge Aurier","CIV","DF,MF","31-158",1992,12,10,833,9.3,0,2,2,0,0,0,2,0,10,47,29,0,0.22,0.22,0,0.22,0.2,0.2,0.5,0.6,0.02,0.05,0.07,0.02,0.07,"https://fbref.com/en/players/5c2b4f07/Serge-Aurier"
2024,"Nott'ham Forest","Premier League","Taiwo Awoniyi","NGA","FW","26-292",1997,20,12,1042,11.6,6,3,9,6,0,0,2,0,8,14,45,0.52,0.26,0.78,0.52,0.78,4.7,4.7,1.7,6.4,0.41,0.15,0.56,0.41,0.56,"https://fbref.com/en/players/e5478b87/Taiwo-Awoniyi"
2024,"Nott'ham Forest","Premier League","Willy Boly","CIV","DF","33-117",1991,20,18,1438,16,2,1,3,2,0,0,3,1,4,32,3,0.13,0.06,0.19,0.13,0.19,1.5,1.5,1.3,2.8,0.09,0.08,0.18,0.09,0.18,"https://fbref.com/en/players/a4ac4b8f/Willy-Boly"
2024,"Nott'ham Forest","Premier League","Danilo","BRA","MF","23-031",2001,29,20,1792,19.9,2,2,4,2,0,0,4,0,22,83,28,0.1,0.1,0.2,0.1,0.2,1.8,1.8,1.5,3.4,0.09,0.08,0.17,0.09,0.17,"https://fbref.com/en/players/a816dbfb/Danilo"
2024,"Nott'ham Forest","Premier League","Nicolás Domínguez","ARG","MF,FW","25-337",1998,26,19,1495,16.6,2,2,4,2,0,0,4,0,14,91,43,0.12,0.12,0.24,0.12,0.24,1.3,1.3,1,2.3,0.08,0.06,0.14,0.08,0.14,"https://fbref.com/en/players/20b3a502/Nicolas-Dominguez"
2024,"Nott'ham Forest","Premier League","Anthony Elanga","SWE","FW,MF","22-033",2002,36,25,2433,27,5,9,14,5,0,0,1,0,98,49,196,0.18,0.33,0.52,0.18,0.52,6.6,6.6,6.7,13.3,0.24,0.25,0.49,0.24,0.49,"https://fbref.com/en/players/2fba6108/Anthony-Elanga"
2024,"Nott'ham Forest","Premier League","Felipe","BRA","DF","35-014",1989,7,4,375,4.2,0,0,0,0,0,0,4,0,1,6,0,0,0,0,0,0,0.1,0.1,0.1,0.2,0.03,0.01,0.04,0.03,0.04,"https://fbref.com/en/players/51a3c4c8/Felipe"
2024,"Nott'ham Forest","Premier League","Morgan Gibbs-White","ENG","MF,FW","24-124",2000,37,35,3156,35.1,5,10,15,4,1,1,9,0,80,170,181,0.14,0.29,0.43,0.11,0.4,6.9,6.1,8.4,14.6,0.2,0.24,0.44,0.17,0.42,"https://fbref.com/en/players/32f60ed8/Morgan-Gibbs-White"
2024,"Nott'ham Forest","Premier League","Callum Hudson-Odoi","ENG","FW,MF","23-205",2000,29,20,1854,20.6,8,1,9,8,0,0,0,0,111,58,171,0.39,0.05,0.44,0.39,0.44,2.7,2.7,2.8,5.5,0.13,0.14,0.27,0.13,0.27,"https://fbref.com/en/players/15f3ec41/Callum-Hudson-Odoi"
2024,"Nott'ham Forest","Premier League","Brennan Johnson","WAL","FW,MF","23-007",2001,3,3,237,2.6,0,0,0,0,0,0,0,0,8,1,14,0,0,0,0,0,0.3,0.3,0.2,0.5,0.12,0.08,0.21,0.12,0.21,"https://fbref.com/en/players/0cd31129/Brennan-Johnson"
2024,"Nott'ham Forest","Premier League","Cheikhou Kouyaté","SEN","MF","34-161",1989,12,2,212,2.4,0,0,0,0,0,0,2,0,0,5,5,0,0,0,0,0,0.3,0.3,0,0.3,0.12,0.02,0.14,0.12,0.14,"https://fbref.com/en/players/8d3c902d/Cheikhou-Kouyate"
2024,"Nott'ham Forest","Premier League","Orel Mangala","BEL","MF","26-073",1998,20,19,1563,17.4,1,0,1,1,0,0,6,0,13,45,14,0.06,0,0.06,0.06,0.06,0.8,0.8,0.2,1.1,0.05,0.01,0.06,0.05,0.06,"https://fbref.com/en/players/a572e291/Orel-Mangala"
2024,"Nott'ham Forest","Premier League","Scott McKenna","SCO","DF","27-200",1996,5,5,416,4.6,0,0,0,0,0,0,0,0,1,10,0,0,0,0,0,0,0.2,0.2,0.2,0.4,0.05,0.04,0.08,0.05,0.08,"https://fbref.com/en/players/4e5a4cbc/Scott-McKenna"
2024,"Nott'ham Forest","Premier League","Gonzalo Montiel","ARG","DF","27-150",1997,14,8,801,8.9,0,2,2,0,0,0,5,0,10,28,32,0,0.22,0.22,0,0.22,0.1,0.1,1.4,1.5,0.01,0.15,0.17,0.01,0.17,"https://fbref.com/en/players/374d5158/Gonzalo-Montiel"
2024,"Nott'ham Forest","Premier League","Murillo","BRA","DF","21-331",2002,32,32,2789,31,0,2,2,0,0,0,5,0,22,89,7,0,0.06,0.06,0,0.06,1.8,1.8,1.2,3,0.06,0.04,0.1,0.06,0.1,"https://fbref.com/en/players/1704b0b8/Murillo"
2024,"Nott'ham Forest","Premier League","Moussa Niakhate","SEN","DF","28-083",1996,21,15,1460,16.2,1,0,1,1,0,0,5,1,13,39,6,0.06,0,0.06,0.06,0.06,1.1,1.1,0.1,1.2,0.07,0.01,0.08,0.07,0.08,"https://fbref.com/en/players/00242715/Moussa-Niakhate"
2024,"Nott'ham Forest","Premier League","Andrew Omobamidele","IRL","DF","21-342",2002,11,8,783,8.7,0,0,0,0,0,0,2,0,1,8,0,0,0,0,0,0,0.1,0.1,0.1,0.2,0.02,0.01,0.03,0.02,0.03,"https://fbref.com/en/players/c393a6c4/Andrew-Omobamidele"
2024,"Nott'ham Forest","Premier League","Divock Origi","BEL","FW","29-042",1995,20,6,606,6.7,0,1,1,0,0,0,1,0,19,14,41,0,0.15,0.15,0,0.15,1.4,1.4,2.1,3.5,0.21,0.31,0.51,0.21,0.51,"https://fbref.com/en/players/43a166b4/Divock-Origi"
2024,"Nott'ham Forest","Premier League","Gio Reyna","USA","FW,MF","21-199",2002,9,2,235,2.6,0,1,1,0,0,0,0,0,3,12,14,0,0.38,0.38,0,0.38,0.3,0.3,0.5,0.8,0.11,0.18,0.29,0.11,0.29,"https://fbref.com/en/players/7fa4e703/Gio-Reyna"
2024,"Nott'ham Forest","Premier League","Rodrigo Ribeiro","POR","MF,FW","19-032",2005,4,0,17,0.2,0,0,0,0,0,0,0,0,2,2,1,0,0,0,0,0,0,0,0,0,0,0,0,0,0,"https://fbref.com/en/players/484a3eae/Rodrigo-Ribeiro"
2024,"Nott'ham Forest","Premier League","Ibrahim Sangaré","CIV","MF","26-180",1997,17,13,1035,11.5,0,0,0,0,0,0,6,0,5,44,7,0,0,0,0,0,0.6,0.6,0.4,1,0.06,0.03,0.09,0.06,0.09,"https://fbref.com/en/players/bced0375/Ibrahim-Sangare"
2024,"Nott'ham Forest","Premier League","Andrey Santos","BRA","MF","20-027",2004,1,0,8,0.1,0,0,0,0,0,0,0,0,0,0,0,0,0,0,0,0,0.1,0.1,0,0.1,0.64,0,0.64,0.64,0.64,"https://fbref.com/en/players/dd745366/Andrey-Santos"
2024,"Nott'ham Forest","Premier League","Matz Sels","BEL","GK","32-094",1992,16,16,1440,16,0,0,0,0,0,0,1,0,0,0,0,0,0,0,0,0,0,0,0.1,0.1,0,0,0,0,0,"https://fbref.com/en/players/834b5c4c/Matz-Sels"
2024,"Nott'ham Forest","Premier League","Nuno Tavares","POR","DF","24-125",2000,8,5,457,5.1,0,0,0,0,0,0,2,0,14,24,12,0,0,0,0,0,0.2,0.2,0.5,0.7,0.03,0.1,0.13,0.03,0.13,"https://fbref.com/en/players/a65c844b/Nuno-Tavares"
2024,"Nott'ham Forest","Premier League","Harry Toffolo","ENG","DF","28-285",1995,23,15,1459,16.2,1,3,4,1,0,0,3,0,10,42,34,0.06,0.19,0.25,0.06,0.25,1.6,1.6,1.5,3.2,0.1,0.1,0.2,0.1,0.2,"https://fbref.com/en/players/a105d46a/Harry-Toffolo"
2024,"Nott'ham Forest","Premier League","Matt Turner","USA","GK","29-341",1994,17,17,1530,17,0,0,0,0,0,0,2,0,0,0,0,0,0,0,0,0,0,0,0,0,0,0,0,0,0,"https://fbref.com/en/players/4a51ba65/Matt-Turner"
2024,"Nott'ham Forest","Premier League","Odisseas Vlachodimos","GRE","GK","30-034",1994,5,5,450,5,0,0,0,0,0,0,0,0,0,1,0,0,0,0,0,0,0,0,0,0,0,0.01,0.01,0,0.01,"https://fbref.com/en/players/03df04ff/Odisseas-Vlachodimos"
2024,"Nott'ham Forest","Premier League","Neco Williams","WAL","DF","23-047",2001,26,18,1637,18.2,0,1,1,0,0,0,4,0,48,47,86,0,0.05,0.05,0,0.05,0.8,0.8,1.6,2.5,0.04,0.09,0.13,0.04,0.13,"https://fbref.com/en/players/dd323728/Neco-Williams"
2024,"Nott'ham Forest","Premier League","Chris Wood","NZL","FW","32-175",1991,31,20,1812,20.1,14,1,15,14,0,0,0,0,16,30,76,0.7,0.05,0.75,0.7,0.75,11.9,11.9,2.1,14,0.59,0.1,0.7,0.59,0.7,"https://fbref.com/en/players/4e9a0555/Chris-Wood"
2024,"Nott'ham Forest","Premier League","Joe Worrall","ENG","DF","27-141",1997,7,5,439,4.9,0,0,0,0,0,0,0,1,0,8,1,0,0,0,0,0,0.1,0.1,0.2,0.3,0.02,0.04,0.06,0.02,0.06,"https://fbref.com/en/players/a5212312/Joe-Worrall"
2024,"Nott'ham Forest","Premier League","Ryan Yates","ENG","MF","26-191",1997,35,21,1992,22.1,1,1,2,1,0,0,6,0,18,73,37,0.05,0.05,0.09,0.05,0.09,2.6,2.6,0.8,3.5,0.12,0.04,0.16,0.12,0.16,"https://fbref.com/en/players/c1fe2a48/Ryan-Yates"
2024,"Sheffield Utd","Premier League","Bénie Adama Traore","CIV","FW,MF","21-182",2002,8,3,387,4.3,0,0,0,0,0,0,0,0,7,9,14,0,0,0,0,0,0.3,0.3,0.5,0.8,0.06,0.13,0.19,0.06,0.19,"https://fbref.com/en/players/77816c91/Benie-Adama-Traore"
2024,"Sheffield Utd","Premier League","Anel Ahmedhodžić","BIH","DF","25-065",1999,31,29,2649,29.4,2,0,2,2,0,0,11,1,15,43,21,0.07,0,0.07,0.07,0.07,3.1,3.1,0.8,4,0.11,0.03,0.14,0.11,0.14,"https://fbref.com/en/players/eab957a3/Anel-Ahmedhodzic"
2024,"Sheffield Utd","Premier League","Oliver Arblaster","ENG","MF","20-025",2004,12,11,943,10.5,0,0,0,0,0,0,2,0,13,43,4,0,0,0,0,0,0,0,0.7,0.8,0,0.07,0.07,0,0.07,"https://fbref.com/en/players/afe1a491/Oliver-Arblaster"
2024,"Sheffield Utd","Premier League","Cameron Archer","ENG","FW,MF","22-314",2001,29,21,1832,20.4,4,1,5,4,0,0,1,0,33,15,113,0.2,0.05,0.25,0.2,0.25,5.5,5.5,2.8,8.3,0.27,0.14,0.41,0.27,0.41,"https://fbref.com/en/players/05e8ca6d/Cameron-Archer"
2024,"Sheffield Utd","Premier League","George Baldock","GRE","DF","31-082",1993,13,11,969,10.8,0,1,1,0,0,0,4,0,9,31,24,0,0.09,0.09,0,0.09,0,0,0.8,0.8,0,0.07,0.08,0,0.08,"https://fbref.com/en/players/394854c4/George-Baldock"
2024,"Sheffield Utd","Premier League","Chris Basham","ENG","DF,MF","35-315",1988,8,3,321,3.6,0,0,0,0,0,0,1,0,1,7,6,0,0,0,0,0,0.1,0.1,0.3,0.4,0.04,0.07,0.1,0.04,0.1,"https://fbref.com/en/players/1aa84968/Chris-Basham"
2024,"Sheffield Utd","Premier League","Anis Ben Slimane","TUN","MF","23-075",2001,15,4,419,4.7,0,0,0,0,0,0,2,0,3,12,21,0,0,0,0,0,0.8,0.8,0.3,1.1,0.17,0.06,0.23,0.17,0.23,"https://fbref.com/en/players/9ade9ce1/Anis-Ben-Slimane"
2024,"Sheffield Utd","Premier League","Jayden Bogle","ENG","DF","23-308",2000,34,32,2788,31,3,0,3,3,0,0,9,0,38,60,92,0.1,0,0.1,0.1,0.1,2.3,2.3,1,3.3,0.07,0.03,0.11,0.07,0.11,"https://fbref.com/en/players/ae5019e6/Jayden-Bogle"
2024,"Sheffield Utd","Premier League","Ben Brereton","CHI","FW,MF","25-042",1999,14,14,1105,12.3,6,1,7,5,1,1,3,0,23,37,78,0.49,0.08,0.57,0.41,0.49,6.1,5.3,1.5,6.7,0.49,0.12,0.61,0.43,0.55,"https://fbref.com/en/players/57827369/Ben-Brereton"
2024,"Sheffield Utd","Premier League","Rhian Brewster","ENG","FW,MF","24-059",2000,13,3,346,3.8,0,0,0,0,0,0,0,1,1,3,21,0,0,0,0,0,0.4,0.4,0.1,0.5,0.09,0.03,0.12,0.09,0.12,"https://fbref.com/en/players/30e81a88/Rhian-Brewster"
2024,"Sheffield Utd","Premier League","Andre Brooks","ENG","MF,DF","20-284",2003,20,12,938,10.4,0,0,0,0,0,0,1,0,12,18,22,0,0,0,0,0,0.4,0.4,0.1,0.5,0.04,0.01,0.05,0.04,0.05,"https://fbref.com/en/players/5f346071/Andre-Brooks"
2024,"Sheffield Utd","Premier League","Sam Curtis","IRL","DF","18-181",2005,1,0,28,0.3,0,0,0,0,0,0,0,0,0,1,1,0,0,0,0,0,0,0,0,0,0,0,0,0,0,"https://fbref.com/en/players/7d42865e/Sam-Curtis"
2024,"Sheffield Utd","Premier League","Tom Davies","ENG","MF","25-335",1998,9,2,221,2.5,0,0,0,0,0,0,2,0,3,8,3,0,0,0,0,0,0.4,0.4,0.1,0.4,0.14,0.03,0.17,0.14,0.17,"https://fbref.com/en/players/9228b07c/Tom-Davies"
2024,"Sheffield Utd","Premier League","John Egan","IRL","DF","31-223",1992,6,6,482,5.4,0,0,0,0,0,0,2,0,0,5,1,0,0,0,0,0,0.2,0.2,0,0.2,0.03,0,0.03,0.03,0.03,"https://fbref.com/en/players/debe38a0/John-Egan"
2024,"Sheffield Utd","Premier League","John Fleck","SCO","MF,DF","32-280",1991,4,1,92,1,0,0,0,0,0,0,1,0,2,3,0,0,0,0,0,0,0,0,0.4,0.4,0,0.44,0.44,0,0.44,"https://fbref.com/en/players/b63e789d/John-Fleck"
2024,"Sheffield Utd","Premier League","Wes Foderingham","ENG","GK","33-137",1991,30,29,2649,29.4,0,0,0,0,0,0,2,0,0,0,0,0,0,0,0,0,0,0,0.1,0.1,0,0,0,0,0,"https://fbref.com/en/players/96cf7b61/Wes-Foderingham"
2024,"Sheffield Utd","Premier League","Ivo Grbić","CRO","GK","28-133",1996,9,9,771,8.6,0,0,0,0,0,0,1,0,0,0,0,0,0,0,0,0,0,0,0,0,0,0,0,0,0,"https://fbref.com/en/players/3f034750/Ivo-Grbic"
2024,"Sheffield Utd","Premier League","Antwoine Hackford","ENG","FW","20-071",2004,2,0,13,0.1,0,0,0,0,0,0,0,0,0,0,0,0,0,0,0,0,0,0,0,0,0,0,0,0,0,"https://fbref.com/en/players/a7588cdc/Antwoine-Hackford"
2024,"Sheffield Utd","Premier League","Gustavo Hamer","NED","MF","26-341",1997,36,34,2910,32.3,4,6,10,4,0,0,9,0,36,135,86,0.12,0.19,0.31,0.12,0.31,3,3,6.1,9.1,0.09,0.19,0.28,0.09,0.28,"https://fbref.com/en/players/eebacc07/Gustavo-Hamer"
2024,"Sheffield Utd","Premier League","Mason Holgate","ENG","DF","27-221",1996,10,9,710,7.9,0,0,0,0,0,0,3,1,0,13,0,0,0,0,0,0,0.6,0.6,0.4,1.1,0.08,0.05,0.13,0.08,0.13,"https://fbref.com/en/players/d0042ab9/Mason-Holgate"
2024,"Sheffield Utd","Premier League","Daniel Jebbison","ENG","FW","20-291",2003,1,0,21,0.2,0,0,0,0,0,0,0,0,0,0,1,0,0,0,0,0,0,0,0,0,0,0,0,0,0,"https://fbref.com/en/players/03edb878/Daniel-Jebbison"
2024,"Sheffield Utd","Premier League","Yasser Larouci","ALG","DF","23-150",2001,11,6,531,5.9,0,0,0,0,0,0,1,0,18,14,12,0,0,0,0,0,0.2,0.2,0.3,0.5,0.04,0.05,0.09,0.04,0.09,"https://fbref.com/en/players/0ed063d6/Yasser-Larouci"
2024,"Sheffield Utd","Premier League","Max Lowe","ENG","DF,MF","27-019",1997,10,4,503,5.6,0,0,0,0,0,0,1,0,5,12,11,0,0,0,0,0,0.6,0.6,0.7,1.3,0.1,0.13,0.23,0.1,0.23,"https://fbref.com/en/players/7af88b33/Max-Lowe"
2024,"Sheffield Utd","Premier League","James Mcatee","ENG","MF,FW","21-225",2002,30,20,1822,20.2,3,3,6,2,1,1,2,0,55,51,110,0.15,0.15,0.3,0.1,0.25,3.1,2.3,2.9,5.2,0.15,0.15,0.3,0.11,0.26,"https://fbref.com/en/players/96593e89/James-Mcatee"
2024,"Sheffield Utd","Premier League","Oliver McBurnie","SCO","FW","27-361",1996,21,15,1280,14.2,6,3,9,4,2,2,7,2,6,30,60,0.42,0.21,0.63,0.28,0.49,6.9,5.3,2,7.3,0.48,0.14,0.62,0.37,0.51,"https://fbref.com/en/players/78b8ac63/Oliver-McBurnie"
2024,"Sheffield Utd","Premier League","Rhys Norrington-Davies","WAL","DF","25-038",1999,5,2,110,1.2,0,0,0,0,0,0,1,0,3,2,6,0,0,0,0,0,0,0,0,0,0,0.01,0.01,0,0.01,"https://fbref.com/en/players/ca76b087/Rhys-Norrington-Davies"
2024,"Sheffield Utd","Premier League","Oliver Norwood","NIR","MF","33-048",1991,27,16,1440,16,1,0,1,0,1,1,8,0,3,73,10,0.06,0,0.06,0,0,1.1,0.3,0.6,0.9,0.07,0.04,0.11,0.02,0.06,"https://fbref.com/en/players/43439614/Oliver-Norwood"
2024,"Sheffield Utd","Premier League","Ryan One","SCO","FW","17-339",2006,1,0,8,0.1,0,0,0,0,0,0,0,0,1,0,0,0,0,0,0,0,0,0,0,0,0,0,0,0,0,"https://fbref.com/en/players/d4aa4582/Ryan-One"
2024,"Sheffield Utd","Premier League","Ben Osborn","ENG","DF,MF","29-299",1994,24,14,1367,15.2,0,2,2,0,0,0,3,0,16,55,44,0,0.13,0.13,0,0.13,0.2,0.2,0.9,1.1,0.01,0.06,0.07,0.01,0.07,"https://fbref.com/en/players/79bc4c45/Ben-Osborn"
2024,"Sheffield Utd","Premier League","William Osula","DEN","FW","20-300",2003,21,9,786,8.7,0,0,0,0,0,0,4,0,7,2,41,0,0,0,0,0,1.6,1.6,0.1,1.7,0.19,0.01,0.2,0.19,0.2,"https://fbref.com/en/players/7b355808/William-Osula"
2024,"Sheffield Utd","Premier League","Sydie Peck","ENG","MF","19-260",2004,1,0,10,0.1,0,0,0,0,0,0,0,0,0,0,0,0,0,0,0,0,0,0,0,0,0,0,0,0,0,"https://fbref.com/en/players/767d9605/Sydie-Peck"
2024,"Sheffield Utd","Premier League","Jack Robinson","ENG","DF","30-272",1993,34,31,2885,32.1,1,1,2,1,0,0,10,0,8,63,14,0.03,0.03,0.06,0.03,0.06,1.2,1.2,1.2,2.4,0.04,0.04,0.08,0.04,0.08,"https://fbref.com/en/players/7399c7a8/Jack-Robinson"
2024,"Sheffield Utd","Premier League","Vinicius Souza","BRA","MF","24-348",1999,36,29,2668,29.6,1,0,1,1,0,0,3,0,7,66,21,0.03,0,0.03,0.03,0.03,0.6,0.6,0.2,0.8,0.02,0.01,0.03,0.02,0.03,"https://fbref.com/en/players/6a8a7af8/Vinicius-Souza"
2024,"Sheffield Utd","Premier League","Luke Thomas","ENG","DF","22-355",2001,12,11,917,10.2,0,0,0,0,0,0,3,0,8,33,22,0,0,0,0,0,0.5,0.5,0.1,0.6,0.05,0,0.06,0.05,0.06,"https://fbref.com/en/players/fc027d02/Luke-Thomas"
2024,"Sheffield Utd","Premier League","Auston Trusty","USA","DF","25-292",1998,32,28,2572,28.6,0,0,0,0,0,0,4,0,10,40,15,0,0,0,0,0,0.4,0.4,1.1,1.5,0.01,0.04,0.05,0.01,0.05,"https://fbref.com/en/players/cddf767b/Auston-Trusty"
2024,"Tottenham","Premier League","Rodrigo Bentancur","URU","MF","26-340",1997,23,13,1005,11.2,1,1,2,1,0,0,7,0,16,72,31,0.09,0.09,0.18,0.09,0.18,1.9,1.9,0.5,2.4,0.17,0.04,0.22,0.17,0.22,"https://fbref.com/en/players/3b8674e6/Rodrigo-Bentancur"
2024,"Tottenham","Premier League","Yves Bissouma","MLI","MF","27-274",1996,28,26,2068,23,0,0,0,0,0,0,10,2,43,169,13,0,0,0,0,0,1.4,1.4,0.4,1.8,0.06,0.02,0.08,0.06,0.08,"https://fbref.com/en/players/6c203af0/Yves-Bissouma"
2024,"Tottenham","Premier League","Ben Davies","WAL","DF","31-036",1993,17,12,1090,12.1,1,0,1,1,0,0,2,0,13,71,20,0.08,0,0.08,0.08,0.08,2.3,2.3,0.4,2.7,0.19,0.03,0.23,0.19,0.23,"https://fbref.com/en/players/44781702/Ben-Davies"
2024,"Tottenham","Premier League","Eric Dier","ENG","DF","30-136",1994,4,1,201,2.2,0,0,0,0,0,0,0,0,0,3,0,0,0,0,0,0,0,0,0,0,0,0,0,0,0,"https://fbref.com/en/players/ac861941/Eric-Dier"
2024,"Tottenham","Premier League","Jamie Donley","ENG","FW","19-148",2005,3,0,3,0,0,0,0,0,0,0,1,0,0,0,0,0,0,0,0,0,0,0,0,0,0,0,0,0,0,"https://fbref.com/en/players/5e4d9b48/Jamie-Donley"
2024,"Tottenham","Premier League","Radu Drăgușin","ROU","DF","22-117",2002,9,4,429,4.8,0,0,0,0,0,0,1,0,5,8,1,0,0,0,0,0,0.1,0.1,0,0.1,0.03,0,0.03,0.03,0.03,"https://fbref.com/en/players/620922ed/Radu-Dragusin"
2024,"Tottenham","Premier League","Emerson","BRA","DF","25-137",1999,22,11,1161,12.9,1,0,1,1,0,0,4,0,21,57,35,0.08,0,0.08,0.08,0.08,0.2,0.2,0.4,0.6,0.02,0.03,0.05,0.02,0.05,"https://fbref.com/en/players/df8b52a5/Emerson"
2024,"Tottenham","Premier League","Bryan Gil","ESP","FW,MF","23-109",2001,11,2,209,2.3,0,0,0,0,0,0,0,0,11,16,49,0,0,0,0,0,0.8,0.8,0.2,1,0.32,0.09,0.41,0.32,0.41,"https://fbref.com/en/players/7b5ab7f2/Bryan-Gil"
2024,"Tottenham","Premier League","Son Heung-min","KOR","FW","31-327",1992,35,34,2934,32.6,17,10,27,15,2,2,1,0,119,139,325,0.52,0.31,0.83,0.46,0.77,12,10.4,11.8,22.2,0.37,0.36,0.73,0.32,0.68,"https://fbref.com/en/players/92e7e919/Son-Heung-min"
2024,"Tottenham","Premier League","Pierre Højbjerg","DEN","MF","28-299",1995,36,8,1311,14.6,0,0,0,0,0,0,4,0,17,134,29,0,0,0,0,0,0.7,0.7,1.2,1.9,0.05,0.08,0.13,0.05,0.13,"https://fbref.com/en/players/8b04d6c1/Pierre-Hojbjerg"
2024,"Tottenham","Premier League","Brennan Johnson","WAL","FW","23-007",2001,32,23,2085,23.2,5,10,15,5,0,0,3,0,97,72,293,0.22,0.43,0.65,0.22,0.65,10.3,10.3,8.1,18.3,0.44,0.35,0.79,0.44,0.79,"https://fbref.com/en/players/0cd31129/Brennan-Johnson"
2024,"Tottenham","Premier League","Dejan Kulusevski","SWE","FW,MF","24-035",2000,36,31,2762,30.7,8,3,11,8,0,0,7,0,151,144,388,0.26,0.1,0.36,0.26,0.36,4.7,4.7,7.7,12.4,0.15,0.25,0.4,0.15,0.4,"https://fbref.com/en/players/df3cda47/Dejan-Kulusevski"
2024,"Tottenham","Premier League","Giovani Lo Celso","ARG","MF","28-051",1996,22,4,506,5.6,2,2,4,2,0,0,2,0,25,68,29,0.36,0.36,0.71,0.36,0.71,0.6,0.6,1.9,2.5,0.1,0.34,0.45,0.1,0.45,"https://fbref.com/en/players/d7553721/Giovani-Lo-Celso"
2024,"Tottenham","Premier League","James Maddison","ENG","MF","27-189",1996,28,26,2135,23.7,4,9,13,4,0,0,5,0,58,224,156,0.17,0.38,0.55,0.17,0.55,6.4,6.4,5.9,12.4,0.27,0.25,0.52,0.27,0.52,"https://fbref.com/en/players/ee38d9c5/James-Maddison"
2024,"Tottenham","Premier League","Pape Matar Sarr","SEN","MF","21-259",2002,34,27,2069,23,3,3,6,3,0,0,9,0,43,150,90,0.13,0.13,0.26,0.13,0.26,3.4,3.4,2.2,5.7,0.15,0.1,0.25,0.15,0.25,"https://fbref.com/en/players/feb5d972/Pape-Matar-Sarr"
2024,"Tottenham","Premier League","Mikey Moore","ENG","MF","16-293",2007,2,0,4,0,0,0,0,0,0,0,0,0,2,1,2,0,0,0,0,0,0,0,0,0,0,0,0,0,0,"https://fbref.com/en/players/00953a9d/Mikey-Moore"
2024,"Tottenham","Premier League","Ivan Perišić","CRO","FW","35-118",1989,5,0,103,1.1,0,1,1,0,0,0,2,0,15,9,17,0,0.87,0.87,0,0.87,0.1,0.1,0.9,1,0.1,0.75,0.85,0.1,0.85,"https://fbref.com/en/players/6fe90922/Ivan-Perisic"
2024,"Tottenham","Premier League","Pedro Porro","ESP","DF","24-260",1999,35,35,3089,34.3,3,7,10,3,0,0,3,0,57,194,158,0.09,0.2,0.29,0.09,0.29,2.9,2.9,7.2,10.1,0.09,0.21,0.3,0.09,0.3,"https://fbref.com/en/players/27d0a506/Pedro-Porro"
2024,"Tottenham","Premier League","Richarlison","BRA","FW","27-020",1997,28,18,1491,16.6,11,4,15,11,0,0,3,0,26,38,106,0.66,0.24,0.91,0.66,0.91,9.6,9.6,2.1,11.7,0.58,0.13,0.7,0.58,0.7,"https://fbref.com/en/players/fa031b34/Richarlison"
2024,"Tottenham","Premier League","Cristian Romero","ARG","DF","26-033",1998,33,33,2790,31,5,0,5,5,0,0,7,1,32,179,8,0.16,0,0.16,0.16,0.16,3.5,3.5,0.4,3.9,0.11,0.01,0.13,0.11,0.13,"https://fbref.com/en/players/a3d94a58/Cristian-Romero"
2024,"Tottenham","Premier League","Davinson Sánchez","COL","DF","27-353",1996,1,0,77,0.9,0,0,0,0,0,0,1,0,0,2,0,0,0,0,0,0,0.1,0.1,0,0.1,0.14,0,0.14,0.14,0.14,"https://fbref.com/en/players/da7b447d/Davinson-Sanchez"
2024,"Tottenham","Premier League","Dane Scarlett","ENG","FW","20-067",2004,4,0,22,0.2,0,0,0,0,0,0,0,0,0,1,4,0,0,0,0,0,0,0,0,0,0,0,0,0,0,"https://fbref.com/en/players/21945a9e/Dane-Scarlett"
2024,"Tottenham","Premier League","Oliver Skipp","ENG","MF,DF","23-257",2000,21,5,707,7.9,0,0,0,0,0,0,3,0,8,37,25,0,0,0,0,0,0.7,0.7,0.6,1.3,0.09,0.07,0.16,0.09,0.16,"https://fbref.com/en/players/6250083a/Oliver-Skipp"
2024,"Tottenham","Premier League","Manor Solomon","ISR","FW","24-311",1999,5,2,199,2.2,0,2,2,0,0,0,1,0,17,11,44,0,0.9,0.9,0,0.9,0.4,0.4,0.8,1.2,0.19,0.38,0.56,0.19,0.56,"https://fbref.com/en/players/886f9aac/Manor-Solomon"
2024,"Tottenham","Premier League","Destiny Udogie","ITA","DF","21-184",2002,28,28,2391,26.6,2,3,5,2,0,0,7,1,83,155,138,0.08,0.11,0.19,0.08,0.19,2.4,2.4,2.2,4.6,0.09,0.08,0.17,0.09,0.17,"https://fbref.com/en/players/7cd520e8/Destiny-Udogie"
2024,"Tottenham","Premier League","Alejo Véliz","ARG","FW","20-254",2003,8,0,50,0.6,1,0,1,1,0,0,1,0,0,1,3,1.8,0,1.8,1.8,1.8,0.2,0.2,0,0.2,0.45,0,0.45,0.45,0.45,"https://fbref.com/en/players/3f7bafbe/Alejo-Veliz"
2024,"Tottenham","Premier League","Micky van de Ven","NED","DF","23-041",2001,27,27,2339,26,3,0,3,3,0,0,5,0,19,108,9,0.12,0,0.12,0.12,0.12,0.6,0.6,0,0.6,0.02,0,0.02,0.02,0.02,"https://fbref.com/en/players/8fe2a392/Micky-van-de-Ven"
2024,"Tottenham","Premier League","Guglielmo Vicario","ITA","GK","27-236",1996,38,38,3420,38,0,0,0,0,0,0,2,0,0,3,0,0,0,0,0,0,0,0,0,0,0,0,0,0,0,"https://fbref.com/en/players/77d6fd4d/Guglielmo-Vicario"
2024,"Tottenham","Premier League","Timo Werner","GER","FW","28-085",1996,13,10,809,9,2,3,5,2,0,0,1,0,79,41,124,0.22,0.33,0.56,0.22,0.56,3.7,3.7,2.7,6.4,0.41,0.3,0.72,0.41,0.72,"https://fbref.com/en/players/49fe9070/Timo-Werner"
2024,"West Ham","Premier League","Nayef Aguerd","MAR","DF","28-061",1996,21,21,1857,20.6,1,0,1,1,0,0,3,1,10,68,3,0.05,0,0.05,0.05,0.05,1.5,1.5,0.3,1.8,0.07,0.01,0.09,0.07,0.09,"https://fbref.com/en/players/288e1e13/Nayef-Aguerd"
2024,"West Ham","Premier League","Edson Álvarez","MEX","MF","26-219",1997,31,28,2377,26.4,1,1,2,1,0,0,11,0,20,91,26,0.04,0.04,0.08,0.04,0.08,1.3,1.3,0.6,1.9,0.05,0.02,0.07,0.05,0.07,"https://fbref.com/en/players/8b3ab7ad/Edson-Alvarez"
2024,"West Ham","Premier League","Michail Antonio","JAM","FW","34-063",1990,26,21,1695,18.8,6,2,8,6,0,0,6,0,48,22,104,0.32,0.11,0.42,0.32,0.42,5.8,5.8,0.9,6.7,0.31,0.05,0.35,0.31,0.35,"https://fbref.com/en/players/ac05f970/Michail-Antonio"
2024,"West Ham","Premier League","Alphonse Areola","FRA","GK","31-093",1993,31,31,2699,30,0,0,0,0,0,0,1,0,0,1,0,0,0,0,0,0,0,0,0,0,0,0,0,0,0,"https://fbref.com/en/players/2f965a72/Alphonse-Areola"
2024,"West Ham","Premier League","Saïd Benrahma","ALG","FW,MF","28-294",1995,13,5,620,6.9,0,1,1,0,0,1,1,0,28,28,70,0,0.15,0.15,0,0.15,1.8,1,1.4,2.5,0.27,0.21,0.47,0.15,0.36,"https://fbref.com/en/players/5a04fd92/Said-Benrahma"
2024,"West Ham","Premier League","Jarrod Bowen","ENG","FW","27-162",1996,34,34,3019,33.5,16,6,22,16,0,0,2,0,90,52,186,0.48,0.18,0.66,0.48,0.66,11.6,11.6,5.5,17.2,0.35,0.16,0.51,0.35,0.51,"https://fbref.com/en/players/79c84d1c/Jarrod-Bowen"
2024,"West Ham","Premier League","Kaelan Casey","ENG","DF","19-215",2004,1,0,1,0,0,0,0,0,0,0,0,0,0,0,0,0,0,0,0,0,0,0,0,0,0,0,0,0,0,"https://fbref.com/en/players/cd4b2c5f/Kaelan-Casey"
2024,"West Ham","Premier League","Maxwel Cornet","CIV","MF,FW","27-246",1996,7,1,112,1.2,1,0,1,1,0,0,0,0,3,2,8,0.8,0,0.8,0.8,0.8,0.4,0.4,0.2,0.6,0.32,0.13,0.46,0.32,0.46,"https://fbref.com/en/players/beb391dd/Maxwel-Cornet"
2024,"West Ham","Premier League","Vladimír Coufal","CZE","DF","31-282",1992,36,36,3132,34.8,0,7,7,0,0,0,7,1,68,119,126,0,0.2,0.2,0,0.2,0.3,0.3,4,4.3,0.01,0.11,0.12,0.01,0.12,"https://fbref.com/en/players/fdf3cb77/Vladimir-Coufal"
2024,"West Ham","Premier League","Aaron Cresswell","ENG","DF,FW","34-167",1989,11,4,436,4.8,0,0,0,0,0,0,1,0,4,26,6,0,0,0,0,0,0,0,0.4,0.4,0,0.09,0.09,0,0.09,"https://fbref.com/en/players/4f974391/Aaron-Cresswell"
2024,"West Ham","Premier League","George Earthy","ENG","FW","19-268",2004,3,0,34,0.4,1,0,1,1,0,0,0,0,0,1,3,2.65,0,2.65,2.65,2.65,0.3,0.3,0,0.3,0.82,0,0.82,0.82,0.82,"https://fbref.com/en/players/123d2733/George-Earthy"
2024,"West Ham","Premier League","Łukasz Fabiański","POL","GK","39-042",1985,10,7,721,8,0,0,0,0,0,0,0,0,0,1,0,0,0,0,0,0,0,0,0,0,0,0,0,0,0,"https://fbref.com/en/players/9328b835/Lukasz-Fabianski"
2024,"West Ham","Premier League","Pablo Fornals","ESP","MF,FW","28-098",1996,15,4,426,4.7,0,0,0,0,0,0,0,0,4,29,27,0,0,0,0,0,0.3,0.3,0.3,0.6,0.07,0.07,0.13,0.07,0.13,"https://fbref.com/en/players/82927de4/Pablo-Fornals"
2024,"West Ham","Premier League","Danny Ings","ENG","FW","31-312",1992,20,3,404,4.5,1,0,1,1,0,0,1,0,7,8,29,0.22,0,0.22,0.22,0.22,1.3,1.3,0.3,1.5,0.28,0.06,0.34,0.28,0.34,"https://fbref.com/en/players/07802f7f/Danny-Ings"
2024,"West Ham","Premier League","Ben Johnson","ENG","DF,FW","24-127",2000,14,4,544,6,0,0,0,0,0,0,1,0,17,22,33,0,0,0,0,0,0.2,0.2,0,0.2,0.03,0,0.03,0.03,0.03,"https://fbref.com/en/players/9319781b/Ben-Johnson"
2024,"West Ham","Premier League","Thilo Kehrer","GER","DF,MF","27-252",1996,4,0,22,0.2,0,0,0,0,0,0,2,0,0,1,1,0,0,0,0,0,0,0,0,0,0,0,0,0,0,"https://fbref.com/en/players/51dbeea9/Thilo-Kehrer"
2024,"West Ham","Premier League","Mohammed Kudus","GHA","FW,MF","23-302",2000,33,27,2484,27.6,8,6,14,8,0,0,6,0,117,80,216,0.29,0.22,0.51,0.29,0.51,5.1,5.1,3.5,8.6,0.19,0.13,0.31,0.19,0.31,"https://fbref.com/en/players/b62878a5/Mohammed-Kudus"
2024,"West Ham","Premier League","Konstantinos Mavropanos","GRE","DF","26-171",1997,19,16,1500,16.7,1,0,1,1,0,0,2,0,10,38,2,0.06,0,0.06,0.06,0.06,1.2,1.2,0.2,1.4,0.07,0.01,0.08,0.07,0.08,"https://fbref.com/en/players/00963611/Konstantinos-Mavropanos"
2024,"West Ham","Premier League","Divin Mubama","ENG","FW","19-218",2004,5,0,80,0.9,0,0,0,0,0,0,0,0,0,0,5,0,0,0,0,0,0.1,0.1,0,0.1,0.17,0,0.17,0.17,0.17,"https://fbref.com/en/players/92868cb5/Divin-Mubama"
2024,"West Ham","Premier League","Angelo Ogbonna","ITA","DF","36-007",1988,11,7,635,7.1,0,0,0,0,0,0,1,0,2,4,0,0,0,0,0,0,0,0,0,0,0.01,0,0.01,0.01,0.01,"https://fbref.com/en/players/74b2cd7e/Angelo-Ogbonna"
2024,"West Ham","Premier League","Emerson Palmieri","ITA","DF","29-301",1994,36,35,3137,34.9,1,2,3,1,0,0,10,0,59,125,124,0.03,0.06,0.09,0.03,0.09,1.5,1.5,2.4,3.9,0.04,0.07,0.11,0.04,0.11,"https://fbref.com/en/players/e0bc6fdc/Emerson-Palmieri"
2024,"West Ham","Premier League","Lucas Paquetá","BRA","FW,MF","26-277",1997,31,31,2622,29.1,4,6,10,2,2,2,10,0,34,187,116,0.14,0.21,0.34,0.07,0.27,5.4,3.8,5.4,9.2,0.18,0.18,0.37,0.13,0.32,"https://fbref.com/en/players/9b6f7fd5/Lucas-Paqueta"
2024,"West Ham","Premier League","Kalvin Phillips","ENG","MF","28-180",1995,8,3,309,3.4,0,0,0,0,0,0,3,1,3,19,4,0,0,0,0,0,0.1,0.1,0,0.1,0.02,0,0.02,0.02,0.02,"https://fbref.com/en/players/4f565d77/Kalvin-Phillips"
2024,"West Ham","Premier League","Tomáš Souček","CZE","MF","29-093",1995,37,34,2870,31.9,7,2,9,7,0,0,7,0,7,86,39,0.22,0.06,0.28,0.22,0.28,6.7,6.7,1.7,8.4,0.21,0.05,0.26,0.21,0.26,"https://fbref.com/en/players/6613c819/Tomas-Soucek"
2024,"West Ham","Premier League","James Ward-Prowse","ENG","MF","29-211",1994,37,34,3001,33.3,7,7,14,5,2,2,4,0,18,144,63,0.21,0.21,0.42,0.15,0.36,6,4.4,7.8,12.3,0.18,0.23,0.41,0.13,0.37,"https://fbref.com/en/players/3515d404/James-Ward-Prowse"
2024,"West Ham","Premier League","Kurt Zouma","FRA","DF","29-216",1994,33,32,2838,31.5,3,0,3,3,0,0,3,0,7,53,1,0.1,0,0.1,0.1,0.1,1.8,1.8,0.2,2,0.06,0.01,0.06,0.06,0.06,"https://fbref.com/en/players/ce4246f5/Kurt-Zouma"
2024,"Wolves","Premier League","Rayan Aït-Nouri","ALG","DF,MF","22-359",2001,33,29,2329,25.9,2,1,3,2,0,0,7,0,67,99,99,0.08,0.04,0.12,0.08,0.12,3.3,3.3,2.4,5.6,0.13,0.09,0.22,0.13,0.22,"https://fbref.com/en/players/9b398aea/Rayan-Ait-Nouri"
2024,"Wolves","Premier League","Jean-Ricner Bellegarde","FRA","MF,FW","25-338",1998,22,10,958,10.6,2,1,3,2,0,0,0,1,30,39,49,0.19,0.09,0.28,0.19,0.28,1.6,1.6,1,2.5,0.15,0.09,0.24,0.15,0.24,"https://fbref.com/en/players/10f0fdd3/Jean-Ricner-Bellegarde"
2024,"Wolves","Premier League","Daniel Bentley","ENG","GK","30-322",1993,5,3,383,4.3,0,0,0,0,0,0,0,0,0,0,0,0,0,0,0,0,0,0,0,0,0,0,0,0,0,"https://fbref.com/en/players/68db6358/Daniel-Bentley"
2024,"Wolves","Premier League","Hugo Bueno","ESP","DF,MF","21-255",2002,22,7,741,8.2,0,0,0,0,0,0,1,0,22,8,40,0,0,0,0,0,0.3,0.3,0.8,1,0.03,0.09,0.13,0.03,0.13,"https://fbref.com/en/players/bfc3b3a0/Hugo-Bueno"
2024,"Wolves","Premier League","Santiago Bueno","URU","DF","25-203",1998,12,9,822,9.1,0,0,0,0,0,0,1,0,3,11,2,0,0,0,0,0,0,0,0.1,0.1,0,0.01,0.01,0,0.01,"https://fbref.com/en/players/edc98fac/Santiago-Bueno"
2024,"Wolves","Premier League","Jonny Castro","ESP","MF","30-088",1994,1,0,5,0.1,0,0,0,0,0,0,0,0,0,0,0,0,0,0,0,0,0,0,0,0,0,0,0,0,0,"https://fbref.com/en/players/e28868f3/Jonny-Castro"
2024,"Wolves","Premier League","Tawanda Chirewa","ENG","MF,FW","20-232",2003,8,1,145,1.6,0,0,0,0,0,0,1,0,1,7,8,0,0,0,0,0,0.2,0.2,0,0.2,0.1,0.02,0.12,0.1,0.12,"https://fbref.com/en/players/34721c11/Tawanda-Chirewa"
2024,"Wolves","Premier League","Leon Chiwome","ENG","FW","18-141",2006,3,2,174,1.9,0,0,0,0,0,0,0,0,1,2,7,0,0,0,0,0,0.1,0.1,0,0.1,0.05,0,0.05,0.05,0.05,"https://fbref.com/en/players/a2852b4f/Leon-Chiwome"
2024,"Wolves","Premier League","Matheus Cunha","BRA","FW,MF","25-003",1999,32,29,2440,27.1,12,7,19,11,1,1,9,0,107,87,139,0.44,0.26,0.7,0.41,0.66,9.5,8.7,3.2,11.9,0.35,0.12,0.47,0.32,0.44,"https://fbref.com/en/players/dc62b55d/Matheus-Cunha"
2024,"Wolves","Premier League","Craig Dawson","ENG","DF","34-024",1990,25,25,2209,24.5,1,1,2,1,0,0,7,0,1,49,4,0.04,0.04,0.08,0.04,0.08,1.5,1.5,1.4,2.9,0.06,0.06,0.12,0.06,0.12,"https://fbref.com/en/players/3e9e06cb/Craig-Dawson"
2024,"Wolves","Premier League","Matt Doherty","IRL","DF,MF","32-135",1992,30,9,1150,12.8,1,0,1,1,0,0,2,0,12,31,64,0.08,0,0.08,0.08,0.08,0.8,0.8,1.3,2.2,0.07,0.1,0.17,0.07,0.17,"https://fbref.com/en/players/d557d734/Matt-Doherty"
2024,"Wolves","Premier League","Tommy Doyle","ENG","MF","22-226",2001,26,11,1222,13.6,0,0,0,0,0,0,2,0,21,81,17,0,0,0,0,0,0.4,0.4,0.4,0.9,0.03,0.03,0.06,0.03,0.06,"https://fbref.com/en/players/5526deb1/Tommy-Doyle"
2024,"Wolves","Premier League","Nathan Fraser","IRL","FW","19-098",2005,7,1,186,2.1,0,0,0,0,0,0,1,0,1,2,21,0,0,0,0,0,0.3,0.3,0.1,0.4,0.16,0.04,0.19,0.16,0.19,"https://fbref.com/en/players/00b77ecf/Nathan-Fraser"
2024,"Wolves","Premier League","João Gomes","BRA","MF","23-108",2001,34,32,2649,29.4,2,1,3,2,0,0,11,0,28,101,44,0.07,0.03,0.1,0.07,0.1,1.7,1.7,1.1,2.8,0.06,0.04,0.1,0.06,0.1,"https://fbref.com/en/players/8b57ad2c/Joao-Gomes"
2024,"Wolves","Premier League","Toti Gomes","POR","DF","25-135",1999,35,31,2772,30.8,1,3,4,1,0,0,7,0,22,79,11,0.03,0.1,0.13,0.03,0.13,1.6,1.6,1.2,2.8,0.05,0.04,0.09,0.05,0.09,"https://fbref.com/en/players/f0caab96/Toti-Gomes"
2024,"Wolves","Premier League","Enso Gonzalez","PAR","MF,DF","19-131",2005,1,0,1,0,0,0,0,0,0,0,0,0,0,0,2,0,0,0,0,0,0,0,0,0,0,0,0,0,0,"https://fbref.com/en/players/7e5bebeb/Enso-Gonzalez"
2024,"Wolves","Premier League","Hwang Hee-chan","KOR","FW,MF","28-125",1996,29,25,2119,23.5,12,3,15,11,1,1,6,0,37,37,120,0.51,0.13,0.64,0.47,0.59,7.7,6.9,3,9.9,0.33,0.13,0.45,0.29,0.42,"https://fbref.com/en/players/169fd162/Hwang-Hee-chan"
2024,"Wolves","Premier League","Sasa Kalajdzic","AUT","FW","26-328",1997,11,1,166,1.8,2,0,2,2,0,0,0,0,1,5,9,1.08,0,1.08,1.08,1.08,1.1,1.1,1,2,0.57,0.52,1.09,0.57,1.09,"https://fbref.com/en/players/15f24fe7/Sasa-Kalajdzic"
2024,"Wolves","Premier League","Max Kilman","ENG","DF","27-007",1997,38,38,3420,38,2,0,2,2,0,0,7,0,22,117,5,0.05,0,0.05,0.05,0.05,1.8,1.8,1.4,3.2,0.05,0.04,0.08,0.05,0.08,"https://fbref.com/en/players/d0f72bf1/Max-Kilman"
2024,"Wolves","Premier League","Mario Lemina","GAB","MF","30-272",1993,35,34,2968,33,4,1,5,4,0,0,12,1,32,76,49,0.12,0.03,0.15,0.12,0.15,4.6,4.6,1.5,6.2,0.14,0.05,0.19,0.14,0.19,"https://fbref.com/en/players/2b471f99/Mario-Lemina"
2024,"Wolves","Premier League","Pedro Neto","POR","FW,MF","24-082",2000,20,18,1516,16.8,2,9,11,2,0,0,4,0,98,54,149,0.12,0.53,0.65,0.12,0.65,3.5,3.5,4.4,7.9,0.21,0.26,0.47,0.21,0.47,"https://fbref.com/en/players/7ba2eaa9/Pedro-Neto"
2024,"Wolves","Premier League","Matheus Nunes","POR","MF","25-277",1998,2,2,179,2,0,0,0,0,0,0,2,1,7,8,9,0,0,0,0,0,0.1,0.1,0.1,0.2,0.04,0.05,0.09,0.04,0.09,"https://fbref.com/en/players/e6af02e0/Matheus-Nunes"
2024,"Wolves","Premier League","José Sá","POR","GK","31-134",1993,35,35,3037,33.7,0,1,1,0,0,0,1,0,0,1,0,0,0.03,0.03,0,0.03,0,0,0,0,0,0,0,0,0,"https://fbref.com/en/players/903b6e8b/Jose-Sa"
2024,"Wolves","Premier League","Pablo Sarabia","ESP","MF,FW","32-019",1992,30,20,1745,19.4,4,7,11,2,2,2,5,0,41,109,137,0.21,0.36,0.57,0.1,0.46,5.5,3.9,5.9,9.8,0.28,0.3,0.59,0.2,0.5,"https://fbref.com/en/players/9744ff80/Pablo-Sarabia"
2024,"Wolves","Premier League","Nélson Semedo","POR","DF,MF","30-196",1993,36,36,3084,34.3,0,1,1,0,0,0,10,1,103,138,150,0,0.03,0.03,0,0.03,1.3,1.3,1.7,3,0.04,0.05,0.09,0.04,0.09,"https://fbref.com/en/players/d04b94db/Nelson-Semedo"
2024,"Wolves","Premier League","Fábio Silva","POR","FW","21-316",2002,8,3,264,2.9,0,0,0,0,0,0,2,0,5,10,13,0,0,0,0,0,1,1,0.2,1.2,0.35,0.07,0.42,0.35,0.42,"https://fbref.com/en/players/e7aa9d7c/Fabio-Silva"
2024,"Wolves","Premier League","Boubacar Traoré","MLI","MF","22-284",2001,24,7,819,9.1,0,0,0,0,0,0,4,0,9,29,15,0,0,0,0,0,0.3,0.3,0.4,0.7,0.03,0.04,0.07,0.03,0.07,"https://fbref.com/en/players/999ceb5f/Boubacar-Traore"
