"Season_End_Year","Squad","Comp","Player","Nation","Pos","Age","Born","MP_Playing","Starts_Playing","Min_Playing","Mins_Per_90_Playing","Gls","Ast","G+A","G_minus_PK","PK","PKatt","CrdY","CrdR","PrgC_Progression","PrgP_Progression","PrgR_Progression","Gls_Per","Ast_Per","G+A_Per","G_minus_PK_Per","G+A_minus_PK_Per","xG_Expected","npxG_Expected","xAG_Expected","npxG+xAG_Expected","xG_Per","xAG_Per","xG+xAG_Per","npxG_Per","npxG+xAG_Per","Url"
2022,"Arsenal","Premier League","Pierre-Emerick Aubameyang","GAB","FW","32",1989,14,12,1037,11.5,4,1,5,4,0,2,3,0,21,26,47,0.35,0.09,0.43,0.35,0.43,5.9,4.2,1,5.2,0.51,0.09,0.6,0.36,0.45,"https://fbref.com/en/players/d5dd5f1f/Pierre-Emerick-Aubameyang"
2022,"Arsenal","Premier League","Folarin Balogun","ENG","FW","20",2001,2,1,70,0.8,0,0,0,0,0,0,0,0,0,0,4,0,0,0,0,0,0.2,0.2,0,0.2,0.29,0,0.29,0.29,0.29,"https://fbref.com/en/players/31822f8c/Folarin-Balogun"
2022,"Arsenal","Premier League","Calum Chambers","ENG","DF","26",1995,2,2,170,1.9,0,0,0,0,0,0,0,0,0,7,5,0,0,0,0,0,0.1,0.1,0.1,0.2,0.04,0.05,0.08,0.04,0.08,"https://fbref.com/en/players/dc6f5bdd/Calum-Chambers"
2022,"Arsenal","Premier League","Gabriel Dos Santos","BRA","DF","23",1997,35,35,3063,34,5,0,5,5,0,0,8,1,12,110,9,0.15,0,0.15,0.15,0.15,3.2,3.2,0.7,3.9,0.09,0.02,0.12,0.09,0.12,"https://fbref.com/en/players/67ac5bb8/Gabriel-Dos-Santos"
2022,"Arsenal","Premier League","Mohamed Elneny","EGY","MF","29",1992,14,8,806,9,0,2,2,0,0,0,1,0,5,43,2,0,0.22,0.22,0,0.22,0.2,0.2,0.4,0.6,0.02,0.05,0.07,0.02,0.07,"https://fbref.com/en/players/47a34c4f/Mohamed-Elneny"
2022,"Arsenal","Premier League","Rob Holding","ENG","DF","25",1995,15,9,845,9.4,1,0,1,1,0,0,4,1,4,23,0,0.11,0,0.11,0.11,0.11,0.4,0.4,0,0.4,0.04,0,0.04,0.04,0.04,"https://fbref.com/en/players/d79a8c87/Rob-Holding"
2022,"Arsenal","Premier League","Sead Kolašinac","BIH","DF","28",1993,2,1,91,1,0,0,0,0,0,0,1,0,0,0,0,0,0,0,0,0,0,0,0,0,0,0,0,0,0,"https://fbref.com/en/players/3935e52e/Sead-Kolasinac"
2022,"Arsenal","Premier League","Alexandre Lacazette","FRA","FW","30",1991,30,20,1782,19.8,4,7,11,2,2,3,0,0,19,52,106,0.2,0.35,0.56,0.1,0.45,8.4,6,3,9.1,0.42,0.15,0.58,0.3,0.46,"https://fbref.com/en/players/9dbb75ca/Alexandre-Lacazette"
2022,"Arsenal","Premier League","Bernd Leno","GER","GK","29",1992,4,4,360,4,0,0,0,0,0,0,0,0,0,0,0,0,0,0,0,0,0,0,0,0,0,0,0,0,0,"https://fbref.com/en/players/2628fd2b/Bernd-Leno"
2022,"Arsenal","Premier League","Ainsley Maitland-Niles","ENG","MF","23",1997,8,2,268,3,0,0,0,0,0,0,0,0,2,15,8,0,0,0,0,0,0.1,0.1,0.3,0.3,0.02,0.09,0.12,0.02,0.12,"https://fbref.com/en/players/e3a5814e/Ainsley-Maitland-Niles"
2022,"Arsenal","Premier League","Pablo Marí","ESP","DF","27",1993,2,2,180,2,0,0,0,0,0,0,1,0,0,9,0,0,0,0,0,0,0.1,0.1,0.1,0.2,0.04,0.06,0.1,0.04,0.1,"https://fbref.com/en/players/aa54ec6f/Pablo-Mari"
2022,"Arsenal","Premier League","Martinelli","BRA","FW,MF","20",2001,29,21,1860,20.7,6,6,12,5,1,1,3,1,79,37,207,0.29,0.29,0.58,0.24,0.53,7.3,6.6,4.3,11,0.35,0.21,0.56,0.32,0.53,"https://fbref.com/en/players/48a5a5d6/Martinelli"
2022,"Arsenal","Premier League","Reiss Nelson","ENG","FW","21",1999,1,0,20,0.2,0,0,0,0,0,0,0,0,0,0,4,0,0,0,0,0,0.1,0.1,0,0.1,0.24,0.21,0.45,0.24,0.45,"https://fbref.com/en/players/c5bdb6e3/Reiss-Nelson"
2022,"Arsenal","Premier League","Eddie Nketiah","ENG","FW","22",1999,21,8,835,9.3,5,1,6,5,0,0,3,0,27,21,66,0.54,0.11,0.65,0.54,0.65,4.4,4.4,2,6.4,0.47,0.22,0.69,0.47,0.69,"https://fbref.com/en/players/a53649b7/Eddie-Nketiah"
2022,"Arsenal","Premier League","Thomas Partey","GHA","MF","28",1993,24,23,2028,22.5,2,1,3,2,0,0,6,0,20,119,11,0.09,0.04,0.13,0.09,0.13,2.8,2.8,1,3.8,0.12,0.05,0.17,0.12,0.17,"https://fbref.com/en/players/529f49ab/Thomas-Partey"
2022,"Arsenal","Premier League","Nicolas Pépé","CIV","FW,MF","26",1995,20,5,696,7.7,1,2,3,1,0,0,0,0,20,17,97,0.13,0.26,0.39,0.13,0.39,2.6,2.6,1.7,4.3,0.34,0.22,0.56,0.34,0.56,"https://fbref.com/en/players/57e3f0c7/Nicolas-Pepe"
2022,"Arsenal","Premier League","Aaron Ramsdale","ENG","GK","23",1998,34,34,3060,34,0,0,0,0,0,0,1,0,0,1,0,0,0,0,0,0,0,0,0,0,0,0,0,0,0,"https://fbref.com/en/players/466fb2c5/Aaron-Ramsdale"
2022,"Arsenal","Premier League","Bukayo Saka","ENG","FW,MF","19",2001,38,36,2978,33.1,11,7,18,9,2,2,6,0,140,101,388,0.33,0.21,0.54,0.27,0.48,10.3,8.7,7.5,16.3,0.31,0.23,0.54,0.26,0.49,"https://fbref.com/en/players/bc7dc64d/Bukayo-Saka"
2022,"Arsenal","Premier League","Albert Sambi Lokonga","BEL","MF","21",1999,19,12,1134,12.6,0,0,0,0,0,0,5,0,28,84,16,0,0,0,0,0,0.6,0.6,1,1.6,0.05,0.08,0.13,0.05,0.13,"https://fbref.com/en/players/1b4f1169/Albert-Sambi-Lokonga"
2022,"Arsenal","Premier League","Emile Smith Rowe","ENG","MF,FW","21",2000,33,21,1921,21.3,10,2,12,10,0,0,1,0,65,85,139,0.47,0.09,0.56,0.47,0.56,6,6,2,8,0.28,0.09,0.38,0.28,0.38,"https://fbref.com/en/players/17695062/Emile-Smith-Rowe"
2022,"Arsenal","Premier League","Cédric Soares","POR","DF","29",1991,21,16,1486,16.5,1,1,2,1,0,0,3,0,17,84,56,0.06,0.06,0.12,0.06,0.12,0.6,0.6,1.6,2.1,0.03,0.09,0.13,0.03,0.13,"https://fbref.com/en/players/839c14e1/Cedric-Soares"
2022,"Arsenal","Premier League","Nuno Tavares","POR","DF","21",2000,22,13,1176,13.1,1,1,2,1,0,0,2,0,47,42,91,0.08,0.08,0.15,0.08,0.15,1.9,1.9,1.1,2.9,0.14,0.08,0.22,0.14,0.22,"https://fbref.com/en/players/a65c844b/Nuno-Tavares"
2022,"Arsenal","Premier League","Kieran Tierney","SCO","DF","24",1997,22,22,1915,21.3,1,3,4,1,0,0,0,0,62,105,128,0.05,0.14,0.19,0.05,0.19,0.6,0.6,1.8,2.4,0.03,0.09,0.11,0.03,0.11,"https://fbref.com/en/players/fce2302c/Kieran-Tierney"
2022,"Arsenal","Premier League","Takehiro Tomiyasu","JPN","DF","22",1998,21,20,1679,18.7,0,1,1,0,0,0,2,0,32,96,41,0,0.05,0.05,0,0.05,0.6,0.6,1,1.6,0.03,0.05,0.09,0.03,0.09,"https://fbref.com/en/players/b3af9be1/Takehiro-Tomiyasu"
2022,"Arsenal","Premier League","Ben White","ENG","DF","23",1997,32,32,2880,32,0,0,0,0,0,0,3,0,38,124,4,0,0,0,0,0,1,1,1.3,2.3,0.03,0.04,0.07,0.03,0.07,"https://fbref.com/en/players/35e413f1/Ben-White"
2022,"Arsenal","Premier League","Granit Xhaka","SUI","MF,DF","28",1992,27,27,2327,25.9,1,2,3,1,0,0,10,1,39,230,67,0.04,0.08,0.12,0.04,0.12,1.4,1.4,2.3,3.7,0.05,0.09,0.14,0.05,0.14,"https://fbref.com/en/players/e61b8aee/Granit-Xhaka"
2022,"Arsenal","Premier League","Martin Ødegaard","NOR","MF,FW","22",1998,36,32,2785,30.9,7,4,11,7,0,0,4,0,57,224,146,0.23,0.13,0.36,0.23,0.36,4.8,4.8,6.3,11.1,0.15,0.2,0.36,0.15,0.36,"https://fbref.com/en/players/79300479/Martin-Odegaard"
2022,"Aston Villa","Premier League","Cameron Archer","ENG","FW,MF","20",2001,3,0,27,0.3,0,0,0,0,0,0,0,0,0,0,1,0,0,0,0,0,0,0,0,0,0.15,0,0.15,0.15,0.15,"https://fbref.com/en/players/05e8ca6d/Cameron-Archer"
2022,"Aston Villa","Premier League","Leon Bailey","JAM","FW,MF","23",1997,18,7,761,8.5,1,2,3,1,0,0,3,0,34,24,61,0.12,0.24,0.35,0.12,0.35,1.5,1.5,0.8,2.3,0.18,0.09,0.27,0.18,0.27,"https://fbref.com/en/players/3a233281/Leon-Bailey"
2022,"Aston Villa","Premier League","Emi Buendía","ARG","MF,FW","24",1996,35,22,1899,21.1,4,6,10,4,0,0,1,0,40,117,84,0.19,0.28,0.47,0.19,0.47,3.4,3.4,5.8,9.1,0.16,0.27,0.43,0.16,0.43,"https://fbref.com/en/players/66b76d44/Emi-Buendia"
2022,"Aston Villa","Premier League","Matty Cash","POL","DF","23",1997,38,38,3377,37.5,4,3,7,4,0,0,8,0,89,96,174,0.11,0.08,0.19,0.11,0.19,2.7,2.7,2.8,5.4,0.07,0.07,0.14,0.07,0.14,"https://fbref.com/en/players/2389cdc2/Matty-Cash"
2022,"Aston Villa","Premier League","Calum Chambers","ENG","DF","26",1995,11,9,831,9.2,1,0,1,1,0,0,1,0,3,31,1,0.11,0,0.11,0.11,0.11,0.2,0.2,0.1,0.3,0.02,0.01,0.03,0.02,0.03,"https://fbref.com/en/players/dc6f5bdd/Calum-Chambers"
2022,"Aston Villa","Premier League","Carney Chukwuemeka","ENG","MF,FW","17",2003,12,2,301,3.3,0,1,1,0,0,0,0,0,9,7,14,0,0.3,0.3,0,0.3,0.6,0.6,1,1.6,0.19,0.28,0.47,0.19,0.47,"https://fbref.com/en/players/b2f9c73e/Carney-Chukwuemeka"
2022,"Aston Villa","Premier League","Philippe Coutinho","BRA","MF,FW","29",1992,19,16,1329,14.8,5,3,8,5,0,0,0,0,48,94,62,0.34,0.2,0.54,0.34,0.54,3.8,3.8,2.9,6.7,0.25,0.2,0.45,0.25,0.45,"https://fbref.com/en/players/0ef89a37/Philippe-Coutinho"
2022,"Aston Villa","Premier League","Keinan Davis","ENG","FW","23",1998,1,0,12,0.1,0,0,0,0,0,0,0,0,0,0,1,0,0,0,0,0,0,0,0,0,0,0,0,0,0,"https://fbref.com/en/players/9deaf2c8/Keinan-Davis"
2022,"Aston Villa","Premier League","Lucas Digne","FRA","DF","28",1993,16,16,1269,14.1,0,4,4,0,0,0,2,0,34,48,121,0,0.28,0.28,0,0.28,0.5,0.5,2.2,2.7,0.04,0.16,0.19,0.04,0.19,"https://fbref.com/en/players/1b84dbe1/Lucas-Digne"
2022,"Aston Villa","Premier League","Anwar El Ghazi","NED","FW,MF","26",1995,9,4,386,4.3,1,1,2,0,1,1,2,0,13,5,38,0.23,0.23,0.47,0,0.23,1.1,0.3,0.4,0.7,0.25,0.1,0.35,0.06,0.16,"https://fbref.com/en/players/ffa90327/Anwar-El-Ghazi"
2022,"Aston Villa","Premier League","Kortney Hause","ENG","DF","26",1995,7,4,397,4.4,1,0,1,1,0,0,0,0,2,14,3,0.23,0,0.23,0.23,0.23,0.1,0.1,0,0.1,0.03,0,0.03,0.03,0.03,"https://fbref.com/en/players/bf8fad51/Kortney-Hause"
2022,"Aston Villa","Premier League","Danny Ings","ENG","FW","29",1992,30,22,1898,21.1,7,6,13,6,1,1,4,0,24,39,117,0.33,0.28,0.62,0.28,0.57,7.1,6.3,1.6,8,0.34,0.08,0.41,0.3,0.38,"https://fbref.com/en/players/07802f7f/Danny-Ings"
2022,"Aston Villa","Premier League","Tim Iroegbunam","ENG","MF","18",2003,3,1,92,1,0,0,0,0,0,0,1,0,1,4,0,0,0,0,0,0,0.1,0.1,0,0.1,0.11,0,0.11,0.11,0.11,"https://fbref.com/en/players/84c5ceea/Tim-Iroegbunam"
2022,"Aston Villa","Premier League","Ezri Konsa","ENG","DF","23",1997,29,29,2477,27.5,2,0,2,2,0,0,6,2,8,45,7,0.07,0,0.07,0.07,0.07,1.6,1.6,0.3,1.9,0.06,0.01,0.07,0.06,0.07,"https://fbref.com/en/players/0313a347/Ezri-Konsa"
2022,"Aston Villa","Premier League","Douglas Luiz","BRA","MF","23",1998,34,31,2715,30.2,2,3,5,2,0,0,7,0,28,105,44,0.07,0.1,0.17,0.07,0.17,2,2,2.5,4.4,0.07,0.08,0.15,0.07,0.15,"https://fbref.com/en/players/6f7d826d/Douglas-Luiz"
2022,"Aston Villa","Premier League","Emiliano Martínez","ARG","GK","28",1992,36,36,3240,36,0,0,0,0,0,0,4,0,0,0,0,0,0,0,0,0,0,0,0,0,0,0,0,0,0,"https://fbref.com/en/players/7956236f/Emiliano-Martinez"
2022,"Aston Villa","Premier League","John McGinn","SCO","MF","26",1994,35,35,3090,34.3,3,4,7,3,0,0,8,0,52,196,67,0.09,0.12,0.2,0.09,0.2,1.5,1.5,5.3,6.8,0.04,0.15,0.2,0.04,0.2,"https://fbref.com/en/players/90f91999/John-McGinn"
2022,"Aston Villa","Premier League","Tyrone Mings","ENG","DF","28",1993,36,35,3189,35.4,1,3,4,1,0,0,11,0,23,91,17,0.03,0.08,0.11,0.03,0.11,1.6,1.6,1.6,3.3,0.05,0.05,0.09,0.05,0.09,"https://fbref.com/en/players/8397a50c/Tyrone-Mings"
2022,"Aston Villa","Premier League","Wesley Moraes","BRA","FW","24",1996,1,0,1,0,0,0,0,0,0,0,0,0,0,0,0,0,0,0,0,0,0,0,0,0,0,0,0,0,0,"https://fbref.com/en/players/bfae110f/Wesley-Moraes"
2022,"Aston Villa","Premier League","Marvelous Nakamba","ZIM","MF","27",1994,16,10,904,10,0,0,0,0,0,0,5,0,5,24,0,0,0,0,0,0,0,0,0,0,0,0,0,0,0,"https://fbref.com/en/players/de5b5570/Marvelous-Nakamba"
2022,"Aston Villa","Premier League","Robin Olsen","SWE","GK","31",1990,1,1,90,1,0,0,0,0,0,0,0,0,0,0,0,0,0,0,0,0,0,0,0,0,0,0,0,0,0,"https://fbref.com/en/players/e7ee38c3/Robin-Olsen"
2022,"Aston Villa","Premier League","Jaden Philogene Bidace","ENG","FW","19",2002,1,0,5,0.1,0,0,0,0,0,0,0,0,0,0,0,0,0,0,0,0,0,0,0,0,0,0,0,0,0,"https://fbref.com/en/players/19f4d211/Jaden-Philogene-Bidace"
2022,"Aston Villa","Premier League","Jacob Ramsey","ENG","MF","20",2001,34,29,2467,27.4,6,1,7,6,0,0,6,0,91,132,92,0.22,0.04,0.26,0.22,0.26,4,4,1.9,5.9,0.15,0.07,0.22,0.15,0.22,"https://fbref.com/en/players/1544f145/Jacob-Ramsey"
2022,"Aston Villa","Premier League","Morgan Sanson","FRA","MF","26",1994,10,3,356,4,0,0,0,0,0,0,0,0,16,21,10,0,0,0,0,0,0,0,0,0,0,0.01,0.01,0,0.01,"https://fbref.com/en/players/6e7f1353/Morgan-Sanson"
2022,"Aston Villa","Premier League","Jed Steer","ENG","GK","28",1992,1,1,90,1,0,0,0,0,0,0,0,0,0,0,0,0,0,0,0,0,0,0,0,0,0,0,0,0,0,"https://fbref.com/en/players/a8a3d139/Jed-Steer"
2022,"Aston Villa","Premier League","Matt Targett","ENG","DF","25",1995,17,17,1431,15.9,1,1,2,1,0,0,2,0,19,83,79,0.06,0.06,0.13,0.06,0.13,0.5,0.5,1.7,2.2,0.03,0.11,0.14,0.03,0.14,"https://fbref.com/en/players/e514ab62/Matt-Targett"
2022,"Aston Villa","Premier League","Bertrand Traoré","BFA","MF,FW","25",1995,9,1,220,2.4,0,0,0,0,0,0,0,0,12,12,13,0,0,0,0,0,0.3,0.3,0,0.3,0.13,0,0.13,0.13,0.13,"https://fbref.com/en/players/c47541e0/Bertrand-Traore"
2022,"Aston Villa","Premier League","Trézéguet","EGY","FW","26",1994,1,0,11,0.1,0,0,0,0,0,0,0,0,0,1,4,0,0,0,0,0,0,0,0,0,0.38,0,0.38,0.38,0.38,"https://fbref.com/en/players/3ae14ed1/Trezeguet"
2022,"Aston Villa","Premier League","Axel Tuanzebe","ENG","DF","23",1997,9,6,508,5.6,0,0,0,0,0,0,1,0,1,6,0,0,0,0,0,0,0.1,0.1,0,0.1,0.02,0,0.02,0.02,0.02,"https://fbref.com/en/players/2baec6ce/Axel-Tuanzebe"
2022,"Aston Villa","Premier League","Ollie Watkins","ENG","FW","25",1995,35,33,2952,32.8,11,2,13,10,1,1,7,0,74,60,226,0.34,0.06,0.4,0.3,0.37,11.6,11,3.4,14.4,0.35,0.1,0.46,0.34,0.44,"https://fbref.com/en/players/aed3a70f/Ollie-Watkins"
2022,"Aston Villa","Premier League","Ashley Young","ENG","DF,FW","36",1985,24,10,1250,13.9,0,2,2,0,0,0,2,0,27,45,57,0,0.14,0.14,0,0.14,0.4,0.4,1,1.4,0.03,0.07,0.1,0.03,0.1,"https://fbref.com/en/players/be927d03/Ashley-Young"
2022,"Brentford","Premier League","Kristoffer Ajer","NOR","DF","23",1998,24,23,1995,22.2,1,3,4,1,0,0,5,0,30,82,29,0.05,0.14,0.18,0.05,0.18,0.8,0.8,1.7,2.5,0.04,0.08,0.11,0.04,0.11,"https://fbref.com/en/players/a8c0acb7/Kristoffer-Ajer"
2022,"Brentford","Premier League","Shandon Baptiste","GRN","MF","23",1998,22,9,910,10.1,1,0,1,1,0,0,2,1,14,35,29,0.1,0,0.1,0.1,0.1,0.7,0.7,0.5,1.3,0.07,0.05,0.12,0.07,0.12,"https://fbref.com/en/players/2886c9b5/Shandon-Baptiste"
2022,"Brentford","Premier League","Mads Bech Sørensen","DEN","DF","22",1999,11,9,835,9.3,0,0,0,0,0,0,3,0,9,20,4,0,0,0,0,0,0.1,0.1,0.4,0.4,0.01,0.04,0.05,0.01,0.05,"https://fbref.com/en/players/30db8574/Mads-Bech-Sorensen"
2022,"Brentford","Premier League","Mads Bidstrup","DEN","MF","20",2001,4,0,41,0.5,0,0,0,0,0,0,0,0,0,0,0,0,0,0,0,0,0,0,0,0,0,0,0,0,0,"https://fbref.com/en/players/407db0d5/Mads-Bidstrup"
2022,"Brentford","Premier League","Sergi Canós","ESP","DF,FW","24",1997,31,25,2083,23.1,3,2,5,3,0,0,8,1,52,59,100,0.13,0.09,0.22,0.13,0.22,3,3,1.7,4.6,0.13,0.07,0.2,0.13,0.2,"https://fbref.com/en/players/1137759d/Sergi-Canos"
2022,"Brentford","Premier League","Josh Dasilva","ENG","MF,FW","22",1998,9,2,257,2.9,0,0,0,0,0,0,0,1,10,11,10,0,0,0,0,0,0.1,0.1,0.1,0.2,0.03,0.05,0.08,0.03,0.08,"https://fbref.com/en/players/60344e4f/Josh-Dasilva"
2022,"Brentford","Premier League","Christian Eriksen","DEN","MF","29",1992,11,10,939,10.4,1,4,5,1,0,0,1,0,21,82,22,0.1,0.38,0.48,0.1,0.48,1.3,1.3,3.5,4.8,0.12,0.34,0.46,0.12,0.46,"https://fbref.com/en/players/980522ec/Christian-Eriksen"
2022,"Brentford","Premier League","Álvaro Fernández","ESP","GK","23",1998,12,12,1080,12,0,0,0,0,0,0,0,0,0,1,0,0,0,0,0,0,0,0,0,0,0,0,0,0,0,"https://fbref.com/en/players/f127d782/Alvaro-Fernandez"
2022,"Brentford","Premier League","Marcus Forss","FIN","FW,MF","22",1999,7,1,209,2.3,0,1,1,0,0,0,0,0,2,6,12,0,0.43,0.43,0,0.43,0.3,0.3,0.2,0.6,0.14,0.1,0.24,0.14,0.24,"https://fbref.com/en/players/82c215a0/Marcus-Forss"
2022,"Brentford","Premier League","Tariqe Fosu","GHA","DF","25",1995,1,0,17,0.2,0,0,0,0,0,0,0,0,3,1,4,0,0,0,0,0,0,0,0,0,0.22,0,0.22,0.22,0.22,"https://fbref.com/en/players/3dcef539/Tariqe-Fosu"
2022,"Brentford","Premier League","Saman Ghoddos","IRN","MF,DF","27",1993,17,4,536,6,1,1,2,1,0,0,2,0,7,25,40,0.17,0.17,0.34,0.17,0.34,0.5,0.5,1.2,1.7,0.08,0.2,0.28,0.08,0.28,"https://fbref.com/en/players/f7b1d4e0/Saman-Ghoddos"
2022,"Brentford","Premier League","Charlie Goode","ENG","DF","25",1995,6,4,450,5,0,0,0,0,0,0,3,0,5,18,9,0,0,0,0,0,0.1,0.1,1,1,0.01,0.19,0.2,0.01,0.2,"https://fbref.com/en/players/7aee4dd3/Charlie-Goode"
2022,"Brentford","Premier League","Rico Henry","ENG","DF","24",1997,34,33,2776,30.8,3,0,3,3,0,0,2,0,61,81,131,0.1,0,0.1,0.1,0.1,1.5,1.5,1.7,3.3,0.05,0.06,0.11,0.05,0.11,"https://fbref.com/en/players/8a3c1dc7/Rico-Henry"
2022,"Brentford","Premier League","Vitaly Janelt","GER","MF","23",1998,31,27,2298,25.5,4,0,4,4,0,0,3,0,25,103,60,0.16,0,0.16,0.16,0.16,2.4,2.4,1.9,4.2,0.09,0.07,0.17,0.09,0.17,"https://fbref.com/en/players/8449d35e/Vitaly-Janelt"
2022,"Brentford","Premier League","Pontus Jansson","SWE","DF","30",1991,37,37,3321,36.9,3,1,4,3,0,0,7,0,4,67,5,0.08,0.03,0.11,0.08,0.11,3,3,0.3,3.3,0.08,0.01,0.09,0.08,0.09,"https://fbref.com/en/players/172e52d8/Pontus-Jansson"
2022,"Brentford","Premier League","Mathias Jensen","DEN","MF","25",1996,31,19,1601,17.8,0,1,1,0,0,0,0,0,14,103,54,0,0.06,0.06,0,0.06,2.9,2.9,3.2,6.2,0.17,0.18,0.35,0.17,0.35,"https://fbref.com/en/players/0f134faf/Mathias-Jensen"
2022,"Brentford","Premier League","Mathias Jørgensen","DEN","DF","31",1990,8,6,518,5.8,1,0,1,1,0,0,2,0,5,18,1,0.17,0,0.17,0.17,0.17,0.1,0.1,0.3,0.4,0.02,0.05,0.07,0.02,0.07,"https://fbref.com/en/players/0db5d2c8/Mathias-Jorgensen"
2022,"Brentford","Premier League","Jonas Lössl","DEN","GK","32",1989,2,2,180,2,0,0,0,0,0,0,0,0,0,1,0,0,0,0,0,0,0,0,0,0,0,0,0,0,0,"https://fbref.com/en/players/939bc634/Jonas-Lossl"
2022,"Brentford","Premier League","Bryan Mbeumo","CMR","FW","21",1999,35,34,2905,32.3,4,7,11,3,1,1,4,0,81,56,273,0.12,0.22,0.34,0.09,0.31,9.3,8.5,3.7,12.2,0.29,0.11,0.4,0.26,0.38,"https://fbref.com/en/players/6afaebf2/Bryan-Mbeumo"
2022,"Brentford","Premier League","Christian Nørgaard","DEN","MF","27",1994,35,35,3054,33.9,3,4,7,3,0,0,8,0,17,169,31,0.09,0.12,0.21,0.09,0.21,3.8,3.8,3.3,7.1,0.11,0.1,0.21,0.11,0.21,"https://fbref.com/en/players/df0a4c90/Christian-Norgaard"
2022,"Brentford","Premier League","Frank Onyeka","NGA","MF","23",1998,20,12,1045,11.6,0,0,0,0,0,0,4,0,18,35,27,0,0,0,0,0,0.8,0.8,0.2,1,0.07,0.02,0.09,0.07,0.09,"https://fbref.com/en/players/2944f86f/Frank-Onyeka"
2022,"Brentford","Premier League","Ethan Pinnock","JAM","DF","28",1993,32,32,2694,29.9,1,1,2,1,0,0,1,0,11,77,18,0.03,0.03,0.07,0.03,0.07,1.2,1.2,1.2,2.4,0.04,0.04,0.08,0.04,0.08,"https://fbref.com/en/players/e541326e/Ethan-Pinnock"
2022,"Brentford","Premier League","David Raya","ESP","GK","25",1995,24,24,2160,24,0,0,0,0,0,0,1,0,0,3,0,0,0,0,0,0,0,0,0,0,0,0,0,0,0,"https://fbref.com/en/players/98ea5115/David-Raya"
2022,"Brentford","Premier League","Mads Roerslev","DEN","DF","22",1999,21,12,1240,13.8,1,1,2,1,0,0,1,0,14,22,54,0.07,0.07,0.15,0.07,0.15,0.4,0.4,0.6,0.9,0.03,0.04,0.07,0.03,0.07,"https://fbref.com/en/players/57c94db2/Mads-Roerslev"
2022,"Brentford","Premier League","Finley Stevens","WAL","DF","18",2003,1,0,15,0.2,0,0,0,0,0,0,0,0,0,2,2,0,0,0,0,0,0,0,0.1,0.1,0,0.33,0.33,0,0.33,"https://fbref.com/en/players/7e003182/Finley-Stevens"
2022,"Brentford","Premier League","Dominic Thompson","ENG","DF","21",2000,2,2,146,1.6,0,0,0,0,0,0,0,0,0,0,3,0,0,0,0,0,0.1,0.1,0,0.1,0.04,0,0.04,0.04,0.04,"https://fbref.com/en/players/235a62f8/Dominic-Thompson"
2022,"Brentford","Premier League","Ivan Toney","ENG","FW","25",1996,33,32,2909,32.3,12,5,17,7,5,5,8,0,28,83,168,0.37,0.15,0.53,0.22,0.37,11.4,7.4,5.8,13.3,0.35,0.18,0.53,0.23,0.41,"https://fbref.com/en/players/e09f279b/Ivan-Toney"
2022,"Brentford","Premier League","Yoane Wissa","COD","FW","24",1996,30,12,1284,14.3,7,1,8,7,0,0,0,0,19,29,84,0.49,0.07,0.56,0.49,0.56,3.1,3.1,0.9,4,0.22,0.06,0.28,0.22,0.28,"https://fbref.com/en/players/2500cef9/Yoane-Wissa"
2022,"Brentford","Premier League","Nathan Young-Coombes","ENG","MF","18",2003,1,0,4,0,0,0,0,0,0,0,0,0,0,0,0,0,0,0,0,0,0,0,0,0,0,0,0,0,0,"https://fbref.com/en/players/f9682888/Nathan-Young-Coombes"
2022,"Brighton","Premier League","Steven Alzate","COL","MF","22",1998,9,5,404,4.5,0,0,0,0,0,0,0,0,3,21,6,0,0,0,0,0,0.1,0.1,0.2,0.2,0.02,0.03,0.05,0.02,0.05,"https://fbref.com/en/players/ad1f61f3/Steven-Alzate"
2022,"Brighton","Premier League","Yves Bissouma","MLI","MF","24",1996,26,25,2111,23.5,1,2,3,1,0,0,10,0,40,92,16,0.04,0.09,0.13,0.04,0.13,0.9,0.9,0.8,1.7,0.04,0.03,0.07,0.04,0.07,"https://fbref.com/en/players/6c203af0/Yves-Bissouma"
2022,"Brighton","Premier League","Dan Burn","ENG","DF","29",1992,13,12,1022,11.4,1,0,1,1,0,0,4,0,9,50,3,0.09,0,0.09,0.09,0.09,1.6,1.5,0.5,2,0.14,0.04,0.18,0.13,0.17,"https://fbref.com/en/players/b2d31e83/Dan-Burn"
2022,"Brighton","Premier League","Moisés Caicedo","ECU","MF","19",2001,8,8,660,7.3,1,1,2,1,0,0,2,0,9,22,8,0.14,0.14,0.27,0.14,0.27,0.8,0.8,0.3,1.1,0.11,0.04,0.16,0.11,0.16,"https://fbref.com/en/players/16264a81/Moises-Caicedo"
2022,"Brighton","Premier League","Aaron Connolly","IRL","FW,MF","21",2000,4,1,156,1.7,0,0,0,0,0,0,0,0,3,1,7,0,0,0,0,0,0.4,0.4,0.1,0.5,0.21,0.06,0.26,0.21,0.26,"https://fbref.com/en/players/27c01749/Aaron-Connolly"
2022,"Brighton","Premier League","Marc Cucurella","ESP","DF","23",1998,35,35,3089,34.3,1,1,2,1,0,0,6,0,104,191,208,0.03,0.03,0.06,0.03,0.06,0.7,0.7,2.7,3.4,0.02,0.08,0.1,0.02,0.1,"https://fbref.com/en/players/1daec722/Marc-Cucurella"
2022,"Brighton","Premier League","Shane Duffy","IRL","DF","29",1992,18,15,1436,16,1,0,1,1,0,0,7,0,3,41,3,0.06,0,0.06,0.06,0.06,1,1,0.2,1.2,0.06,0.01,0.07,0.06,0.07,"https://fbref.com/en/players/7314bba4/Shane-Duffy"
2022,"Brighton","Premier League","Lewis Dunk","ENG","DF","29",1991,29,29,2573,28.6,1,0,1,1,0,0,3,1,14,83,3,0.03,0,0.03,0.03,0.03,1.3,1.3,0.4,1.8,0.05,0.01,0.06,0.05,0.06,"https://fbref.com/en/players/282f75f3/Lewis-Dunk"
2022,"Brighton","Premier League","Evan Ferguson","IRL","MF","16",2004,1,0,23,0.3,0,0,0,0,0,0,0,0,0,0,1,0,0,0,0,0,0,0,0,0,0,0,0,0,0,"https://fbref.com/en/players/4596da74/Evan-Ferguson"
2022,"Brighton","Premier League","Pascal Groß","GER","MF,DF","30",1991,29,24,2038,22.6,2,4,6,2,0,1,1,0,39,149,141,0.09,0.18,0.26,0.09,0.26,2.9,2.1,5.5,7.7,0.13,0.24,0.37,0.09,0.34,"https://fbref.com/en/players/8aec0537/Pascal-Gross"
2022,"Brighton","Premier League","Adam Lallana","ENG","MF","33",1988,24,18,1561,17.3,0,1,1,0,0,0,4,0,17,76,47,0,0.06,0.06,0,0.06,1.1,1.1,0.9,2,0.06,0.05,0.11,0.06,0.11,"https://fbref.com/en/players/99813635/Adam-Lallana"
2022,"Brighton","Premier League","Tariq Lamptey","GHA","DF,FW","20",2000,30,16,1561,17.3,0,2,2,0,0,0,4,0,81,36,153,0,0.12,0.12,0,0.12,0.8,0.8,2.6,3.4,0.05,0.15,0.2,0.05,0.2,"https://fbref.com/en/players/f4e433d4/Tariq-Lamptey"
2022,"Brighton","Premier League","Jürgen Locadia","NED","MF,FW","27",1993,1,0,23,0.3,0,0,0,0,0,0,0,0,0,0,0,0,0,0,0,0,0.2,0.2,0,0.2,0.61,0,0.61,0.61,0.61,"https://fbref.com/en/players/6cc47ae1/Jurgen-Locadia"
2022,"Brighton","Premier League","Alexis Mac Allister","ARG","MF,FW","22",1998,33,22,2123,23.6,5,2,7,3,2,3,4,0,30,137,66,0.21,0.08,0.3,0.13,0.21,6.3,4,1.9,5.9,0.27,0.08,0.35,0.17,0.25,"https://fbref.com/en/players/83d074ff/Alexis-Mac-Allister"
2022,"Brighton","Premier League","Solly March","ENG","DF,FW","27",1994,31,17,1746,19.4,0,2,2,0,0,0,1,0,71,69,148,0,0.1,0.1,0,0.1,1.2,1.2,2.3,3.5,0.06,0.12,0.18,0.06,0.18,"https://fbref.com/en/players/bb5fbd2b/Solly-March"
2022,"Brighton","Premier League","Neal Maupay","FRA","FW","24",1996,32,25,2276,25.3,8,2,10,7,1,2,7,0,21,48,164,0.32,0.08,0.4,0.28,0.36,8.7,7.1,2.4,9.5,0.34,0.1,0.44,0.28,0.38,"https://fbref.com/en/players/4bcf39f6/Neal-Maupay"
2022,"Brighton","Premier League","Jakub Moder","POL","MF","22",1999,28,19,1701,18.9,0,3,3,0,0,0,1,0,42,89,102,0,0.16,0.16,0,0.16,2.6,2.6,2.2,4.8,0.14,0.12,0.25,0.14,0.25,"https://fbref.com/en/players/f230bc30/Jakub-Moder"
2022,"Brighton","Premier League","Enock Mwepu","ZAM","MF","23",1998,18,12,996,11.1,2,4,6,2,0,0,2,0,22,27,44,0.18,0.36,0.54,0.18,0.54,2.1,2.1,1.6,3.7,0.19,0.14,0.33,0.19,0.33,"https://fbref.com/en/players/1d5cab82/Enock-Mwepu"
2022,"Brighton","Premier League","Taylor Richards","ENG","MF","20",2000,2,0,25,0.3,0,0,0,0,0,0,0,0,1,3,7,0,0,0,0,0,0,0,0,0,0.05,0.04,0.09,0.05,0.09,"https://fbref.com/en/players/e0243d23/Taylor-Richards"
2022,"Brighton","Premier League","Robert Sánchez","ESP","GK","23",1997,37,37,3329,37,0,0,0,0,0,0,3,1,0,1,0,0,0,0,0,0,0,0,0.4,0.4,0,0.01,0.01,0,0.01,"https://fbref.com/en/players/6a713852/Robert-Sanchez"
2022,"Brighton","Premier League","Jeremy Sarmiento","ECU","FW,MF","19",2002,5,1,48,0.5,0,0,0,0,0,0,0,0,4,1,3,0,0,0,0,0,0,0,0,0,0,0,0,0,0,"https://fbref.com/en/players/ac0d576d/Jeremy-Sarmiento"
2022,"Brighton","Premier League","Jason Steele","ENG","GK","30",1990,1,1,90,1,0,0,0,0,0,0,0,0,0,0,0,0,0,0,0,0,0,0,0,0,0,0,0,0,0,"https://fbref.com/en/players/28300a16/Jason-Steele"
2022,"Brighton","Premier League","Leandro Trossard","BEL","FW,MF","26",1994,34,32,2805,31.2,8,3,11,7,1,1,2,0,97,154,222,0.26,0.1,0.35,0.22,0.32,6.7,5.9,4.8,10.7,0.21,0.15,0.37,0.19,0.34,"https://fbref.com/en/players/38ceb24a/Leandro-Trossard"
2022,"Brighton","Premier League","Joël Veltman","NED","DF","29",1992,34,33,2874,31.9,1,1,2,1,0,0,6,0,25,124,65,0.03,0.03,0.06,0.03,0.06,0.7,0.7,1.6,2.3,0.02,0.05,0.07,0.02,0.07,"https://fbref.com/en/players/dad4b285/Joel-Veltman"
2022,"Brighton","Premier League","Adam Webster","ENG","DF","26",1995,22,16,1434,15.9,2,0,2,2,0,0,5,0,19,109,7,0.13,0,0.13,0.13,0.13,0.9,0.9,0,0.9,0.06,0,0.06,0.06,0.06,"https://fbref.com/en/players/c40b6180/Adam-Webster"
2022,"Brighton","Premier League","Danny Welbeck","ENG","FW,MF","30",1990,25,15,1478,16.4,6,2,8,6,0,0,0,0,22,23,105,0.37,0.12,0.49,0.37,0.49,6.6,6.6,1.2,7.8,0.4,0.08,0.47,0.4,0.47,"https://fbref.com/en/players/ce5143da/Danny-Welbeck"
2022,"Burnley","Premier League","Ashley Barnes","ENG","FW","31",1989,23,8,808,9,1,0,1,0,1,1,4,0,5,17,47,0.11,0,0.11,0,0,2.1,1.4,0.9,2.2,0.24,0.1,0.33,0.15,0.25,"https://fbref.com/en/players/2691c772/Ashley-Barnes"
2022,"Burnley","Premier League","Jóhann Berg Guðmundsson","ISL","MF","30",1990,18,13,1102,12.2,0,1,1,0,0,0,2,0,27,16,75,0,0.08,0.08,0,0.08,1.6,1.6,0.5,2,0.13,0.04,0.17,0.13,0.17,"https://fbref.com/en/players/f72293fc/Johann-Berg-Gudmundsson"
2022,"Burnley","Premier League","Josh Brownhill","ENG","MF","25",1995,35,32,2955,32.8,2,3,5,2,0,0,10,0,18,106,37,0.06,0.09,0.15,0.06,0.15,1.4,1.4,2.6,3.9,0.04,0.08,0.12,0.04,0.12,"https://fbref.com/en/players/47369df8/Josh-Brownhill"
2022,"Burnley","Premier League","Nathan Collins","IRL","DF","20",2001,19,18,1670,18.6,2,0,2,2,0,0,2,1,7,44,8,0.11,0,0.11,0.11,0.11,1.5,1.5,1.5,3,0.08,0.08,0.16,0.08,0.16,"https://fbref.com/en/players/a8c19eb8/Nathan-Collins"
2022,"Burnley","Premier League","Jack Cork","ENG","MF","32",1989,20,20,1670,18.6,1,0,1,1,0,0,4,0,12,46,12,0.05,0,0.05,0.05,0.05,0.7,0.7,0.3,1,0.04,0.02,0.05,0.04,0.05,"https://fbref.com/en/players/74e12f1e/Jack-Cork"
2022,"Burnley","Premier League","Maxwel Cornet","CIV","FW,MF","24",1996,26,21,1766,19.6,9,1,10,9,0,1,2,0,28,30,125,0.46,0.05,0.51,0.46,0.51,6.7,5.9,1.7,7.7,0.34,0.09,0.43,0.3,0.39,"https://fbref.com/en/players/beb391dd/Maxwel-Cornet"
2022,"Burnley","Premier League","Wayne Hennessey","WAL","GK","34",1987,2,2,180,2,0,0,0,0,0,0,0,0,0,0,0,0,0,0,0,0,0,0,0.2,0.2,0,0.09,0.09,0,0.09,"https://fbref.com/en/players/76eca7e2/Wayne-Hennessey"
2022,"Burnley","Premier League","Aaron Lennon","ENG","MF,FW","34",1987,28,17,1551,17.2,2,0,2,2,0,0,2,0,38,19,77,0.12,0,0.12,0.12,0.12,1.1,1.1,0.5,1.6,0.06,0.03,0.09,0.06,0.09,"https://fbref.com/en/players/2ff964a0/Aaron-Lennon"
2022,"Burnley","Premier League","Kevin Long","IRL","DF","30",1990,6,4,410,4.6,0,0,0,0,0,0,1,0,1,4,0,0,0,0,0,0,0.2,0.2,0,0.2,0.03,0,0.03,0.03,0.03,"https://fbref.com/en/players/5a4280b1/Kevin-Long"
2022,"Burnley","Premier League","Matthew Lowton","ENG","DF","32",1989,25,20,1772,19.7,1,2,3,1,0,0,3,1,21,74,39,0.05,0.1,0.15,0.05,0.15,0.7,0.7,2.1,2.8,0.03,0.11,0.14,0.03,0.14,"https://fbref.com/en/players/9a9c05db/Matthew-Lowton"
2022,"Burnley","Premier League","Dwight McNeil","ENG","MF","21",1999,38,35,3107,34.5,0,1,1,0,0,0,1,0,93,104,112,0,0.03,0.03,0,0.03,2.3,2.3,4.6,6.9,0.07,0.13,0.2,0.07,0.2,"https://fbref.com/en/players/fc15fb84/Dwight-McNeil"
2022,"Burnley","Premier League","Ben Mee","ENG","DF","31",1989,21,21,1839,20.4,3,0,3,3,0,0,3,0,3,38,2,0.15,0,0.15,0.15,0.15,2.3,2.3,1,3.4,0.11,0.05,0.17,0.11,0.17,"https://fbref.com/en/players/8df7a2fb/Ben-Mee"
2022,"Burnley","Premier League","Erik Pieters","NED","DF","32",1988,12,8,730,8.1,0,1,1,0,0,0,1,0,7,15,11,0,0.12,0.12,0,0.12,0.2,0.2,1,1.2,0.02,0.12,0.14,0.02,0.14,"https://fbref.com/en/players/1ef37668/Erik-Pieters"
2022,"Burnley","Premier League","Nick Pope","ENG","GK","29",1992,36,36,3240,36,0,0,0,0,0,0,1,0,0,0,0,0,0,0,0,0,0,0,0.1,0.1,0,0,0,0,0,"https://fbref.com/en/players/4b40d9ca/Nick-Pope"
2022,"Burnley","Premier League","Connor Roberts","WAL","DF","25",1995,21,19,1692,18.8,1,1,2,1,0,0,2,0,23,61,44,0.05,0.05,0.11,0.05,0.11,0.4,0.4,1.2,1.6,0.02,0.07,0.09,0.02,0.09,"https://fbref.com/en/players/24fae784/Connor-Roberts"
2022,"Burnley","Premier League","Jay Rodriguez","ENG","FW","32",1989,29,13,1382,15.4,2,2,4,2,0,0,3,0,18,19,60,0.13,0.13,0.26,0.13,0.26,4.8,4.8,2.1,6.9,0.31,0.14,0.45,0.31,0.45,"https://fbref.com/en/players/4ab53cdb/Jay-Rodriguez"
2022,"Burnley","Premier League","Dale Stephens","ENG","MF","32",1989,3,1,124,1.4,0,0,0,0,0,0,1,0,0,5,1,0,0,0,0,0,0,0,0,0.1,0.02,0.02,0.04,0.02,0.04,"https://fbref.com/en/players/653ee42d/Dale-Stephens"
2022,"Burnley","Premier League","James Tarkowski","ENG","DF","28",1992,35,35,3106,34.5,1,2,3,1,0,0,11,0,3,97,11,0.03,0.06,0.09,0.03,0.09,2.5,2.5,0.5,3,0.07,0.01,0.09,0.07,0.09,"https://fbref.com/en/players/15ea812b/James-Tarkowski"
2022,"Burnley","Premier League","Charlie Taylor","ENG","DF","27",1993,31,30,2731,30.3,0,3,3,0,0,0,3,0,58,91,77,0,0.1,0.1,0,0.1,0.2,0.2,3.8,4,0.01,0.13,0.13,0.01,0.13,"https://fbref.com/en/players/cc2d7ad5/Charlie-Taylor"
2022,"Burnley","Premier League","Matěj Vydra","CZE","FW","29",1992,22,5,679,7.5,2,3,5,2,0,0,1,0,2,7,43,0.27,0.4,0.66,0.27,0.66,2.9,2.9,0.7,3.7,0.39,0.1,0.49,0.39,0.49,"https://fbref.com/en/players/0d4ceb32/Matej-Vydra"
2022,"Burnley","Premier League","Wout Weghorst","NED","FW","28",1992,20,17,1450,16.1,2,3,5,2,0,0,3,0,7,26,81,0.12,0.19,0.31,0.12,0.31,4.8,4.8,1.5,6.2,0.3,0.09,0.39,0.3,0.39,"https://fbref.com/en/players/c4e87b8b/Wout-Weghorst"
2022,"Burnley","Premier League","Ashley Westwood","ENG","MF","31",1990,27,26,2287,25.4,0,3,3,0,0,0,7,0,12,130,27,0,0.12,0.12,0,0.12,0.6,0.6,4.1,4.7,0.02,0.16,0.19,0.02,0.19,"https://fbref.com/en/players/495945ef/Ashley-Westwood"
2022,"Burnley","Premier League","Chris Wood","NZL","FW","29",1991,17,17,1367,15.2,3,0,3,3,0,0,1,0,5,23,69,0.2,0,0.2,0.2,0.2,4.2,4.2,0.5,4.7,0.28,0.03,0.31,0.28,0.31,"https://fbref.com/en/players/4e9a0555/Chris-Wood"
2022,"Chelsea","Premier League","Marcos Alonso","ESP","DF","30",1990,28,25,2167,24.1,4,4,8,4,0,0,8,0,51,93,192,0.17,0.17,0.33,0.17,0.33,2.8,2.8,4.5,7.3,0.12,0.19,0.3,0.12,0.3,"https://fbref.com/en/players/f4290206/Marcos-Alonso"
2022,"Chelsea","Premier League","Kepa Arrizabalaga","ESP","GK","26",1994,4,4,360,4,0,0,0,0,0,0,0,0,0,0,0,0,0,0,0,0,0,0,0,0,0,0,0,0,0,"https://fbref.com/en/players/28d596a0/Kepa-Arrizabalaga"
2022,"Chelsea","Premier League","César Azpilicueta","ESP","DF","31",1989,27,24,2070,23,1,2,3,1,0,0,3,0,49,138,132,0.04,0.09,0.13,0.04,0.13,0.9,0.9,1.8,2.6,0.04,0.08,0.11,0.04,0.11,"https://fbref.com/en/players/53cad200/Cesar-Azpilicueta"
2022,"Chelsea","Premier League","Ross Barkley","ENG","MF,FW","27",1993,6,1,179,2,1,0,1,1,0,0,0,0,14,14,17,0.5,0,0.5,0.5,0.5,1,1,0.5,1.5,0.49,0.24,0.73,0.49,0.73,"https://fbref.com/en/players/3a24769f/Ross-Barkley"
2022,"Chelsea","Premier League","Trevoh Chalobah","ENG","DF","22",1999,20,17,1449,16.1,3,1,4,3,0,0,2,0,24,88,14,0.19,0.06,0.25,0.19,0.25,1.1,1.1,0.3,1.4,0.07,0.02,0.09,0.07,0.09,"https://fbref.com/en/players/5515376c/Trevoh-Chalobah"
2022,"Chelsea","Premier League","Ben Chilwell","ENG","DF","24",1996,7,6,542,6,3,1,4,3,0,0,0,0,14,18,46,0.5,0.17,0.66,0.5,0.66,0.9,0.9,0.8,1.7,0.15,0.13,0.28,0.15,0.28,"https://fbref.com/en/players/d2424d1b/Ben-Chilwell"
2022,"Chelsea","Premier League","Andreas Christensen","DEN","DF","25",1996,19,17,1496,16.6,0,0,0,0,0,0,2,0,14,81,5,0,0,0,0,0,0.6,0.6,0.2,0.8,0.04,0.01,0.05,0.04,0.05,"https://fbref.com/en/players/1cb49278/Andreas-Christensen"
2022,"Chelsea","Premier League","Kai Havertz","GER","FW,MF","22",1999,29,22,1809,20.1,8,3,11,8,0,0,3,0,64,62,203,0.4,0.15,0.55,0.4,0.55,8.7,8.7,2.2,10.9,0.43,0.11,0.54,0.43,0.54,"https://fbref.com/en/players/fed7cb61/Kai-Havertz"
2022,"Chelsea","Premier League","Callum Hudson-Odoi","ENG","MF,FW","20",2000,15,11,962,10.7,1,2,3,1,0,0,1,0,67,41,102,0.09,0.19,0.28,0.09,0.28,2.5,2.5,2.1,4.6,0.23,0.2,0.43,0.23,0.43,"https://fbref.com/en/players/15f3ec41/Callum-Hudson-Odoi"
2022,"Chelsea","Premier League","Reece James","ENG","DF","21",1999,26,22,1864,20.7,5,9,14,5,0,0,4,1,52,149,203,0.24,0.43,0.68,0.24,0.68,3.1,3.1,5.9,9.1,0.15,0.29,0.44,0.15,0.44,"https://fbref.com/en/players/1265a93a/Reece-James"
2022,"Chelsea","Premier League","Jorginho","ITA","MF","29",1991,29,26,2273,25.3,6,2,8,0,6,7,5,0,18,178,19,0.24,0.08,0.32,0,0.08,5.8,0.3,2.7,3,0.23,0.11,0.34,0.01,0.12,"https://fbref.com/en/players/45db685d/Jorginho"
2022,"Chelsea","Premier League","N'Golo Kanté","FRA","MF","30",1991,26,21,1773,19.7,2,4,6,2,0,0,2,0,72,159,62,0.1,0.2,0.3,0.1,0.3,1.5,1.5,2.1,3.6,0.08,0.11,0.19,0.08,0.19,"https://fbref.com/en/players/b9fbae28/NGolo-Kante"
2022,"Chelsea","Premier League","Kenedy","BRA","DF","25",1996,1,1,58,0.6,0,1,1,0,0,0,0,0,2,5,10,0,1.55,1.55,0,1.55,0,0,0.6,0.6,0.06,0.94,1,0.06,1,"https://fbref.com/en/players/5eebbfdf/Kenedy"
2022,"Chelsea","Premier League","Mateo Kovačić","CRO","MF","27",1994,25,16,1558,17.3,2,5,7,2,0,0,4,0,42,135,37,0.12,0.29,0.4,0.12,0.4,1.6,1.6,3.2,4.7,0.09,0.18,0.27,0.09,0.27,"https://fbref.com/en/players/79c0821a/Mateo-Kovacic"
2022,"Chelsea","Premier League","Ruben Loftus-Cheek","ENG","MF,DF","25",1996,24,13,1394,15.5,0,2,2,0,0,0,1,0,69,108,53,0,0.13,0.13,0,0.13,1.2,1.2,2.4,3.6,0.08,0.16,0.24,0.08,0.24,"https://fbref.com/en/players/e97fd090/Ruben-Loftus-Cheek"
2022,"Chelsea","Premier League","Romelu Lukaku","BEL","FW","28",1993,26,16,1589,17.7,8,0,8,7,1,1,1,0,29,19,125,0.45,0,0.45,0.4,0.4,6.6,5.8,3,8.8,0.38,0.17,0.54,0.33,0.5,"https://fbref.com/en/players/5eae500a/Romelu-Lukaku"
2022,"Chelsea","Premier League","Edouard Mendy","SEN","GK","29",1992,34,34,3060,34,0,0,0,0,0,0,3,0,0,0,0,0,0,0,0,0,0,0,0,0,0,0,0,0,0,"https://fbref.com/en/players/33887998/Edouard-Mendy"
2022,"Chelsea","Premier League","Mason Mount","ENG","MF","22",1999,32,27,2363,26.3,11,10,21,10,1,1,4,0,92,164,276,0.42,0.38,0.8,0.38,0.76,8,7.2,6.7,14,0.31,0.26,0.56,0.28,0.53,"https://fbref.com/en/players/9674002f/Mason-Mount"
2022,"Chelsea","Premier League","Saúl Ñíguez","ESP","DF,MF","26",1994,10,5,480,5.3,0,0,0,0,0,0,1,0,4,15,27,0,0,0,0,0,0.3,0.3,0.5,0.9,0.07,0.1,0.16,0.07,0.16,"https://fbref.com/en/players/c14bc029/Saul-Niguez"
2022,"Chelsea","Premier League","Emerson Palmieri","ITA","DF","26",1994,1,0,5,0.1,0,0,0,0,0,0,0,0,0,0,1,0,0,0,0,0,0,0,0,0,0,0,0,0,0,"https://fbref.com/en/players/e0bc6fdc/Emerson-Palmieri"
2022,"Chelsea","Premier League","Christian Pulisic","USA","MF,FW","22",1998,22,13,1290,14.3,6,2,8,6,0,0,2,0,44,38,108,0.42,0.14,0.56,0.42,0.56,4.9,4.9,1.3,6.2,0.34,0.09,0.43,0.34,0.43,"https://fbref.com/en/players/1bf33a9a/Christian-Pulisic"
2022,"Chelsea","Premier League","Antonio Rüdiger","GER","DF","28",1993,34,34,3035,33.7,3,0,3,3,0,0,9,0,54,188,21,0.09,0,0.09,0.09,0.09,2.3,2.3,0.7,3,0.07,0.02,0.09,0.07,0.09,"https://fbref.com/en/players/18b896d6/Antonio-Rudiger"
2022,"Chelsea","Premier League","Malang Sarr","FRA","DF","22",1999,8,6,546,6.1,0,0,0,0,0,0,2,0,9,23,15,0,0,0,0,0,0,0,0.4,0.4,0.01,0.06,0.07,0.01,0.07,"https://fbref.com/en/players/4315f30d/Malang-Sarr"
2022,"Chelsea","Premier League","Thiago Silva","BRA","DF","36",1984,32,28,2650,29.4,3,0,3,3,0,0,2,0,14,145,2,0.1,0,0.1,0.1,0.1,0.9,0.9,0.2,1.1,0.03,0.01,0.04,0.03,0.04,"https://fbref.com/en/players/86e7deaf/Thiago-Silva"
2022,"Chelsea","Premier League","Timo Werner","GER","FW,MF","25",1996,21,15,1283,14.3,4,1,5,4,0,0,1,0,46,18,144,0.28,0.07,0.35,0.28,0.35,6.8,6.8,0.3,7.1,0.48,0.02,0.5,0.48,0.5,"https://fbref.com/en/players/49fe9070/Timo-Werner"
2022,"Chelsea","Premier League","Hakim Ziyech","MAR","MF,FW","28",1993,23,14,1319,14.7,4,3,7,4,0,0,3,0,50,88,142,0.27,0.2,0.48,0.27,0.48,3.4,3.4,2.9,6.3,0.23,0.2,0.43,0.23,0.43,"https://fbref.com/en/players/6622454d/Hakim-Ziyech"
2022,"Crystal Palace","Premier League","Joachim Andersen","DEN","DF","25",1996,34,32,2916,32.4,0,3,3,0,0,0,4,0,14,100,4,0,0.09,0.09,0,0.09,0.7,0.7,1.7,2.4,0.02,0.05,0.07,0.02,0.07,"https://fbref.com/en/players/e34fc66d/Joachim-Andersen"
2022,"Crystal Palace","Premier League","Jordan Ayew","GHA","FW","29",1991,31,23,2019,22.4,3,3,6,3,0,0,2,0,98,51,151,0.13,0.13,0.27,0.13,0.27,3.1,3.1,2.8,5.9,0.14,0.12,0.26,0.14,0.26,"https://fbref.com/en/players/da052c14/Jordan-Ayew"
2022,"Crystal Palace","Premier League","Christian Benteke","BEL","FW","30",1990,25,11,1145,12.7,4,1,5,4,0,0,3,0,15,24,79,0.31,0.08,0.39,0.31,0.39,4.9,4.9,1.3,6.2,0.38,0.1,0.49,0.38,0.49,"https://fbref.com/en/players/ab070c55/Christian-Benteke"
2022,"Crystal Palace","Premier League","Jack Butland","ENG","GK","28",1993,9,8,765,8.5,0,0,0,0,0,0,0,0,0,0,0,0,0,0,0,0,0,0,0,0,0,0,0,0,0,"https://fbref.com/en/players/cc70a1d5/Jack-Butland"
2022,"Crystal Palace","Premier League","Nathaniel Clyne","ENG","DF","30",1991,16,15,1351,15,0,1,1,0,0,0,1,0,14,36,25,0,0.07,0.07,0,0.07,0.1,0.1,0.4,0.5,0.01,0.03,0.04,0.01,0.04,"https://fbref.com/en/players/0442183b/Nathaniel-Clyne"
2022,"Crystal Palace","Premier League","Odsonne Édouard","FRA","FW","23",1998,28,18,1564,17.4,6,3,9,5,1,1,4,0,42,42,109,0.35,0.17,0.52,0.29,0.46,6.4,5.6,1.9,7.5,0.37,0.11,0.48,0.32,0.43,"https://fbref.com/en/players/0562b7f1/Odsonne-Edouard"
2022,"Crystal Palace","Premier League","Eberechi Eze","ENG","MF,FW","23",1998,13,6,605,6.7,1,1,2,1,0,0,1,0,20,33,38,0.15,0.15,0.3,0.15,0.3,0.4,0.4,0.9,1.3,0.07,0.13,0.2,0.07,0.2,"https://fbref.com/en/players/ae4fc6a4/Eberechi-Eze"
2022,"Crystal Palace","Premier League","Nathan Ferguson","ENG","DF","20",2000,1,0,9,0.1,0,0,0,0,0,0,0,0,0,0,0,0,0,0,0,0,0,0,0,0,0,0,0,0,0,"https://fbref.com/en/players/2f8d27bc/Nathan-Ferguson"
2022,"Crystal Palace","Premier League","Conor Gallagher","ENG","MF","21",2000,34,33,2845,31.6,8,3,11,8,0,0,10,0,42,94,118,0.25,0.09,0.35,0.25,0.35,6.3,6.3,3.1,9.4,0.2,0.1,0.3,0.2,0.3,"https://fbref.com/en/players/c2731c10/Conor-Gallagher"
2022,"Crystal Palace","Premier League","Vicente Guaita","ESP","GK","34",1987,30,30,2655,29.5,0,0,0,0,0,0,2,0,0,0,0,0,0,0,0,0,0,0,0,0,0,0,0,0,0,"https://fbref.com/en/players/ab13a5aa/Vicente-Guaita"
2022,"Crystal Palace","Premier League","Marc Guéhi","ENG","DF","21",2000,36,36,3222,35.8,2,1,3,2,0,0,4,0,17,111,7,0.06,0.03,0.08,0.06,0.08,2.5,2.5,1.3,3.8,0.07,0.04,0.11,0.07,0.11,"https://fbref.com/en/players/d0706b27/Marc-Guehi"
2022,"Crystal Palace","Premier League","Will Hughes","ENG","MF","26",1995,16,13,1053,11.7,0,1,1,0,0,0,6,0,5,38,7,0,0.09,0.09,0,0.09,0.1,0.1,0.6,0.8,0.01,0.05,0.06,0.01,0.06,"https://fbref.com/en/players/a0666d3e/Will-Hughes"
2022,"Crystal Palace","Premier League","Cheikhou Kouyaté","SEN","MF","31",1989,27,23,1974,21.9,0,1,1,0,0,0,3,0,7,54,9,0,0.05,0.05,0,0.05,0.5,0.5,0.8,1.3,0.02,0.04,0.06,0.02,0.06,"https://fbref.com/en/players/8d3c902d/Cheikhou-Kouyate"
2022,"Crystal Palace","Premier League","Jean-Philippe Mateta","FRA","FW","24",1997,22,13,1145,12.7,5,1,6,5,0,0,2,0,16,6,46,0.39,0.08,0.47,0.39,0.47,5.8,5.8,1.3,7.1,0.46,0.1,0.56,0.46,0.56,"https://fbref.com/en/players/50e6dc35/Jean-Philippe-Mateta"
2022,"Crystal Palace","Premier League","James McArthur","SCO","MF","33",1987,21,15,1439,16,0,3,3,0,0,0,4,0,29,84,22,0,0.19,0.19,0,0.19,0.3,0.3,1.4,1.7,0.02,0.09,0.11,0.02,0.11,"https://fbref.com/en/players/cee31595/James-McArthur"
2022,"Crystal Palace","Premier League","Luka Milivojević","SRB","MF","30",1991,15,9,774,8.6,0,0,0,0,0,0,1,0,2,37,4,0,0,0,0,0,0.3,0.3,0.7,1,0.03,0.08,0.11,0.03,0.11,"https://fbref.com/en/players/2ce2508a/Luka-Milivojevic"
2022,"Crystal Palace","Premier League","Tyrick Mitchell","ENG","DF","21",1999,36,35,3101,34.5,0,2,2,0,0,0,1,0,41,134,116,0,0.06,0.06,0,0.06,0.2,0.2,1.7,1.9,0.01,0.05,0.05,0.01,0.05,"https://fbref.com/en/players/5cbd1eb0/Tyrick-Mitchell"
2022,"Crystal Palace","Premier League","Michael Olise","FRA","FW,MF","19",2001,26,12,1141,12.7,2,5,7,2,0,0,4,0,55,63,110,0.16,0.39,0.55,0.16,0.55,1.7,1.7,3.9,5.6,0.13,0.3,0.44,0.13,0.44,"https://fbref.com/en/players/c4486bac/Michael-Olise"
2022,"Crystal Palace","Premier League","Jesuran Rak Sakyi","ENG","FW,MF","18",2002,2,1,80,0.9,0,0,0,0,0,0,0,0,2,0,4,0,0,0,0,0,0,0,0,0,0,0,0,0,0,"https://fbref.com/en/players/45685411/Jesuran-Rak-Sakyi"
2022,"Crystal Palace","Premier League","Jaïro Riedewald","NED","MF","24",1996,3,1,118,1.3,0,0,0,0,0,0,0,0,1,4,2,0,0,0,0,0,0,0,0.1,0.1,0,0.07,0.07,0,0.07,"https://fbref.com/en/players/7a1f2c08/Jairo-Riedewald"
2022,"Crystal Palace","Premier League","Jeffrey Schlupp","GHA","MF,FW","28",1992,32,20,1851,20.6,4,1,5,4,0,0,1,0,31,70,60,0.19,0.05,0.24,0.19,0.24,3.4,3.4,1.6,4.9,0.16,0.08,0.24,0.16,0.24,"https://fbref.com/en/players/3312f911/Jeffrey-Schlupp"
2022,"Crystal Palace","Premier League","James Tomkins","ENG","DF","32",1989,8,6,547,6.1,1,0,1,1,0,0,2,0,1,8,1,0.16,0,0.16,0.16,0.16,0.5,0.5,0.2,0.7,0.08,0.03,0.11,0.08,0.11,"https://fbref.com/en/players/e7ca0439/James-Tomkins"
2022,"Crystal Palace","Premier League","Joel Ward","ENG","DF","31",1989,28,27,2487,27.6,0,0,0,0,0,0,8,0,27,119,37,0,0,0,0,0,0.3,0.3,0.5,0.8,0.01,0.02,0.03,0.01,0.03,"https://fbref.com/en/players/8a7ff278/Joel-Ward"
2022,"Crystal Palace","Premier League","Wilfried Zaha","CIV","FW","28",1992,33,31,2760,30.7,14,1,15,9,5,7,6,1,113,121,265,0.46,0.03,0.49,0.29,0.33,9.5,3.9,5.1,9,0.31,0.17,0.48,0.13,0.29,"https://fbref.com/en/players/b2bc3b1f/Wilfried-Zaha"
2022,"Everton","Premier League","Allan","BRA","MF","30",1991,28,25,2183,24.3,0,2,2,0,0,0,7,1,26,130,18,0,0.08,0.08,0,0.08,0.2,0.2,0.8,1.1,0.01,0.03,0.04,0.01,0.04,"https://fbref.com/en/players/cc700722/Allan"
2022,"Everton","Premier League","Dele Alli","ENG","MF,FW","25",1996,11,1,338,3.8,0,0,0,0,0,0,3,0,7,13,21,0,0,0,0,0,0.1,0.1,0.4,0.5,0.03,0.09,0.12,0.03,0.12,"https://fbref.com/en/players/cea4ee8f/Dele-Alli"
2022,"Everton","Premier League","Donny van de Beek","NED","MF","24",1997,7,5,483,5.4,1,0,1,1,0,0,1,0,3,20,10,0.19,0,0.19,0.19,0.19,1.1,1.1,0.1,1.1,0.2,0.01,0.21,0.2,0.21,"https://fbref.com/en/players/50dc94ce/Donny-van-de-Beek"
2022,"Everton","Premier League","Asmir Begović","BIH","GK","34",1987,3,3,270,3,0,0,0,0,0,0,0,0,0,0,0,0,0,0,0,0,0,0,0,0,0,0,0,0,0,"https://fbref.com/en/players/7b4de647/Asmir-Begovic"
2022,"Everton","Premier League","Jarrad Branthwaite","ENG","DF","19",2002,6,4,388,4.3,1,0,1,1,0,0,0,1,1,12,0,0.23,0,0.23,0.23,0.23,0.5,0.5,0,0.5,0.12,0,0.12,0.12,0.12,"https://fbref.com/en/players/c1949191/Jarrad-Branthwaite"
2022,"Everton","Premier League","Dominic Calvert-Lewin","ENG","FW","24",1997,17,15,1283,14.3,5,2,7,3,2,3,2,0,9,17,50,0.35,0.14,0.49,0.21,0.35,6.5,4.2,1.6,5.7,0.46,0.11,0.57,0.29,0.4,"https://fbref.com/en/players/59e6e5bf/Dominic-Calvert-Lewin"
2022,"Everton","Premier League","Séamus Coleman","IRL","DF","32",1988,30,30,2656,29.5,1,0,1,1,0,0,4,0,40,96,77,0.03,0,0.03,0.03,0.03,1.2,1.2,0.8,2,0.04,0.03,0.07,0.04,0.07,"https://fbref.com/en/players/0420d84f/Seamus-Coleman"
2022,"Everton","Premier League","Tom Davies","ENG","MF","23",1998,6,2,234,2.6,1,0,1,1,0,0,1,0,1,7,3,0.38,0,0.38,0.38,0.38,0.8,0.8,0,0.8,0.32,0,0.32,0.32,0.32,"https://fbref.com/en/players/9228b07c/Tom-Davies"
2022,"Everton","Premier League","Fabian Delph","ENG","MF","31",1989,11,8,662,7.4,0,0,0,0,0,0,2,0,2,34,3,0,0,0,0,0,0,0,0.1,0.1,0,0.01,0.01,0,0.01,"https://fbref.com/en/players/111c3236/Fabian-Delph"
2022,"Everton","Premier League","Lucas Digne","FRA","DF","28",1993,13,13,1170,13,0,0,0,0,0,0,4,0,25,49,47,0,0,0,0,0,0.3,0.3,1.4,1.8,0.03,0.11,0.14,0.03,0.14,"https://fbref.com/en/players/1b84dbe1/Lucas-Digne"
2022,"Everton","Premier League","Lewis Dobbin","ENG","FW,MF","18",2003,3,0,32,0.4,0,0,0,0,0,0,1,0,1,1,2,0,0,0,0,0,0,0,0,0,0,0,0,0,0,"https://fbref.com/en/players/e814e1cf/Lewis-Dobbin"
2022,"Everton","Premier League","Abdoulaye Doucouré","MLI","MF","28",1993,30,29,2537,28.2,2,4,6,2,0,0,6,0,33,113,54,0.07,0.14,0.21,0.07,0.21,2.2,2.2,2,4.2,0.08,0.07,0.15,0.08,0.15,"https://fbref.com/en/players/02b29014/Abdoulaye-Doucoure"
2022,"Everton","Premier League","Jean-Philippe Gbamin","CIV","MF","25",1995,3,1,67,0.7,0,0,0,0,0,0,0,0,1,0,0,0,0,0,0,0,0,0,0,0,0,0,0,0,0,"https://fbref.com/en/players/6bd603db/Jean-Philippe-Gbamin"
2022,"Everton","Premier League","Anwar El Ghazi","NED","FW,MF","26",1995,2,0,13,0.1,0,0,0,0,0,0,0,0,2,0,2,0,0,0,0,0,0,0,0,0,0,0,0,0,0,"https://fbref.com/en/players/ffa90327/Anwar-El-Ghazi"
2022,"Everton","Premier League","Ben Godfrey","ENG","DF","23",1998,23,23,2029,22.5,0,0,0,0,0,0,6,0,23,67,26,0,0,0,0,0,1.4,1.4,0.8,2.2,0.06,0.03,0.1,0.06,0.1,"https://fbref.com/en/players/9f7c837d/Ben-Godfrey"
2022,"Everton","Premier League","André Gomes","POR","MF","28",1993,14,7,619,6.9,0,1,1,0,0,0,3,0,6,25,13,0,0.15,0.15,0,0.15,0.7,0.7,0.2,0.8,0.1,0.03,0.12,0.1,0.12,"https://fbref.com/en/players/1961b2aa/Andre-Gomes"
2022,"Everton","Premier League","Anthony Gordon","ENG","MF,FW","20",2001,35,25,2285,25.4,4,2,6,4,0,0,4,0,74,51,137,0.16,0.08,0.24,0.16,0.24,3.5,3.5,3.8,7.3,0.14,0.15,0.29,0.14,0.29,"https://fbref.com/en/players/2bd83368/Anthony-Gordon"
2022,"Everton","Premier League","Demarai Gray","ENG","MF,FW","25",1996,34,28,2338,26,5,4,9,5,0,0,3,0,93,59,169,0.19,0.15,0.35,0.19,0.35,4,4,3.6,7.6,0.15,0.14,0.29,0.15,0.29,"https://fbref.com/en/players/4468ec10/Demarai-Gray"
2022,"Everton","Premier League","Mason Holgate","ENG","DF","24",1996,25,23,2134,23.7,2,1,3,2,0,0,7,1,4,40,2,0.08,0.04,0.13,0.08,0.13,1.3,1.3,0.1,1.4,0.06,0,0.06,0.06,0.06,"https://fbref.com/en/players/d0042ab9/Mason-Holgate"
2022,"Everton","Premier League","Alex Iwobi","NGA","MF,DF","25",1996,28,22,2035,22.6,2,2,4,2,0,0,1,0,44,103,104,0.09,0.09,0.18,0.09,0.18,2.3,2.3,2.6,4.9,0.1,0.12,0.22,0.1,0.22,"https://fbref.com/en/players/6ca5ec4b/Alex-Iwobi"
2022,"Everton","Premier League","Moise Kean","ITA","FW","21",2000,1,0,1,0,0,0,0,0,0,0,0,0,0,0,0,0,0,0,0,0,0,0,0,0,0,0,0,0,0,"https://fbref.com/en/players/3d50bcdb/Moise-Kean"
2022,"Everton","Premier League","Michael Keane","ENG","DF","28",1993,32,31,2792,31,3,2,5,3,0,0,4,1,9,79,4,0.1,0.06,0.16,0.1,0.16,1.2,1.2,1.6,2.8,0.04,0.05,0.09,0.04,0.09,"https://fbref.com/en/players/c5b7c315/Michael-Keane"
2022,"Everton","Premier League","Jonjoe Kenny","ENG","DF","24",1997,15,11,1018,11.3,0,1,1,0,0,0,3,1,9,36,25,0,0.09,0.09,0,0.09,0.2,0.2,0.8,1,0.02,0.07,0.09,0.02,0.09,"https://fbref.com/en/players/099e666f/Jonjoe-Kenny"
2022,"Everton","Premier League","Yerry Mina","COL","DF","26",1994,13,11,846,9.4,0,0,0,0,0,0,3,0,1,20,2,0,0,0,0,0,0.3,0.3,0,0.3,0.03,0,0.03,0.03,0.03,"https://fbref.com/en/players/6d5701f2/Yerry-Mina"
2022,"Everton","Premier League","Vitaliy Mykolenko","UKR","DF","22",1999,13,12,1055,11.7,1,0,1,1,0,0,0,0,8,27,27,0.09,0,0.09,0.09,0.09,0.5,0.5,0.8,1.2,0.04,0.06,0.11,0.04,0.11,"https://fbref.com/en/players/30d4a2e5/Vitaliy-Mykolenko"
2022,"Everton","Premier League","Tyler Onyango","ENG","MF","18",2003,3,0,28,0.3,0,0,0,0,0,0,0,0,0,0,0,0,0,0,0,0,0,0,0,0,0.15,0,0.15,0.15,0.15,"https://fbref.com/en/players/d86a1f3e/Tyler-Onyango"
2022,"Everton","Premier League","Jordan Pickford","ENG","GK","27",1994,35,35,3150,35,0,0,0,0,0,0,2,0,0,0,0,0,0,0,0,0,0,0,0.1,0.1,0,0,0,0,0,"https://fbref.com/en/players/4806ec67/Jordan-Pickford"
2022,"Everton","Premier League","Isaac Price","NIR","MF","17",2003,1,0,14,0.2,0,0,0,0,0,0,0,0,0,0,1,0,0,0,0,0,0.1,0.1,0,0.1,0.56,0,0.56,0.56,0.56,"https://fbref.com/en/players/b9403c99/Isaac-Price"
2022,"Everton","Premier League","Richarlison","BRA","FW","24",1997,30,28,2523,28,10,5,15,7,3,3,9,0,44,42,146,0.36,0.18,0.54,0.25,0.43,9.2,6.8,3.6,10.4,0.33,0.13,0.46,0.24,0.37,"https://fbref.com/en/players/fa031b34/Richarlison"
2022,"Everton","Premier League","Salomón Rondón","VEN","FW","31",1989,20,8,790,8.8,1,1,2,1,0,0,3,1,5,9,41,0.11,0.11,0.23,0.11,0.23,1.8,1.8,0.7,2.6,0.21,0.08,0.29,0.21,0.29,"https://fbref.com/en/players/b318a643/Salomon-Rondon"
2022,"Everton","Premier League","Ellis Simms","ENG","FW","20",2001,1,1,61,0.7,0,0,0,0,0,0,0,0,0,0,2,0,0,0,0,0,0,0,0,0,0,0,0,0,0,"https://fbref.com/en/players/26d3b5be/Ellis-Simms"
2022,"Everton","Premier League","Cenk Tosun","TUR","MF","30",1991,1,0,7,0.1,0,0,0,0,0,0,0,0,0,0,0,0,0,0,0,0,0,0,0,0,0,0,0,0,0,"https://fbref.com/en/players/9a104dee/Cenk-Tosun"
2022,"Everton","Premier League","Andros Townsend","ENG","MF,FW","30",1991,21,17,1455,16.2,3,2,5,2,1,1,3,0,41,50,100,0.19,0.12,0.31,0.12,0.25,2.2,1.5,3.1,4.5,0.14,0.19,0.33,0.09,0.28,"https://fbref.com/en/players/b28bbd58/Andros-Townsend"
2022,"Leeds United","Premier League","Luke Ayling","ENG","DF","29",1991,26,26,2272,25.2,2,2,4,2,0,0,4,1,45,135,51,0.08,0.08,0.16,0.08,0.16,1.2,1.2,1.8,3.1,0.05,0.07,0.12,0.05,0.12,"https://fbref.com/en/players/420d7c7d/Luke-Ayling"
2022,"Leeds United","Premier League","Patrick Bamford","ENG","FW","27",1993,9,7,559,6.2,2,2,4,2,0,0,2,0,8,12,24,0.32,0.32,0.64,0.32,0.64,3,3,1.1,4,0.48,0.17,0.65,0.48,0.65,"https://fbref.com/en/players/93feac6e/Patrick-Bamford"
2022,"Leeds United","Premier League","Lewis Bate","ENG","MF","18",2002,3,1,146,1.6,0,0,0,0,0,0,0,0,0,6,1,0,0,0,0,0,0,0,0,0,0.01,0,0.01,0.01,0.01,"https://fbref.com/en/players/cd4256d3/Lewis-Bate"
2022,"Leeds United","Premier League","Liam Cooper","SCO","DF","29",1991,21,21,1814,20.2,0,1,1,0,0,0,5,0,7,46,2,0,0.05,0.05,0,0.05,0.4,0.4,0.1,0.5,0.02,0.01,0.02,0.02,0.02,"https://fbref.com/en/players/dc64b8b3/Liam-Cooper"
2022,"Leeds United","Premier League","Hélder Costa","ANG","MF","27",1994,1,0,22,0.2,0,0,0,0,0,0,0,0,0,0,2,0,0,0,0,0,0,0,0,0,0.03,0,0.03,0.03,0.03,"https://fbref.com/en/players/f13d02a6/Helder-Costa"
2022,"Leeds United","Premier League","Charlie Cresswell","ENG","DF","18",2002,5,1,141,1.6,0,0,0,0,0,0,1,0,1,4,0,0,0,0,0,0,0.1,0.1,0,0.1,0.05,0,0.05,0.05,0.05,"https://fbref.com/en/players/4654e5f5/Charlie-Cresswell"
2022,"Leeds United","Premier League","Stuart Dallas","NIR","DF,MF","30",1991,34,34,2919,32.4,1,1,2,1,0,0,5,0,82,170,79,0.03,0.03,0.06,0.03,0.06,1.9,1.9,2.3,4.1,0.06,0.07,0.13,0.06,0.13,"https://fbref.com/en/players/67ca8566/Stuart-Dallas"
2022,"Leeds United","Premier League","Cody Drameh","ENG","DF,MF","19",2001,3,1,128,1.4,0,0,0,0,0,0,1,0,3,6,3,0,0,0,0,0,0,0,0,0,0,0.02,0.02,0,0.02,"https://fbref.com/en/players/e0d1510a/Cody-Drameh"
2022,"Leeds United","Premier League","Junior Firpo","ESP","DF,MF","24",1996,24,19,1711,19,0,2,2,0,0,0,11,0,36,111,72,0,0.11,0.11,0,0.11,0.9,0.9,1.9,2.8,0.05,0.1,0.15,0.05,0.15,"https://fbref.com/en/players/24f59bb2/Junior-Firpo"
2022,"Leeds United","Premier League","Adam Forshaw","ENG","MF","29",1991,22,17,1530,17,0,1,1,0,0,0,5,0,19,80,26,0,0.06,0.06,0,0.06,0.5,0.5,1,1.5,0.03,0.06,0.09,0.03,0.09,"https://fbref.com/en/players/9f1938ab/Adam-Forshaw"
2022,"Leeds United","Premier League","Leo Fuhr Hjelde","NOR","MF,DF","17",2003,2,0,150,1.7,0,0,0,0,0,0,0,0,1,3,4,0,0,0,0,0,0,0,0,0,0,0.01,0.01,0,0.01,"https://fbref.com/en/players/d102b8a2/Leo-Fuhr-Hjelde"
2022,"Leeds United","Premier League","Joe Gelhardt","ENG","FW,MF","19",2002,20,5,746,8.3,2,2,4,2,0,0,4,0,17,15,55,0.24,0.24,0.48,0.24,0.48,3,3,1.6,4.6,0.36,0.2,0.56,0.36,0.56,"https://fbref.com/en/players/01962d0d/Joe-Gelhardt"
2022,"Leeds United","Premier League","Sam Greenwood","ENG","MF,FW","19",2002,7,1,237,2.6,0,2,2,0,0,0,0,0,3,5,10,0,0.76,0.76,0,0.76,0.3,0.3,0.2,0.5,0.11,0.09,0.2,0.11,0.2,"https://fbref.com/en/players/f3354c07/Sam-Greenwood"
2022,"Leeds United","Premier League","Jack Harrison","ENG","FW,MF","24",1996,35,32,2639,29.3,8,1,9,8,0,0,3,0,120,89,234,0.27,0.03,0.31,0.27,0.31,4.4,4.4,3.2,7.6,0.15,0.11,0.26,0.15,0.26,"https://fbref.com/en/players/aa849a12/Jack-Harrison"
2022,"Leeds United","Premier League","Daniel James","WAL","FW,MF","23",1997,32,29,2366,26.3,4,4,8,4,0,0,7,1,69,57,186,0.15,0.15,0.3,0.15,0.3,6.1,6.1,2.9,8.9,0.23,0.11,0.34,0.23,0.34,"https://fbref.com/en/players/c931d9f9/Daniel-James"
2022,"Leeds United","Premier League","Kristoffer Klaesson","NOR","GK","20",2000,1,0,36,0.4,0,0,0,0,0,0,0,0,0,0,0,0,0,0,0,0,0,0,0,0,0,0,0,0,0,"https://fbref.com/en/players/3f70db80/Kristoffer-Klaesson"
2022,"Leeds United","Premier League","Mateusz Klich","POL","MF","31",1990,33,26,2073,23,1,2,3,1,0,0,5,0,45,105,129,0.04,0.09,0.13,0.04,0.13,2.8,2.8,2.2,5,0.12,0.1,0.22,0.12,0.22,"https://fbref.com/en/players/282679b4/Mateusz-Klich"
2022,"Leeds United","Premier League","Robin Koch","GER","MF,DF","25",1996,20,17,1574,17.5,0,0,0,0,0,0,3,0,3,52,14,0,0,0,0,0,0.8,0.8,0.4,1.2,0.04,0.02,0.07,0.04,0.07,"https://fbref.com/en/players/ea6bc03a/Robin-Koch"
2022,"Leeds United","Premier League","Diego Llorente","ESP","DF","27",1993,28,28,2340,26,3,0,3,3,0,0,7,0,20,97,1,0.12,0,0.12,0.12,0.12,1,1,0.1,1,0.04,0,0.04,0.04,0.04,"https://fbref.com/en/players/bba30585/Diego-Llorente"
2022,"Leeds United","Premier League","Liam McCarron","SCO","FW","20",2001,1,0,10,0.1,0,0,0,0,0,0,0,0,0,0,0,0,0,0,0,0,0,0,0,0,0,0,0,0,0,"https://fbref.com/en/players/076bb352/Liam-McCarron"
2022,"Leeds United","Premier League","Stuart McKinstry","SCO","MF","18",2002,1,0,4,0,0,0,0,0,0,0,0,0,0,0,1,0,0,0,0,0,0,0,0,0,0,0,0,0,0,"https://fbref.com/en/players/1000a059/Stuart-McKinstry"
2022,"Leeds United","Premier League","Illan Meslier","FRA","GK","21",2000,38,38,3384,37.6,0,0,0,0,0,0,2,0,0,0,0,0,0,0,0,0,0,0,0,0,0,0,0,0,0,"https://fbref.com/en/players/6b625ac2/Illan-Meslier"
2022,"Leeds United","Premier League","Kalvin Phillips","ENG","MF","25",1995,20,18,1596,17.7,0,1,1,0,0,0,4,0,6,93,14,0,0.06,0.06,0,0.06,0.7,0.7,0.7,1.4,0.04,0.04,0.08,0.04,0.08,"https://fbref.com/en/players/4f565d77/Kalvin-Phillips"
2022,"Leeds United","Premier League","Raphinha","BRA","FW,MF","24",1996,35,34,2915,32.4,11,3,14,7,4,4,7,0,89,134,286,0.34,0.09,0.43,0.22,0.31,10.2,7,7.5,14.5,0.31,0.23,0.54,0.22,0.45,"https://fbref.com/en/players/3423f250/Raphinha"
2022,"Leeds United","Premier League","Tyler Roberts","WAL","MF,FW","22",1999,23,7,987,11,1,1,2,1,0,0,5,0,17,29,63,0.09,0.09,0.18,0.09,0.18,2.4,2.4,1,3.4,0.22,0.09,0.31,0.22,0.31,"https://fbref.com/en/players/6c17e046/Tyler-Roberts"
2022,"Leeds United","Premier League","Rodrigo","ESP","MF,FW","30",1991,31,27,2265,25.2,6,1,7,5,1,1,9,0,47,105,164,0.24,0.04,0.28,0.2,0.24,4.2,3.5,3.1,6.6,0.17,0.12,0.29,0.14,0.26,"https://fbref.com/en/players/1fb1c435/Rodrigo"
2022,"Leeds United","Premier League","Jamie Shackleton","ENG","DF,MF","21",1999,14,7,709,7.9,0,0,0,0,0,0,4,0,20,36,20,0,0,0,0,0,0.2,0.2,0,0.2,0.02,0,0.02,0.02,0.02,"https://fbref.com/en/players/8d03ca5a/Jamie-Shackleton"
2022,"Leeds United","Premier League","Pascal Struijk","NED","DF,MF","21",1999,29,22,2055,22.8,1,0,1,1,0,0,6,1,8,86,10,0.04,0,0.04,0.04,0.04,1.4,1.4,0.4,1.9,0.06,0.02,0.08,0.06,0.08,"https://fbref.com/en/players/f4d296e4/Pascal-Struijk"
2022,"Leeds United","Premier League","Crysencio Summerville","NED","MF,FW","19",2001,6,0,130,1.4,0,0,0,0,0,0,0,0,5,7,16,0,0,0,0,0,0.2,0.2,0,0.3,0.17,0.03,0.19,0.17,0.19,"https://fbref.com/en/players/df04eb4b/Crysencio-Summerville"
2022,"Leicester City","Premier League","Marc Albrighton","ENG","FW,DF","31",1989,17,11,1132,12.6,1,2,3,1,0,0,3,0,21,26,56,0.08,0.16,0.24,0.08,0.24,0.5,0.5,2,2.5,0.04,0.16,0.2,0.04,0.2,"https://fbref.com/en/players/b827d5b3/Marc-Albrighton"
2022,"Leicester City","Premier League","Daniel Amartey","GHA","DF","26",1994,28,23,2123,23.6,0,0,0,0,0,0,4,0,14,62,0,0,0,0,0,0,0,0,0.2,0.2,0,0.01,0.01,0,0.01,"https://fbref.com/en/players/1a4ef233/Daniel-Amartey"
2022,"Leicester City","Premier League","Harvey Barnes","ENG","FW,MF","23",1997,32,24,2101,23.3,6,10,16,6,0,0,2,0,107,59,237,0.26,0.43,0.69,0.26,0.69,5.6,5.6,4.6,10.2,0.24,0.2,0.44,0.24,0.44,"https://fbref.com/en/players/3ea50f67/Harvey-Barnes"
2022,"Leicester City","Premier League","Ryan Bertrand","ENG","DF","31",1989,4,4,337,3.7,0,0,0,0,0,0,1,0,2,17,8,0,0,0,0,0,0,0,0,0,0,0,0,0,0,"https://fbref.com/en/players/01226327/Ryan-Bertrand"
2022,"Leicester City","Premier League","Lewis Brunt","ENG","MF","20",2000,1,0,24,0.3,0,0,0,0,0,0,0,0,1,2,2,0,0,0,0,0,0,0,0,0,0,0,0,0,0,"https://fbref.com/en/players/a2081c6b/Lewis-Brunt"
2022,"Leicester City","Premier League","Timothy Castagne","BEL","DF","25",1995,27,22,2127,23.6,1,0,1,1,0,0,1,0,32,72,115,0.04,0,0.04,0.04,0.04,0.7,0.7,1.5,2.2,0.03,0.06,0.09,0.03,0.09,"https://fbref.com/en/players/197640fd/Timothy-Castagne"
2022,"Leicester City","Premier League","Hamza Choudhury","ENG","DF,MF","23",1997,6,4,285,3.2,0,0,0,0,0,0,1,0,0,5,1,0,0,0,0,0,0,0,0,0,0.01,0,0.01,0.01,0.01,"https://fbref.com/en/players/7d2d3329/Hamza-Choudhury"
2022,"Leicester City","Premier League","Patson Daka","ZAM","FW","22",1998,23,13,1159,12.9,5,3,8,5,0,0,2,0,10,17,66,0.39,0.23,0.62,0.39,0.62,4.2,4.2,2,6.1,0.32,0.15,0.48,0.32,0.48,"https://fbref.com/en/players/ca45605e/Patson-Daka"
2022,"Leicester City","Premier League","Kiernan Dewsbury-Hall","ENG","MF","22",1998,28,23,2105,23.4,1,2,3,1,0,0,4,0,82,132,98,0.04,0.09,0.13,0.04,0.13,1.2,1.2,2.7,3.9,0.05,0.12,0.17,0.05,0.17,"https://fbref.com/en/players/5c74c0f5/Kiernan-Dewsbury-Hall"
2022,"Leicester City","Premier League","Jonny Evans","NIR","DF","33",1988,18,16,1348,15,1,1,2,1,0,0,3,0,1,49,4,0.07,0.07,0.13,0.07,0.13,0.6,0.6,0.8,1.4,0.04,0.05,0.09,0.04,0.09,"https://fbref.com/en/players/f8fcd2a5/Jonny-Evans"
2022,"Leicester City","Premier League","Wesley Fofana","FRA","DF","20",2000,7,7,630,7,0,0,0,0,0,0,2,0,10,28,1,0,0,0,0,0,0.4,0.4,0,0.4,0.06,0,0.06,0.06,0.06,"https://fbref.com/en/players/132a82f1/Wesley-Fofana"
2022,"Leicester City","Premier League","Kelechi Iheanacho","NGA","FW","24",1996,26,13,1264,14,4,5,9,4,0,0,1,0,28,37,85,0.28,0.36,0.64,0.28,0.64,3.6,3.6,2.5,6.1,0.26,0.18,0.43,0.26,0.43,"https://fbref.com/en/players/c92e1a31/Kelechi-Iheanacho"
2022,"Leicester City","Premier League","James Justin","ENG","DF","23",1998,13,11,998,11.1,0,0,0,0,0,0,0,0,23,44,52,0,0,0,0,0,0.3,0.3,1,1.3,0.03,0.09,0.12,0.03,0.12,"https://fbref.com/en/players/fb614c44/James-Justin"
2022,"Leicester City","Premier League","Ademola Lookman","NGA","FW,MF","23",1997,26,16,1453,16.1,6,0,6,6,0,0,2,0,43,54,139,0.37,0,0.37,0.37,0.37,4.5,4.5,1.9,6.4,0.28,0.11,0.4,0.28,0.4,"https://fbref.com/en/players/7c104bb7/Ademola-Lookman"
2022,"Leicester City","Premier League","James Maddison","ENG","MF,FW","24",1996,35,28,2459,27.3,12,8,20,12,0,0,3,0,53,136,141,0.44,0.29,0.73,0.44,0.73,7.5,7.5,5.1,12.7,0.28,0.19,0.46,0.28,0.46,"https://fbref.com/en/players/ee38d9c5/James-Maddison"
2022,"Leicester City","Premier League","Kasey McAteer","ENG","FW","19",2001,1,0,3,0,0,0,0,0,0,0,0,0,0,0,0,0,0,0,0,0,0,0,0,0,0,0,0,0,0,"https://fbref.com/en/players/b2c66859/Kasey-McAteer"
2022,"Leicester City","Premier League","Nampalys Mendy","SEN","MF","29",1992,14,12,1032,11.5,0,0,0,0,0,0,3,0,9,36,8,0,0,0,0,0,0,0,0,0,0,0,0,0,0,"https://fbref.com/en/players/1598599e/Nampalys-Mendy"
2022,"Leicester City","Premier League","Wilfred Ndidi","NGA","MF,DF","24",1996,19,18,1618,18,0,0,0,0,0,0,4,0,14,57,13,0,0,0,0,0,0.7,0.7,0,0.8,0.04,0,0.04,0.04,0.04,"https://fbref.com/en/players/6b47c5db/Wilfred-Ndidi"
2022,"Leicester City","Premier League","Ricardo Pereira","POR","DF","27",1993,14,13,991,11,1,3,4,1,0,0,3,0,28,43,34,0.09,0.27,0.36,0.09,0.36,0.7,0.7,1.3,2,0.06,0.12,0.18,0.06,0.18,"https://fbref.com/en/players/75a72a99/Ricardo-Pereira"
2022,"Leicester City","Premier League","Ayoze Pérez","ESP","MF,FW","28",1993,14,6,445,4.9,2,3,5,2,0,0,0,1,16,18,30,0.4,0.61,1.01,0.4,1.01,1.6,1.6,1.6,3.2,0.32,0.32,0.64,0.32,0.64,"https://fbref.com/en/players/819aa8e7/Ayoze-Perez"
2022,"Leicester City","Premier League","Kasper Schmeichel","DEN","GK","34",1986,37,37,3330,37,0,0,0,0,0,0,2,0,1,2,0,0,0,0,0,0,0,0,0,0,0,0,0,0,0,"https://fbref.com/en/players/53af52f3/Kasper-Schmeichel"
2022,"Leicester City","Premier League","Boubakary Soumaré","FRA","MF","22",1999,19,12,1102,12.2,0,1,1,0,0,0,0,0,10,45,16,0,0.08,0.08,0,0.08,0.4,0.4,0.4,0.7,0.03,0.03,0.06,0.03,0.06,"https://fbref.com/en/players/ae59b359/Boubakary-Soumare"
2022,"Leicester City","Premier League","Çağlar Söyüncü","TUR","DF","25",1996,28,28,2497,27.7,1,0,1,1,0,0,5,0,19,71,5,0.04,0,0.04,0.04,0.04,1,1,0.1,1.1,0.04,0,0.04,0.04,0.04,"https://fbref.com/en/players/21166ff4/Caglar-Soyuncu"
2022,"Leicester City","Premier League","Luke Thomas","ENG","DF","20",2001,22,21,1912,21.2,0,1,1,0,0,0,2,0,28,95,59,0,0.05,0.05,0,0.05,0.1,0.1,1.3,1.5,0.01,0.06,0.07,0.01,0.07,"https://fbref.com/en/players/fc027d02/Luke-Thomas"
2022,"Leicester City","Premier League","Youri Tielemans","BEL","MF","24",1997,32,29,2631,29.2,6,4,10,4,2,2,3,0,31,202,69,0.21,0.14,0.34,0.14,0.27,4.4,2.8,4.2,7,0.15,0.15,0.29,0.1,0.24,"https://fbref.com/en/players/56f7a928/Youri-Tielemans"
2022,"Leicester City","Premier League","Jamie Vardy","ENG","FW","34",1987,25,20,1806,20.1,15,2,17,15,0,0,2,0,37,28,112,0.75,0.1,0.85,0.75,0.85,10.8,10.8,1.4,12.2,0.54,0.07,0.61,0.54,0.61,"https://fbref.com/en/players/45963054/Jamie-Vardy"
2022,"Leicester City","Premier League","Jannik Vestergaard","DEN","DF","28",1992,10,6,567,6.3,0,0,0,0,0,0,2,0,2,19,0,0,0,0,0,0,0.1,0.1,0,0.1,0.02,0,0.02,0.02,0.02,"https://fbref.com/en/players/1900032e/Jannik-Vestergaard"
2022,"Leicester City","Premier League","Danny Ward","WAL","GK","28",1993,1,1,90,1,0,0,0,0,0,0,0,0,0,0,0,0,0,0,0,0,0,0,0,0,0,0,0,0,0,"https://fbref.com/en/players/d3ce0e89/Danny-Ward"
2022,"Liverpool","Premier League","Thiago Alcántara","ESP","MF","30",1991,25,17,1534,17,1,4,5,1,0,0,2,0,24,214,45,0.06,0.23,0.29,0.06,0.29,1.9,1.9,2.3,4.2,0.11,0.14,0.25,0.11,0.25,"https://fbref.com/en/players/77e84962/Thiago-Alcantara"
2022,"Liverpool","Premier League","Trent Alexander-Arnold","ENG","DF","22",1998,32,32,2853,31.7,2,12,14,2,0,0,2,0,53,267,201,0.06,0.38,0.44,0.06,0.44,2.4,2.4,12,14.4,0.07,0.38,0.46,0.07,0.46,"https://fbref.com/en/players/cd1acf9d/Trent-Alexander-Arnold"
2022,"Liverpool","Premier League","Alisson","BRA","GK","28",1992,36,36,3240,36,0,1,1,0,0,0,0,0,0,1,0,0,0.03,0.03,0,0.03,0,0,0.2,0.2,0,0.01,0.01,0,0.01,"https://fbref.com/en/players/7a2e46a8/Alisson"
2022,"Liverpool","Premier League","Luis Díaz","COL","FW","24",1997,13,11,958,10.6,4,3,7,4,0,0,0,0,53,38,127,0.38,0.28,0.66,0.38,0.66,3.6,3.6,2.6,6.2,0.33,0.25,0.58,0.33,0.58,"https://fbref.com/en/players/4a1a9578/Luis-Diaz"
2022,"Liverpool","Premier League","Harvey Elliott","ENG","MF","18",2003,6,4,346,3.8,0,0,0,0,0,0,0,0,10,36,38,0,0,0,0,0,0.8,0.8,0.6,1.4,0.21,0.16,0.37,0.21,0.37,"https://fbref.com/en/players/c8387671/Harvey-Elliott"
2022,"Liverpool","Premier League","Fabinho","BRA","MF","27",1993,29,26,2314,25.7,5,1,6,3,2,2,7,0,18,134,37,0.19,0.04,0.23,0.12,0.16,3.9,2.4,1.3,3.7,0.15,0.05,0.2,0.09,0.14,"https://fbref.com/en/players/7f3b388c/Fabinho"
2022,"Liverpool","Premier League","Roberto Firmino","BRA","FW","29",1991,20,10,990,11,5,4,9,5,0,0,3,0,27,40,100,0.45,0.36,0.82,0.45,0.82,4.7,4.7,1.7,6.4,0.43,0.16,0.59,0.43,0.59,"https://fbref.com/en/players/4c370d81/Roberto-Firmino"
2022,"Liverpool","Premier League","Joe Gomez","ENG","DF","24",1997,8,4,331,3.7,0,1,1,0,0,0,2,0,11,36,29,0,0.27,0.27,0,0.27,0,0,0.8,0.8,0.01,0.21,0.22,0.01,0.22,"https://fbref.com/en/players/7a11550b/Joe-Gomez"
2022,"Liverpool","Premier League","Kaide Gordon","ENG","FW","16",2004,1,0,9,0.1,0,0,0,0,0,0,0,0,1,0,3,0,0,0,0,0,0.4,0.4,0,0.4,4.5,0,4.5,4.5,4.5,"https://fbref.com/en/players/19a9cb70/Kaide-Gordon"
2022,"Liverpool","Premier League","Jordan Henderson","ENG","MF","31",1990,35,29,2597,28.9,2,5,7,2,0,0,3,0,54,245,116,0.07,0.17,0.24,0.07,0.24,1.5,1.5,3.5,5,0.05,0.12,0.17,0.05,0.17,"https://fbref.com/en/players/935e6b8f/Jordan-Henderson"
2022,"Liverpool","Premier League","Curtis Jones","ENG","MF","20",2001,15,10,851,9.5,1,1,2,1,0,0,0,0,25,58,54,0.11,0.11,0.21,0.11,0.21,0.9,0.9,0.6,1.5,0.1,0.07,0.16,0.1,0.16,"https://fbref.com/en/players/4fb9c88f/Curtis-Jones"
2022,"Liverpool","Premier League","Diogo Jota","POR","FW","24",1996,35,27,2364,26.3,15,4,19,15,0,0,3,0,74,87,191,0.57,0.15,0.72,0.57,0.72,16.3,16.3,5.8,22,0.62,0.22,0.84,0.62,0.84,"https://fbref.com/en/players/178ae8f8/Diogo-Jota"
2022,"Liverpool","Premier League","Naby Keïta","GUI","MF","26",1995,23,14,1173,13,3,1,4,3,0,0,3,0,39,75,42,0.23,0.08,0.31,0.23,0.31,2.2,2.2,1.9,4.1,0.17,0.14,0.31,0.17,0.31,"https://fbref.com/en/players/f25c8e3a/Naby-Keita"
2022,"Liverpool","Premier League","Caoimhín Kelleher","IRL","GK","22",1998,2,2,180,2,0,0,0,0,0,0,0,0,0,0,0,0,0,0,0,0,0,0,0,0,0,0,0,0,0,"https://fbref.com/en/players/62d7ef38/Caoimhin-Kelleher"
2022,"Liverpool","Premier League","Ibrahima Konaté","FRA","DF","22",1999,11,11,990,11,0,0,0,0,0,0,2,0,7,51,2,0,0,0,0,0,0.2,0.2,0,0.2,0.02,0,0.02,0.02,0.02,"https://fbref.com/en/players/5ed9b537/Ibrahima-Konate"
2022,"Liverpool","Premier League","Sadio Mané","SEN","FW","29",1992,34,32,2819,31.3,16,2,18,16,0,0,5,0,105,130,305,0.51,0.06,0.57,0.51,0.57,17.2,17.2,5.2,22.5,0.55,0.17,0.72,0.55,0.72,"https://fbref.com/en/players/c691bfe2/Sadio-Mane"
2022,"Liverpool","Premier League","Joël Matip","CMR","DF","29",1991,31,31,2790,31,3,3,6,3,0,0,2,0,55,186,7,0.1,0.1,0.19,0.1,0.19,3.4,3.4,1.3,4.6,0.11,0.04,0.15,0.11,0.15,"https://fbref.com/en/players/b217ef29/Joel-Matip"
2022,"Liverpool","Premier League","James Milner","ENG","MF,DF","35",1986,24,9,853,9.5,0,1,1,0,0,0,2,0,9,73,38,0,0.11,0.11,0,0.11,0.4,0.4,2.2,2.5,0.04,0.23,0.26,0.04,0.26,"https://fbref.com/en/players/2f90f6b8/James-Milner"
2022,"Liverpool","Premier League","Takumi Minamino","JPN","FW,MF","26",1995,11,1,186,2.1,3,0,3,3,0,0,1,0,2,5,15,1.45,0,1.45,1.45,1.45,1.6,1.6,0.5,2.2,0.79,0.25,1.04,0.79,1.04,"https://fbref.com/en/players/f833a830/Takumi-Minamino"
2022,"Liverpool","Premier League","Tyler Morton","ENG","MF","18",2002,2,1,66,0.7,0,0,0,0,0,0,1,0,0,4,0,0,0,0,0,0,0,0,0,0,0,0,0,0,0,"https://fbref.com/en/players/2bc28bb9/Tyler-Morton"
2022,"Liverpool","Premier League","Divock Origi","BEL","FW","26",1995,7,0,133,1.5,3,0,3,3,0,0,0,0,3,2,9,2.03,0,2.03,2.03,2.03,1.5,1.5,0,1.5,1.02,0,1.02,1.02,1.02,"https://fbref.com/en/players/43a166b4/Divock-Origi"
2022,"Liverpool","Premier League","Alex Oxlade-Chamberlain","ENG","MF,FW","27",1993,17,9,785,8.7,2,1,3,2,0,0,0,0,34,61,63,0.23,0.11,0.34,0.23,0.34,1.3,1.3,1.1,2.5,0.15,0.13,0.28,0.15,0.28,"https://fbref.com/en/players/38c7feef/Alex-Oxlade-Chamberlain"
2022,"Liverpool","Premier League","Andrew Robertson","SCO","DF","27",1994,29,29,2537,28.2,3,10,13,3,0,0,5,1,96,186,239,0.11,0.35,0.46,0.11,0.46,1.4,1.4,5.6,7,0.05,0.2,0.25,0.05,0.25,"https://fbref.com/en/players/2e4f5f03/Andrew-Robertson"
2022,"Liverpool","Premier League","Mohamed Salah","EGY","FW","29",1992,35,30,2762,30.7,23,13,36,18,5,6,1,0,125,122,451,0.75,0.42,1.17,0.59,1.01,22.7,17.8,10,27.8,0.74,0.33,1.07,0.58,0.91,"https://fbref.com/en/players/e342ad68/Mohamed-Salah"
2022,"Liverpool","Premier League","Kostas Tsimikas","GRE","DF","25",1996,13,9,877,9.7,0,2,2,0,0,0,3,0,48,47,109,0,0.21,0.21,0,0.21,0.6,0.6,2.7,3.3,0.06,0.27,0.34,0.06,0.34,"https://fbref.com/en/players/f315ca93/Kostas-Tsimikas"
2022,"Liverpool","Premier League","Virgil van Dijk","NED","DF","30",1991,34,34,3060,34,3,1,4,3,0,0,3,0,11,145,4,0.09,0.03,0.12,0.09,0.12,2,2,1.5,3.6,0.06,0.05,0.11,0.06,0.11,"https://fbref.com/en/players/e06683ca/Virgil-van-Dijk"
2022,"Liverpool","Premier League","Neco Williams","WAL","DF","20",2001,1,0,8,0.1,0,1,1,0,0,0,0,0,1,0,2,0,11.25,11.25,0,11.25,0,0,0.7,0.7,0,7.82,7.82,0,7.82,"https://fbref.com/en/players/dd323728/Neco-Williams"
2022,"Manchester City","Premier League","Nathan Aké","NED","DF","26",1995,14,10,923,10.3,2,0,2,2,0,0,0,0,12,57,8,0.2,0,0.2,0.2,0.2,0.7,0.7,0.6,1.2,0.07,0.06,0.12,0.07,0.12,"https://fbref.com/en/players/eaeca114/Nathan-Ake"
2022,"Manchester City","Premier League","João Cancelo","POR","DF","27",1994,36,36,3227,35.9,1,7,8,1,0,0,7,0,125,357,270,0.03,0.2,0.22,0.03,0.22,4,4,5.4,9.3,0.11,0.15,0.26,0.11,0.26,"https://fbref.com/en/players/bd6351cd/Joao-Cancelo"
2022,"Manchester City","Premier League","Kayky Chagas","BRA","FW","18",2003,1,0,7,0.1,0,0,0,0,0,0,0,0,1,0,1,0,0,0,0,0,0,0,0,0,0,0,0,0,0,"https://fbref.com/en/players/17734ea0/Kayky-Chagas"
2022,"Manchester City","Premier League","Kevin De Bruyne","BEL","MF","30",1991,30,25,2201,24.5,15,8,23,15,0,0,2,0,84,204,175,0.61,0.33,0.94,0.61,0.94,5.7,5.7,10.4,16.1,0.23,0.42,0.66,0.23,0.66,"https://fbref.com/en/players/e46012d4/Kevin-De-Bruyne"
2022,"Manchester City","Premier League","Liam Delap","ENG","FW","18",2003,1,0,10,0.1,0,0,0,0,0,0,0,0,0,1,0,0,0,0,0,0,0,0,0,0,0,0,0,0,0,"https://fbref.com/en/players/dd897ee7/Liam-Delap"
2022,"Manchester City","Premier League","Rúben Dias","POR","DF","24",1997,29,27,2402,26.7,2,4,6,2,0,0,5,0,33,139,4,0.07,0.15,0.22,0.07,0.22,2.7,2.7,3.2,5.9,0.1,0.12,0.22,0.1,0.22,"https://fbref.com/en/players/31c69ef1/Ruben-Dias"
2022,"Manchester City","Premier League","Ederson","BRA","GK","27",1993,37,37,3330,37,0,0,0,0,0,0,3,0,0,3,0,0,0,0,0,0,0,0,0,0,0,0,0,0,0,"https://fbref.com/en/players/3bb7b8b4/Ederson"
2022,"Manchester City","Premier League","CJ Egan-Riley","ENG","DF","18",2003,1,0,4,0,0,0,0,0,0,0,0,0,0,0,0,0,0,0,0,0,0,0,0,0,0,0,0,0,0,"https://fbref.com/en/players/d313e8ff/CJ-Egan-Riley"
2022,"Manchester City","Premier League","Fernandinho","BRA","MF,DF","36",1985,19,10,964,10.7,2,1,3,2,0,0,1,0,16,81,11,0.19,0.09,0.28,0.19,0.28,1.6,1.6,1,2.5,0.15,0.09,0.24,0.15,0.24,"https://fbref.com/en/players/101da2b5/Fernandinho"
2022,"Manchester City","Premier League","Phil Foden","ENG","FW","21",2000,28,24,2128,23.6,9,5,14,9,0,0,1,0,71,98,248,0.38,0.21,0.59,0.38,0.59,9.4,9.4,6.3,15.7,0.4,0.27,0.66,0.4,0.66,"https://fbref.com/en/players/ed1e53f3/Phil-Foden"
2022,"Manchester City","Premier League","Jack Grealish","ENG","FW","25",1995,26,22,1914,21.3,3,3,6,3,0,0,3,0,153,100,267,0.14,0.14,0.28,0.14,0.28,5.3,5.3,6,11.3,0.25,0.28,0.53,0.25,0.53,"https://fbref.com/en/players/b0b4fd3e/Jack-Grealish"
2022,"Manchester City","Premier League","İlkay Gündoğan","GER","MF","30",1990,27,20,1857,20.6,8,4,12,8,0,0,1,0,60,126,107,0.39,0.19,0.58,0.39,0.58,9,9,4.9,13.9,0.44,0.24,0.67,0.44,0.67,"https://fbref.com/en/players/819b3158/Ilkay-Gundogan"
2022,"Manchester City","Premier League","Gabriel Jesus","BRA","FW","24",1997,28,21,1877,20.9,8,8,16,7,1,1,1,0,51,55,220,0.38,0.38,0.77,0.34,0.72,9.8,9,5.7,14.7,0.47,0.28,0.74,0.43,0.71,"https://fbref.com/en/players/b66315ae/Gabriel-Jesus"
2022,"Manchester City","Premier League","Aymeric Laporte","ESP","DF","27",1994,33,33,2828,31.4,4,0,4,4,0,0,5,1,51,271,8,0.13,0,0.13,0.13,0.13,4.9,4.9,0.6,5.5,0.16,0.02,0.18,0.16,0.18,"https://fbref.com/en/players/119b9a8e/Aymeric-Laporte"
2022,"Manchester City","Premier League","Riyad Mahrez","ALG","FW","30",1991,28,15,1498,16.6,11,5,16,7,4,5,0,0,74,70,234,0.66,0.3,0.96,0.42,0.72,10.1,6.2,4.2,10.4,0.61,0.25,0.86,0.37,0.62,"https://fbref.com/en/players/892d5bb1/Riyad-Mahrez"
2022,"Manchester City","Premier League","James Mcatee","ENG","MF,FW","18",2002,2,0,20,0.2,0,0,0,0,0,0,0,0,2,1,3,0,0,0,0,0,0.1,0.1,0,0.1,0.37,0,0.37,0.37,0.37,"https://fbref.com/en/players/96593e89/James-Mcatee"
2022,"Manchester City","Premier League","Benjamin Mendy","FRA","DF","27",1994,1,1,78,0.9,0,0,0,0,0,0,0,0,4,9,4,0,0,0,0,0,0,0,0.1,0.1,0,0.16,0.16,0,0.16,"https://fbref.com/en/players/5271c8f1/Benjamin-Mendy"
2022,"Manchester City","Premier League","Cole Palmer","ENG","FW,MF","19",2002,4,1,123,1.4,0,0,0,0,0,0,0,0,3,3,15,0,0,0,0,0,0.4,0.4,0.2,0.6,0.31,0.16,0.47,0.31,0.47,"https://fbref.com/en/players/dc7f8a28/Cole-Palmer"
2022,"Manchester City","Premier League","Rodri","ESP","MF","25",1996,33,33,2884,32,7,2,9,7,0,0,5,0,43,285,47,0.22,0.06,0.28,0.22,0.28,2.3,2.3,1.4,3.7,0.07,0.04,0.11,0.07,0.11,"https://fbref.com/en/players/6434f10d/Rodri"
2022,"Manchester City","Premier League","Bernardo Silva","POR","MF,FW","26",1994,35,33,2857,31.7,8,4,12,8,0,0,6,0,146,170,277,0.25,0.13,0.38,0.25,0.38,6.7,6.7,6.5,13.2,0.21,0.21,0.42,0.21,0.42,"https://fbref.com/en/players/3eb22ec9/Bernardo-Silva"
2022,"Manchester City","Premier League","Zack Steffen","USA","GK","26",1995,1,1,90,1,0,0,0,0,0,0,0,0,0,0,0,0,0,0,0,0,0,0,0,0,0,0,0,0,0,"https://fbref.com/en/players/42130443/Zack-Steffen"
2022,"Manchester City","Premier League","Raheem Sterling","ENG","FW","26",1994,30,23,2128,23.6,13,5,18,11,2,3,1,0,108,65,317,0.55,0.21,0.76,0.47,0.68,14,11.5,5.5,17,0.59,0.23,0.82,0.49,0.72,"https://fbref.com/en/players/b400bde0/Raheem-Sterling"
2022,"Manchester City","Premier League","John Stones","ENG","DF","27",1994,14,12,1119,12.4,1,0,1,1,0,0,0,0,28,63,7,0.08,0,0.08,0.08,0.08,0.9,0.9,0.2,1.1,0.07,0.01,0.09,0.07,0.09,"https://fbref.com/en/players/5eecec3d/John-Stones"
2022,"Manchester City","Premier League","Ferrán Torres","ESP","FW","21",2000,4,4,303,3.4,2,1,3,2,0,0,0,0,5,4,26,0.59,0.3,0.89,0.59,0.89,2.8,2.8,0,2.8,0.83,0.01,0.84,0.83,0.84,"https://fbref.com/en/players/9e1035f8/Ferran-Torres"
2022,"Manchester City","Premier League","Kyle Walker","ENG","DF","31",1990,20,20,1755,19.5,0,2,2,0,0,0,1,0,43,146,65,0,0.1,0.1,0,0.1,0.3,0.3,1.3,1.5,0.01,0.06,0.08,0.01,0.08,"https://fbref.com/en/players/86dd77d1/Kyle-Walker"
2022,"Manchester City","Premier League","Oleksandr Zinchenko","UKR","DF","24",1996,15,10,1047,11.6,0,4,4,0,0,0,0,0,32,113,88,0,0.34,0.34,0,0.34,0.5,0.5,2.7,3.2,0.04,0.23,0.27,0.04,0.27,"https://fbref.com/en/players/51cf8561/Oleksandr-Zinchenko"
2022,"Manchester Utd","Premier League","Eric Bailly","CIV","DF","27",1994,4,3,217,2.4,0,0,0,0,0,0,1,0,1,5,0,0,0,0,0,0,0,0,0,0,0,0,0,0,0,"https://fbref.com/en/players/a1232f4e/Eric-Bailly"
2022,"Manchester Utd","Premier League","Donny van de Beek","NED","MF","24",1997,8,0,75,0.8,1,0,1,1,0,0,0,0,0,4,4,1.2,0,1.2,1.2,1.2,0.5,0.5,0.4,0.9,0.57,0.47,1.04,0.57,1.04,"https://fbref.com/en/players/50dc94ce/Donny-van-de-Beek"
2022,"Manchester Utd","Premier League","Edinson Cavani","URU","FW","34",1987,15,7,766,8.5,2,1,3,2,0,0,0,0,2,9,32,0.23,0.12,0.35,0.23,0.35,3.4,3.4,1.2,4.7,0.4,0.14,0.55,0.4,0.55,"https://fbref.com/en/players/527f063d/Edinson-Cavani"
2022,"Manchester Utd","Premier League","Diogo Dalot","POR","DF","22",1999,24,19,1801,20,0,0,0,0,0,0,4,0,53,105,75,0,0,0,0,0,0.6,0.6,1.2,1.7,0.03,0.06,0.09,0.03,0.09,"https://fbref.com/en/players/d9565625/Diogo-Dalot"
2022,"Manchester Utd","Premier League","Anthony Elanga","SWE","FW","19",2002,21,14,1214,13.5,2,2,4,2,0,0,0,0,32,18,114,0.15,0.15,0.3,0.15,0.3,2.6,2.6,2.4,5.1,0.19,0.18,0.37,0.19,0.37,"https://fbref.com/en/players/2fba6108/Anthony-Elanga"
2022,"Manchester Utd","Premier League","Bruno Fernandes","POR","MF","26",1994,36,35,3111,34.6,10,6,16,10,0,2,10,0,78,237,190,0.29,0.17,0.46,0.29,0.46,9.7,8.1,9,17.1,0.28,0.26,0.54,0.23,0.5,"https://fbref.com/en/players/507c7bdf/Bruno-Fernandes"
2022,"Manchester Utd","Premier League","Fred","BRA","MF","28",1993,28,24,2028,22.5,4,4,8,4,0,0,5,0,17,138,41,0.18,0.18,0.36,0.18,0.36,1.3,1.3,2.2,3.5,0.06,0.1,0.16,0.06,0.16,"https://fbref.com/en/players/b853e0ad/Fred"
2022,"Manchester Utd","Premier League","Alejandro Garnacho","ESP","FW,MF","17",2004,2,0,13,0.1,0,0,0,0,0,0,0,0,0,0,0,0,0,0,0,0,0,0,0,0,0,0,0,0,0,"https://fbref.com/en/players/7aa8adfe/Alejandro-Garnacho"
2022,"Manchester Utd","Premier League","David de Gea","ESP","GK","30",1990,38,38,3420,38,0,0,0,0,0,0,0,0,0,0,0,0,0,0,0,0,0,0,0,0,0,0,0,0,0,"https://fbref.com/en/players/7ba6d84e/David-de-Gea"
2022,"Manchester Utd","Premier League","Mason Greenwood","ENG","FW,MF","19",2001,18,16,1271,14.1,5,1,6,5,0,0,1,0,48,39,109,0.35,0.07,0.42,0.35,0.42,4.3,4.3,1.8,6.1,0.3,0.13,0.43,0.3,0.43,"https://fbref.com/en/players/58eee997/Mason-Greenwood"
2022,"Manchester Utd","Premier League","Daniel James","WAL","FW","23",1997,2,2,126,1.4,0,0,0,0,0,0,0,0,5,3,16,0,0,0,0,0,0.2,0.2,0.3,0.6,0.18,0.24,0.42,0.18,0.42,"https://fbref.com/en/players/c931d9f9/Daniel-James"
2022,"Manchester Utd","Premier League","Phil Jones","ENG","DF","29",1992,4,2,163,1.8,0,0,0,0,0,0,0,0,1,2,0,0,0,0,0,0,0,0,0,0,0,0,0,0,0,"https://fbref.com/en/players/def899bd/Phil-Jones"
2022,"Manchester Utd","Premier League","Victor Lindelöf","SWE","DF","27",1994,28,26,2355,26.2,0,2,2,0,0,0,4,0,14,72,3,0,0.08,0.08,0,0.08,0.2,0.2,0.6,0.8,0.01,0.02,0.03,0.01,0.03,"https://fbref.com/en/players/f5deef4c/Victor-Lindelof"
2022,"Manchester Utd","Premier League","Jesse Lingard","ENG","FW,MF","28",1992,16,2,367,4.1,2,0,2,2,0,0,1,0,9,13,22,0.49,0,0.49,0.49,0.49,0.6,0.6,0.3,1,0.16,0.08,0.24,0.16,0.24,"https://fbref.com/en/players/810e3c74/Jesse-Lingard"
2022,"Manchester Utd","Premier League","Harry Maguire","ENG","DF","28",1993,30,28,2515,27.9,1,0,1,1,0,0,9,1,22,115,5,0.04,0,0.04,0.04,0.04,1.9,1.9,0.1,2.1,0.07,0,0.07,0.07,0.07,"https://fbref.com/en/players/d8931174/Harry-Maguire"
2022,"Manchester Utd","Premier League","Anthony Martial","FRA","FW","25",1995,8,2,212,2.4,1,0,1,1,0,0,0,0,10,14,32,0.42,0,0.42,0.42,0.42,0.7,0.7,0,0.7,0.28,0,0.28,0.28,0.28,"https://fbref.com/en/players/8b788c01/Anthony-Martial"
2022,"Manchester Utd","Premier League","Juan Mata","ESP","MF","33",1988,7,2,235,2.6,0,0,0,0,0,0,0,0,8,16,13,0,0,0,0,0,0.3,0.3,0.2,0.6,0.12,0.09,0.22,0.12,0.22,"https://fbref.com/en/players/29733c72/Juan-Mata"
2022,"Manchester Utd","Premier League","Nemanja Matić","SRB","MF","32",1988,23,16,1382,15.4,0,4,4,0,0,0,3,0,32,98,7,0,0.26,0.26,0,0.26,0.2,0.2,2,2.2,0.01,0.13,0.14,0.01,0.14,"https://fbref.com/en/players/eb7822d7/Nemanja-Matic"
2022,"Manchester Utd","Premier League","Scott McTominay","SCO","MF","24",1996,30,28,2387,26.5,1,1,2,1,0,0,9,0,40,125,37,0.04,0.04,0.08,0.04,0.08,1.4,1.4,1.5,2.9,0.05,0.06,0.11,0.05,0.11,"https://fbref.com/en/players/d93c2511/Scott-McTominay"
2022,"Manchester Utd","Premier League","Hannibal Mejbri","TUN","FW","18",2003,2,1,68,0.8,0,0,0,0,0,0,2,0,0,0,4,0,0,0,0,0,0.1,0.1,0,0.1,0.09,0,0.09,0.09,0.09,"https://fbref.com/en/players/ca22ccb0/Hannibal-Mejbri"
2022,"Manchester Utd","Premier League","Paul Pogba","FRA","MF,FW","28",1993,20,16,1349,15,1,9,10,1,0,0,7,1,34,117,62,0.07,0.6,0.67,0.07,0.67,2.6,2.6,3.5,6.1,0.18,0.23,0.41,0.18,0.41,"https://fbref.com/en/players/867239d3/Paul-Pogba"
2022,"Manchester Utd","Premier League","Marcus Rashford","ENG","FW,MF","23",1997,25,13,1235,13.7,4,2,6,4,0,0,2,0,50,28,118,0.29,0.15,0.44,0.29,0.44,2.9,2.9,2.1,5,0.21,0.15,0.36,0.21,0.36,"https://fbref.com/en/players/a1d5bd30/Marcus-Rashford"
2022,"Manchester Utd","Premier League","Cristiano Ronaldo","POR","FW","36",1985,30,27,2456,27.3,18,3,21,15,3,3,8,0,67,64,192,0.66,0.11,0.77,0.55,0.66,17.7,15.4,2.9,18.2,0.65,0.11,0.75,0.56,0.67,"https://fbref.com/en/players/dea698d9/Cristiano-Ronaldo"
2022,"Manchester Utd","Premier League","Jadon Sancho","ENG","FW,MF","21",2000,29,20,1900,21.1,3,3,6,3,0,0,0,0,111,88,222,0.14,0.14,0.28,0.14,0.28,3.6,3.6,4.1,7.7,0.17,0.19,0.37,0.17,0.37,"https://fbref.com/en/players/dbf053da/Jadon-Sancho"
2022,"Manchester Utd","Premier League","Luke Shaw","ENG","DF","26",1995,20,19,1601,17.8,0,3,3,0,0,0,8,0,48,82,69,0,0.17,0.17,0,0.17,0.1,0.1,3.6,3.7,0.01,0.2,0.21,0.01,0.21,"https://fbref.com/en/players/9c94165b/Luke-Shaw"
2022,"Manchester Utd","Premier League","Shola Shoretire","ENG","MF","17",2004,1,0,16,0.2,0,0,0,0,0,0,0,0,0,0,1,0,0,0,0,0,0,0,0,0,0,0,0,0,0,"https://fbref.com/en/players/00f0482f/Shola-Shoretire"
2022,"Manchester Utd","Premier League","Alex Telles","BRA","DF","28",1992,21,18,1660,18.4,0,4,4,0,0,0,1,0,36,66,102,0,0.22,0.22,0,0.22,0.4,0.4,1.9,2.3,0.02,0.1,0.12,0.02,0.12,"https://fbref.com/en/players/e73c9bb2/Alex-Telles"
2022,"Manchester Utd","Premier League","Raphaël Varane","FRA","DF","28",1993,22,20,1831,20.3,1,1,2,1,0,0,0,0,11,49,2,0.05,0.05,0.1,0.05,0.1,0.7,0.7,0.2,0.9,0.03,0.01,0.05,0.03,0.05,"https://fbref.com/en/players/9f8e9423/Raphael-Varane"
2022,"Manchester Utd","Premier League","Aaron Wan-Bissaka","ENG","DF","23",1997,20,20,1793,19.9,0,0,0,0,0,0,2,0,55,61,90,0,0,0,0,0,0.3,0.3,0.9,1.2,0.02,0.04,0.06,0.02,0.06,"https://fbref.com/en/players/9e525177/Aaron-Wan-Bissaka"
2022,"Newcastle Utd","Premier League","Miguel Almirón","PAR","MF,FW","27",1994,30,19,1716,19.1,1,0,1,1,0,0,2,0,44,46,85,0.05,0,0.05,0.05,0.05,1.7,1.7,0.9,2.6,0.09,0.05,0.14,0.09,0.14,"https://fbref.com/en/players/862a1c15/Miguel-Almiron"
2022,"Newcastle Utd","Premier League","Dan Burn","ENG","DF","29",1992,16,16,1440,16,0,1,1,0,0,0,4,0,6,31,2,0,0.06,0.06,0,0.06,0.7,0.7,0.4,1.1,0.04,0.03,0.07,0.04,0.07,"https://fbref.com/en/players/b2d31e83/Dan-Burn"
2022,"Newcastle Utd","Premier League","Ciaran Clark","IRL","DF","31",1989,13,12,1014,11.3,0,1,1,0,0,0,2,1,2,17,6,0,0.09,0.09,0,0.09,1.1,1.1,0.3,1.4,0.1,0.03,0.12,0.1,0.12,"https://fbref.com/en/players/2b91cf8e/Ciaran-Clark"
2022,"Newcastle Utd","Premier League","Karl Darlow","ENG","GK","30",1990,8,8,720,8,0,0,0,0,0,0,1,0,0,0,0,0,0,0,0,0,0,0,0,0,0,0,0,0,0,"https://fbref.com/en/players/cde3309f/Karl-Darlow"
2022,"Newcastle Utd","Premier League","Martin Dúbravka","SVK","GK","32",1989,26,26,2340,26,0,0,0,0,0,0,1,0,0,0,0,0,0,0,0,0,0,0,0,0,0,0,0,0,0,"https://fbref.com/en/players/3a949a25/Martin-Dubravka"
2022,"Newcastle Utd","Premier League","Paul Dummett","WAL","DF","29",1991,3,2,198,2.2,0,0,0,0,0,0,2,0,0,5,2,0,0,0,0,0,0,0,0,0,0,0,0,0,0,"https://fbref.com/en/players/3fe6bd8c/Paul-Dummett"
2022,"Newcastle Utd","Premier League","Federico Fernández","ARG","DF","32",1989,7,5,523,5.8,0,0,0,0,0,0,0,0,0,12,1,0,0,0,0,0,0.4,0.4,0.3,0.7,0.07,0.06,0.13,0.07,0.13,"https://fbref.com/en/players/f25b010f/Federico-Fernandez"
2022,"Newcastle Utd","Premier League","Ryan Fraser","SCO","FW,MF","27",1994,27,18,1465,16.3,2,3,5,2,0,0,3,0,35,34,86,0.12,0.18,0.31,0.12,0.31,2.7,2.7,2.1,4.7,0.16,0.13,0.29,0.16,0.29,"https://fbref.com/en/players/d56543a0/Ryan-Fraser"
2022,"Newcastle Utd","Premier League","Dwight Gayle","ENG","FW,DF","30",1990,8,0,38,0.4,0,0,0,0,0,0,1,0,0,0,4,0,0,0,0,0,0.6,0.6,0.3,0.9,1.31,0.71,2.02,1.31,2.02,"https://fbref.com/en/players/e58a03c6/Dwight-Gayle"
2022,"Newcastle Utd","Premier League","Bruno Guimarães","BRA","MF","23",1997,17,11,1034,11.5,5,1,6,5,0,0,4,0,18,54,15,0.44,0.09,0.52,0.44,0.52,3.1,3.1,1.1,4.2,0.27,0.1,0.37,0.27,0.37,"https://fbref.com/en/players/82518f62/Bruno-Guimaraes"
2022,"Newcastle Utd","Premier League","Isaac Hayden","ENG","MF,DF","26",1995,14,12,1002,11.1,1,0,1,1,0,0,5,0,3,15,10,0.09,0,0.09,0.09,0.09,0.4,0.4,0,0.5,0.04,0,0.04,0.04,0.04,"https://fbref.com/en/players/c951a6df/Isaac-Hayden"
2022,"Newcastle Utd","Premier League","Jeff Hendrick","IRL","MF","29",1992,3,0,72,0.8,1,0,1,1,0,0,0,0,1,0,1,1.25,0,1.25,1.25,1.25,0.1,0.1,0,0.1,0.11,0.03,0.14,0.11,0.14,"https://fbref.com/en/players/989d5705/Jeff-Hendrick"
2022,"Newcastle Utd","Premier League","Joelinton","BRA","MF,FW","24",1996,35,30,2558,28.4,4,1,5,4,0,0,8,0,45,92,90,0.14,0.04,0.18,0.14,0.18,3.3,3.3,1.9,5.2,0.12,0.07,0.18,0.12,0.18,"https://fbref.com/en/players/c17bfb65/Joelinton"
2022,"Newcastle Utd","Premier League","Emil Krafth","SWE","DF","26",1994,20,18,1634,18.2,0,1,1,0,0,0,5,0,29,50,24,0,0.06,0.06,0,0.06,0.3,0.3,1,1.3,0.02,0.06,0.07,0.02,0.07,"https://fbref.com/en/players/77cf6852/Emil-Krafth"
2022,"Newcastle Utd","Premier League","Jamaal Lascelles","ENG","DF","27",1993,26,22,2058,22.9,1,0,1,1,0,0,5,0,0,18,5,0.04,0,0.04,0.04,0.04,0.9,0.9,0.4,1.3,0.04,0.02,0.06,0.04,0.06,"https://fbref.com/en/players/450ab6fc/Jamaal-Lascelles"
2022,"Newcastle Utd","Premier League","Jamal Lewis","NIR","DF","23",1998,5,4,262,2.9,0,0,0,0,0,0,1,0,3,7,7,0,0,0,0,0,0,0,0,0,0,0.01,0.01,0,0.01,"https://fbref.com/en/players/efb9215a/Jamal-Lewis"
2022,"Newcastle Utd","Premier League","Sean Longstaff","ENG","MF","23",1997,24,15,1464,16.3,1,1,2,1,0,0,1,0,2,43,15,0.06,0.06,0.12,0.06,0.12,0.7,0.7,0.8,1.6,0.05,0.05,0.1,0.05,0.1,"https://fbref.com/en/players/a2b105e0/Sean-Longstaff"
2022,"Newcastle Utd","Premier League","Javier Manquillo","ESP","DF","27",1994,19,15,1257,14,1,2,3,1,0,0,5,0,6,22,25,0.07,0.14,0.21,0.07,0.21,0.3,0.3,0.3,0.6,0.02,0.02,0.04,0.02,0.04,"https://fbref.com/en/players/758dd7f0/Javier-Manquillo"
2022,"Newcastle Utd","Premier League","Jacob Murphy","ENG","FW,DF","26",1995,33,13,1473,16.4,1,2,3,1,0,0,4,0,51,44,80,0.06,0.12,0.18,0.06,0.18,2.2,2.2,2.6,4.8,0.13,0.16,0.29,0.13,0.29,"https://fbref.com/en/players/de112b84/Jacob-Murphy"
2022,"Newcastle Utd","Premier League","Matt Ritchie","SCO","DF","31",1989,18,14,1337,14.9,0,2,2,0,0,0,5,0,8,48,40,0,0.13,0.13,0,0.13,0.7,0.7,2,2.7,0.05,0.13,0.18,0.05,0.18,"https://fbref.com/en/players/71ef519e/Matt-Ritchie"
2022,"Newcastle Utd","Premier League","Allan Saint-Maximin","FRA","FW,MF","24",1997,35,31,2804,31.2,5,5,10,5,0,0,6,0,180,87,167,0.16,0.16,0.32,0.16,0.32,5.2,5.2,4.3,9.5,0.17,0.14,0.3,0.17,0.3,"https://fbref.com/en/players/2b16cb1a/Allan-Saint-Maximin"
2022,"Newcastle Utd","Premier League","Fabian Schär","SUI","DF","29",1991,25,25,2158,24,2,2,4,2,0,0,4,0,20,59,2,0.08,0.08,0.17,0.08,0.17,1.2,1.2,1.1,2.3,0.05,0.05,0.1,0.05,0.1,"https://fbref.com/en/players/c8aa95da/Fabian-Schar"
2022,"Newcastle Utd","Premier League","Jonjo Shelvey","ENG","MF","29",1992,24,22,1983,22,2,1,3,2,0,0,7,1,11,84,7,0.09,0.05,0.14,0.09,0.14,0.9,0.9,1,1.9,0.04,0.05,0.09,0.04,0.09,"https://fbref.com/en/players/3727dd3c/Jonjo-Shelvey"
2022,"Newcastle Utd","Premier League","Matt Targett","ENG","DF","25",1995,16,16,1440,16,0,0,0,0,0,0,1,0,11,53,40,0,0,0,0,0,0.3,0.3,1.9,2.2,0.02,0.12,0.14,0.02,0.14,"https://fbref.com/en/players/e514ab62/Matt-Targett"
2022,"Newcastle Utd","Premier League","Kieran Trippier","ENG","DF","30",1990,6,5,429,4.8,2,0,2,2,0,0,0,0,2,17,8,0.42,0,0.42,0.42,0.42,0.2,0.2,0.3,0.5,0.05,0.06,0.1,0.05,0.1,"https://fbref.com/en/players/21512407/Kieran-Trippier"
2022,"Newcastle Utd","Premier League","Joe Willock","ENG","MF","21",1999,29,24,2038,22.6,2,0,2,2,0,0,0,0,48,58,77,0.09,0,0.09,0.09,0.09,3.2,3.2,1.2,4.4,0.14,0.05,0.2,0.14,0.2,"https://fbref.com/en/players/a3b03921/Joe-Willock"
2022,"Newcastle Utd","Premier League","Callum Wilson","ENG","FW","29",1992,18,16,1386,15.4,8,0,8,6,2,2,4,0,14,9,52,0.52,0,0.52,0.39,0.39,6.2,4.6,0.5,5.1,0.4,0.03,0.43,0.3,0.33,"https://fbref.com/en/players/c596fcb0/Callum-Wilson"
2022,"Newcastle Utd","Premier League","Chris Wood","NZL","FW","29",1991,17,15,1327,14.7,2,0,2,1,1,1,0,0,5,18,60,0.14,0,0.14,0.07,0.07,3.1,2.3,1.1,3.4,0.21,0.07,0.28,0.16,0.23,"https://fbref.com/en/players/4e9a0555/Chris-Wood"
2022,"Newcastle Utd","Premier League","Freddie Woodman","ENG","GK","24",1997,4,4,360,4,0,0,0,0,0,0,0,0,0,0,0,0,0,0,0,0,0,0,0,0,0,0,0,0,0,"https://fbref.com/en/players/19e50035/Freddie-Woodman"
2022,"Norwich City","Premier League","Max Aarons","ENG","DF","21",2000,34,32,2881,32,0,2,2,0,0,0,8,0,78,117,85,0,0.06,0.06,0,0.06,0.8,0.8,1.7,2.5,0.03,0.05,0.08,0.03,0.08,"https://fbref.com/en/players/774cf58b/Max-Aarons"
2022,"Norwich City","Premier League","Sam Byram","ENG","DF","27",1993,15,11,1027,11.4,0,0,0,0,0,0,3,0,11,23,16,0,0,0,0,0,0.6,0.6,0.2,0.9,0.06,0.02,0.08,0.06,0.08,"https://fbref.com/en/players/1bf811d4/Sam-Byram"
2022,"Norwich City","Premier League","Todd Cantwell","ENG","FW,MF","23",1998,8,5,441,4.9,0,0,0,0,0,0,2,0,2,10,17,0,0,0,0,0,0.1,0.1,0.1,0.3,0.03,0.03,0.06,0.03,0.06,"https://fbref.com/en/players/f63d8a4b/Todd-Cantwell"
2022,"Norwich City","Premier League","Kieran Dowell","ENG","FW,MF","23",1997,19,11,912,10.1,1,1,2,1,0,0,0,0,14,31,49,0.1,0.1,0.2,0.1,0.2,1.1,1.1,1.5,2.6,0.1,0.15,0.26,0.1,0.26,"https://fbref.com/en/players/2f6ec02a/Kieran-Dowell"
2022,"Norwich City","Premier League","Dimitris Giannoulis","GRE","DF","25",1995,18,14,1169,13,0,1,1,0,0,0,2,0,33,40,58,0,0.08,0.08,0,0.08,0.1,0.1,0.6,0.7,0.01,0.05,0.06,0.01,0.06,"https://fbref.com/en/players/112c495e/Dimitris-Giannoulis"
2022,"Norwich City","Premier League","Ben Gibson","ENG","DF","28",1993,28,28,2494,27.7,0,0,0,0,0,0,5,1,11,68,0,0,0,0,0,0,1.4,1.4,0.2,1.5,0.05,0.01,0.05,0.05,0.05,"https://fbref.com/en/players/bcfb0142/Ben-Gibson"
2022,"Norwich City","Premier League","Billy Gilmour","SCO","MF","20",2001,24,21,1855,20.6,0,1,1,0,0,0,2,0,30,112,17,0,0.05,0.05,0,0.05,0.9,0.9,1.4,2.3,0.04,0.07,0.11,0.04,0.11,"https://fbref.com/en/players/df10e27c/Billy-Gilmour"
2022,"Norwich City","Premier League","Angus Gunn","ENG","GK","25",1996,9,9,810,9,0,0,0,0,0,0,0,0,0,0,0,0,0,0,0,0,0,0,0,0,0,0,0,0,0,"https://fbref.com/en/players/e082af5b/Angus-Gunn"
2022,"Norwich City","Premier League","Grant Hanley","SCO","DF","29",1991,33,33,2897,32.2,1,0,1,1,0,0,2,0,2,27,3,0.03,0,0.03,0.03,0.03,2.1,2.1,0.9,3,0.07,0.03,0.09,0.07,0.09,"https://fbref.com/en/players/e9254eec/Grant-Hanley"
2022,"Norwich City","Premier League","Adam Idah","IRL","FW,MF","20",2001,17,6,625,6.9,1,1,2,1,0,0,0,0,11,10,48,0.14,0.14,0.29,0.14,0.29,2.3,2.3,0.6,2.9,0.33,0.09,0.42,0.33,0.42,"https://fbref.com/en/players/291e3ec3/Adam-Idah"
2022,"Norwich City","Premier League","Ozan Kabak","TUR","DF","21",2000,11,11,922,10.2,0,0,0,0,0,0,2,0,9,20,0,0,0,0,0,0,0.3,0.3,0,0.3,0.03,0,0.03,0.03,0.03,"https://fbref.com/en/players/2d61d13a/Ozan-Kabak"
2022,"Norwich City","Premier League","Tim Krul","NED","GK","33",1988,29,29,2610,29,0,0,0,0,0,0,1,0,0,1,0,0,0,0,0,0,0,0,0.6,0.6,0,0.02,0.02,0,0.02,"https://fbref.com/en/players/f23f9d20/Tim-Krul"
2022,"Norwich City","Premier League","Pierre Lees-Melou","FRA","MF","28",1993,33,27,2265,25.2,1,0,1,1,0,0,5,0,33,114,60,0.04,0,0.04,0.04,0.04,1.6,1.6,1.9,3.6,0.06,0.08,0.14,0.06,0.14,"https://fbref.com/en/players/f5044e54/Pierre-Lees-Melou"
2022,"Norwich City","Premier League","Kenny McLean","SCO","MF","29",1992,31,29,2706,30.1,1,0,1,1,0,0,3,0,32,99,61,0.03,0,0.03,0.03,0.03,1.8,1.8,0.8,2.6,0.06,0.03,0.09,0.06,0.09,"https://fbref.com/en/players/471f16b3/Kenny-McLean"
2022,"Norwich City","Premier League","Bali Mumba","ENG","DF","19",2001,1,0,45,0.5,0,0,0,0,0,0,0,0,1,1,0,0,0,0,0,0,0,0,0,0,0,0,0,0,0,"https://fbref.com/en/players/2d760d7b/Bali-Mumba"
2022,"Norwich City","Premier League","Mathias Normann","NOR","MF","25",1996,23,20,1645,18.3,1,2,3,1,0,0,6,0,16,75,8,0.05,0.11,0.16,0.05,0.16,0.9,0.9,1.8,2.7,0.05,0.1,0.15,0.05,0.15,"https://fbref.com/en/players/8996350d/Mathias-Normann"
2022,"Norwich City","Premier League","Andrew Omobamidele","IRL","DF","19",2002,5,4,382,4.2,1,0,1,1,0,0,1,0,6,14,1,0.24,0,0.24,0.24,0.24,0.2,0.2,0,0.2,0.06,0,0.06,0.06,0.06,"https://fbref.com/en/players/c393a6c4/Andrew-Omobamidele"
2022,"Norwich City","Premier League","Teemu Pukki","FIN","FW","31",1990,37,37,3253,36.1,11,3,14,8,3,3,4,0,62,34,186,0.3,0.08,0.39,0.22,0.3,11.4,9.1,3.8,12.9,0.32,0.11,0.42,0.25,0.36,"https://fbref.com/en/players/0745b37d/Teemu-Pukki"
2022,"Norwich City","Premier League","Przemysław Płacheta","POL","FW,MF","23",1998,12,6,504,5.6,0,0,0,0,0,0,1,0,19,10,35,0,0,0,0,0,0.4,0.4,0.8,1.1,0.07,0.14,0.2,0.07,0.2,"https://fbref.com/en/players/3c33f9d9/Przemyslaw-Placheta"
2022,"Norwich City","Premier League","Milot Rashica","KVX","FW,MF","25",1996,31,25,2229,24.8,1,2,3,1,0,0,0,0,76,46,138,0.04,0.08,0.12,0.04,0.12,2.6,2.6,2.1,4.7,0.11,0.08,0.19,0.11,0.19,"https://fbref.com/en/players/6c6a3300/Milot-Rashica"
2022,"Norwich City","Premier League","Jon Rowe","ENG","FW,MF","18",2003,13,0,223,2.5,0,1,1,0,0,0,0,0,4,3,21,0,0.4,0.4,0,0.4,0.3,0.3,0.5,0.8,0.1,0.21,0.31,0.1,0.31,"https://fbref.com/en/players/8c12f884/Jon-Rowe"
2022,"Norwich City","Premier League","Lukas Rupp","GER","MF","30",1991,19,7,769,8.5,0,0,0,0,0,0,0,0,17,35,23,0,0,0,0,0,0.7,0.7,1.4,2,0.08,0.16,0.24,0.08,0.24,"https://fbref.com/en/players/3faa1780/Lukas-Rupp"
2022,"Norwich City","Premier League","Josh Sargent","USA","FW,MF","21",2000,26,18,1572,17.5,2,1,3,2,0,0,1,0,21,12,88,0.11,0.06,0.17,0.11,0.17,2.5,2.5,0.9,3.4,0.14,0.05,0.19,0.14,0.19,"https://fbref.com/en/players/a8d4428b/Josh-Sargent"
2022,"Norwich City","Premier League","Tony Springett","ENG","MF,FW","18",2002,3,1,141,1.6,0,0,0,0,0,0,1,0,8,2,11,0,0,0,0,0,0.2,0.2,0.5,0.7,0.11,0.34,0.45,0.11,0.45,"https://fbref.com/en/players/35be8087/Tony-Springett"
2022,"Norwich City","Premier League","Jakob Sørensen","DEN","MF,DF","23",1998,10,6,604,6.7,0,0,0,0,0,0,0,0,4,20,4,0,0,0,0,0,0.5,0.5,0,0.5,0.07,0,0.07,0.07,0.07,"https://fbref.com/en/players/953c30b0/Jakob-Sorensen"
2022,"Norwich City","Premier League","Christos Tzolis","GRE","FW,MF","19",2002,14,3,336,3.7,0,0,0,0,0,0,0,0,8,13,31,0,0,0,0,0,0.4,0.4,0.7,1.1,0.12,0.18,0.3,0.12,0.3,"https://fbref.com/en/players/9f333379/Christos-Tzolis"
2022,"Norwich City","Premier League","Brandon Williams","ENG","DF","20",2000,26,23,2120,23.6,0,1,1,0,0,0,8,0,57,90,58,0,0.04,0.04,0,0.04,0.2,0.2,1.9,2.2,0.01,0.08,0.09,0.01,0.09,"https://fbref.com/en/players/5e74d6c8/Brandon-Williams"
2022,"Norwich City","Premier League","Christoph Zimmermann","GER","DF","28",1993,3,2,157,1.7,0,0,0,0,0,0,0,0,1,4,0,0,0,0,0,0,0,0,0,0,0.03,0,0.03,0.03,0.03,"https://fbref.com/en/players/2d5f03bf/Christoph-Zimmermann"
2022,"Southampton","Premier League","Che Adams","SCO","FW","25",1996,30,23,2039,22.7,7,3,10,7,0,0,0,0,19,33,153,0.31,0.13,0.44,0.31,0.44,7.1,7.1,3,10.1,0.31,0.13,0.45,0.31,0.45,"https://fbref.com/en/players/f2bf1b0f/Che-Adams"
2022,"Southampton","Premier League","Adam Armstrong","ENG","FW","24",1997,23,17,1413,15.7,2,2,4,2,0,0,1,0,39,30,105,0.13,0.13,0.25,0.13,0.25,4.5,4.5,1.6,6.2,0.29,0.1,0.39,0.29,0.39,"https://fbref.com/en/players/68c720b5/Adam-Armstrong"
2022,"Southampton","Premier League","Stuart Armstrong","SCO","MF","29",1992,25,15,1473,16.4,2,0,2,2,0,0,1,0,63,83,78,0.12,0,0.12,0.12,0.12,2.5,2.5,1.5,4,0.15,0.09,0.24,0.15,0.24,"https://fbref.com/en/players/97333cf5/Stuart-Armstrong"
2022,"Southampton","Premier League","Jan Bednarek","POL","DF","25",1996,31,30,2629,29.2,4,0,4,4,0,0,10,0,0,61,5,0.14,0,0.14,0.14,0.14,2.2,2.2,0.4,2.6,0.08,0.01,0.09,0.08,0.09,"https://fbref.com/en/players/4115ce4e/Jan-Bednarek"
2022,"Southampton","Premier League","Armando Broja","ALB","FW","19",2001,32,21,1975,21.9,6,0,6,6,0,0,2,0,56,29,114,0.27,0,0.27,0.27,0.27,5.9,5.9,1,6.9,0.27,0.05,0.32,0.27,0.32,"https://fbref.com/en/players/97220da2/Armando-Broja"
2022,"Southampton","Premier League","Willy Caballero","ARG","GK","39",1981,2,2,180,2,0,0,0,0,0,0,1,0,0,0,0,0,0,0,0,0,0,0,0,0,0,0,0,0,0,"https://fbref.com/en/players/a179d516/Willy-Caballero"
2022,"Southampton","Premier League","Ibrahima Diallo","FRA","MF","22",1999,23,10,1023,11.4,0,2,2,0,0,0,1,0,17,57,20,0,0.18,0.18,0,0.18,0.4,0.4,1,1.5,0.04,0.09,0.13,0.04,0.13,"https://fbref.com/en/players/11ff3d56/Ibrahima-Diallo"
2022,"Southampton","Premier League","Moussa Djenepo","MLI","MF","23",1998,12,5,457,5.1,0,0,0,0,0,0,3,0,20,18,30,0,0,0,0,0,1.5,1.5,0.3,1.8,0.29,0.06,0.35,0.29,0.35,"https://fbref.com/en/players/254147d4/Moussa-Djenepo"
2022,"Southampton","Premier League","Mohamed Elyounoussi","NOR","MF,FW","26",1994,30,23,2042,22.7,4,2,6,4,0,0,4,0,59,81,124,0.18,0.09,0.26,0.18,0.26,5.5,5.5,2.3,7.8,0.24,0.1,0.34,0.24,0.34,"https://fbref.com/en/players/68dc0dac/Mohamed-Elyounoussi"
2022,"Southampton","Premier League","Fraser Forster","ENG","GK","33",1988,19,19,1710,19,0,0,0,0,0,0,1,0,0,0,0,0,0,0,0,0,0,0,0,0,0,0,0,0,0,"https://fbref.com/en/players/c3e39f12/Fraser-Forster"
2022,"Southampton","Premier League","Valentino Livramento","ENG","DF","18",2002,28,25,2202,24.5,1,1,2,1,0,0,2,0,79,80,118,0.04,0.04,0.08,0.04,0.08,1.4,1.4,2.7,4.1,0.06,0.11,0.17,0.06,0.17,"https://fbref.com/en/players/afed6722/Valentino-Livramento"
2022,"Southampton","Premier League","Shane Long","IRL","FW","34",1987,13,3,308,3.4,1,0,1,1,0,0,1,0,5,3,24,0.29,0,0.29,0.29,0.29,0.9,0.9,0.1,1,0.25,0.04,0.3,0.25,0.3,"https://fbref.com/en/players/9f472354/Shane-Long"
2022,"Southampton","Premier League","Lyanco","BRA","DF","24",1997,15,9,911,10.1,0,0,0,0,0,0,2,0,3,18,1,0,0,0,0,0,0.3,0.3,0.1,0.4,0.03,0.01,0.04,0.03,0.04,"https://fbref.com/en/players/b5bf1770/Lyanco"
2022,"Southampton","Premier League","Alex McCarthy","ENG","GK","31",1989,17,17,1530,17,0,0,0,0,0,0,1,0,0,0,0,0,0,0,0,0,0,0,0,0,0,0,0,0,0,"https://fbref.com/en/players/36c2ca73/Alex-McCarthy"
2022,"Southampton","Premier League","Romain Perraud","FRA","DF","23",1997,20,18,1623,18,0,1,1,0,0,0,3,0,34,48,91,0,0.06,0.06,0,0.06,0.5,0.5,0.7,1.2,0.03,0.04,0.07,0.03,0.07,"https://fbref.com/en/players/6dfd8f05/Romain-Perraud"
2022,"Southampton","Premier League","Nathan Redmond","ENG","MF,FW","27",1994,27,20,1833,20.4,1,5,6,1,0,0,0,0,71,95,131,0.05,0.25,0.29,0.05,0.29,1.7,1.7,3.9,5.6,0.08,0.19,0.27,0.08,0.27,"https://fbref.com/en/players/ab651565/Nathan-Redmond"
2022,"Southampton","Premier League","Oriol Romeu","ESP","MF","29",1991,36,34,2889,32.1,2,2,4,2,0,0,9,0,38,156,29,0.06,0.06,0.12,0.06,0.12,1.4,1.4,2.9,4.3,0.04,0.09,0.13,0.04,0.13,"https://fbref.com/en/players/4b511457/Oriol-Romeu"
2022,"Southampton","Premier League","Mohammed Salisu","GHA","DF","22",1999,34,33,2972,33,0,0,0,0,0,0,10,1,31,136,7,0,0,0,0,0,2,2,0.8,2.7,0.06,0.02,0.08,0.06,0.08,"https://fbref.com/en/players/0b33f6ad/Mohammed-Salisu"
2022,"Southampton","Premier League","William Smallbone","IRL","MF,FW","21",2000,4,2,133,1.5,0,0,0,0,0,0,0,0,4,2,7,0,0,0,0,0,0.1,0.1,0,0.1,0.03,0.03,0.06,0.03,0.06,"https://fbref.com/en/players/5e105217/William-Smallbone"
2022,"Southampton","Premier League","Jack Stephens","ENG","DF","27",1994,11,9,811,9,0,0,0,0,0,0,3,0,7,28,3,0,0,0,0,0,0,0,0.3,0.3,0,0.04,0.04,0,0.04,"https://fbref.com/en/players/6adbc307/Jack-Stephens"
2022,"Southampton","Premier League","Nathan Tella","ENG","MF,FW","22",1999,14,10,804,8.9,0,1,1,0,0,0,2,0,22,17,44,0,0.11,0.11,0,0.11,0.6,0.6,0.6,1.2,0.07,0.07,0.13,0.07,0.13,"https://fbref.com/en/players/f1e94cd6/Nathan-Tella"
2022,"Southampton","Premier League","Yan Valery","TUN","DF","22",1999,5,3,370,4.1,0,0,0,0,0,0,0,0,3,10,4,0,0,0,0,0,0,0,0.1,0.2,0.01,0.03,0.04,0.01,0.04,"https://fbref.com/en/players/531a4aa8/Yan-Valery"
2022,"Southampton","Premier League","Theo Walcott","ENG","MF,FW","32",1989,9,5,379,4.2,0,0,0,0,0,0,0,0,3,5,19,0,0,0,0,0,0.6,0.6,0,0.7,0.15,0.01,0.16,0.15,0.16,"https://fbref.com/en/players/1ecb65be/Theo-Walcott"
2022,"Southampton","Premier League","Kyle Walker-Peters","ENG","DF","24",1997,32,29,2633,29.3,1,2,3,1,0,0,5,0,134,147,165,0.03,0.07,0.1,0.03,0.1,1.1,1.1,2.7,3.8,0.04,0.09,0.13,0.04,0.13,"https://fbref.com/en/players/984a5a64/Kyle-Walker-Peters"
2022,"Southampton","Premier League","James Ward-Prowse","ENG","MF","26",1994,36,36,3215,35.7,10,5,15,6,4,4,3,1,21,189,42,0.28,0.14,0.42,0.17,0.31,5.4,2.2,6.5,8.7,0.15,0.18,0.33,0.06,0.24,"https://fbref.com/en/players/3515d404/James-Ward-Prowse"
2022,"Tottenham","Premier League","Dele Alli","ENG","MF","25",1996,10,8,657,7.3,1,0,1,0,1,1,1,0,8,18,22,0.14,0,0.14,0,0,1.6,0.8,0.3,1.1,0.22,0.04,0.26,0.11,0.15,"https://fbref.com/en/players/cea4ee8f/Dele-Alli"
2022,"Tottenham","Premier League","Rodrigo Bentancur","URU","MF","24",1997,17,16,1361,15.1,0,4,4,0,0,0,5,0,20,76,11,0,0.26,0.26,0,0.26,0.8,0.8,2.6,3.4,0.05,0.17,0.23,0.05,0.23,"https://fbref.com/en/players/3b8674e6/Rodrigo-Bentancur"
2022,"Tottenham","Premier League","Steven Bergwijn","NED","FW,MF","23",1997,25,4,565,6.3,3,1,4,3,0,0,1,0,26,17,53,0.48,0.16,0.64,0.48,0.64,2.5,2.5,0.9,3.5,0.4,0.15,0.55,0.4,0.55,"https://fbref.com/en/players/a29b1131/Steven-Bergwijn"
2022,"Tottenham","Premier League","Bryan","ESP","FW,MF","20",2001,9,0,94,1,0,0,0,0,0,0,0,0,6,7,17,0,0,0,0,0,0.1,0.1,0.1,0.2,0.06,0.11,0.17,0.06,0.17,"https://fbref.com/en/players/7b5ab7f2/Bryan"
2022,"Tottenham","Premier League","Ben Davies","WAL","DF","28",1993,29,28,2538,28.2,1,1,2,1,0,0,6,0,62,137,60,0.04,0.04,0.07,0.04,0.07,2.3,2.3,0.5,2.9,0.08,0.02,0.1,0.08,0.1,"https://fbref.com/en/players/44781702/Ben-Davies"
2022,"Tottenham","Premier League","Eric Dier","ENG","DF","27",1994,35,35,3071,34.1,0,0,0,0,0,0,1,0,13,103,6,0,0,0,0,0,1.2,1.2,1.1,2.3,0.04,0.03,0.07,0.04,0.07,"https://fbref.com/en/players/ac861941/Eric-Dier"
2022,"Tottenham","Premier League","Matt Doherty","IRL","DF","29",1992,15,9,875,9.7,2,4,6,2,0,0,0,0,29,24,80,0.21,0.41,0.62,0.21,0.62,2.5,2.5,2,4.5,0.25,0.2,0.46,0.25,0.46,"https://fbref.com/en/players/d557d734/Matt-Doherty"
2022,"Tottenham","Premier League","Emerson","BRA","DF,MF","22",1999,31,26,2286,25.4,1,1,2,1,0,0,5,0,68,68,175,0.04,0.04,0.08,0.04,0.08,1.5,1.5,2.2,3.6,0.06,0.09,0.14,0.06,0.14,"https://fbref.com/en/players/df8b52a5/Emerson"
2022,"Tottenham","Premier League","Son Heung-min","KOR","MF,FW","29",1992,35,35,3006,33.4,23,7,30,23,0,0,2,0,116,90,242,0.69,0.21,0.9,0.69,0.9,15.9,15.9,7.5,23.4,0.48,0.22,0.7,0.48,0.7,"https://fbref.com/en/players/92e7e919/Son-Heung-min"
2022,"Tottenham","Premier League","Pierre Højbjerg","DEN","MF","25",1995,36,36,3196,35.5,2,2,4,2,0,0,3,0,46,242,47,0.06,0.06,0.11,0.06,0.11,1.9,1.9,2.3,4.2,0.05,0.06,0.12,0.05,0.12,"https://fbref.com/en/players/8b04d6c1/Pierre-Hojbjerg"
2022,"Tottenham","Premier League","Harry Kane","ENG","FW","28",1993,37,36,3232,35.9,17,9,26,13,4,4,5,0,87,143,212,0.47,0.25,0.72,0.36,0.61,18.6,15.4,9.1,24.5,0.52,0.25,0.77,0.43,0.68,"https://fbref.com/en/players/21a66f6a/Harry-Kane"
2022,"Tottenham","Premier League","Dejan Kulusevski","SWE","MF,FW","21",2000,18,14,1261,14,5,8,13,5,0,0,3,0,51,35,100,0.36,0.57,0.93,0.36,0.93,2.7,2.7,3.4,6.2,0.2,0.25,0.44,0.2,0.44,"https://fbref.com/en/players/df3cda47/Dejan-Kulusevski"
2022,"Tottenham","Premier League","Hugo Lloris","FRA","GK","34",1986,38,38,3420,38,0,0,0,0,0,0,2,0,0,0,0,0,0,0,0,0,0,0,0.2,0.2,0,0.01,0.01,0,0.01,"https://fbref.com/en/players/8f62b6ee/Hugo-Lloris"
2022,"Tottenham","Premier League","Giovani Lo Celso","ARG","MF,FW","25",1996,9,2,238,2.6,0,0,0,0,0,0,0,0,10,8,15,0,0,0,0,0,0.6,0.6,0.7,1.3,0.23,0.26,0.49,0.23,0.49,"https://fbref.com/en/players/d7553721/Giovani-Lo-Celso"
2022,"Tottenham","Premier League","Lucas Moura","BRA","FW,MF","28",1992,34,19,1775,19.7,2,6,8,2,0,0,4,0,48,99,87,0.1,0.3,0.41,0.1,0.41,2.7,2.7,5,7.7,0.14,0.25,0.39,0.14,0.39,"https://fbref.com/en/players/2b622f01/Lucas-Moura"
2022,"Tottenham","Premier League","Tanguy Ndombele","FRA","MF","24",1996,9,6,484,5.4,1,1,2,1,0,0,1,0,14,21,25,0.19,0.19,0.37,0.19,0.37,0.4,0.4,0.4,0.8,0.08,0.07,0.16,0.08,0.16,"https://fbref.com/en/players/5cdddffa/Tanguy-Ndombele"
2022,"Tottenham","Premier League","Sergio Reguilón","ESP","DF,MF","24",1996,25,22,1916,21.3,2,3,5,2,0,0,4,0,63,50,144,0.09,0.14,0.23,0.09,0.23,3,3,3.3,6.4,0.14,0.16,0.3,0.14,0.3,"https://fbref.com/en/players/3353737a/Sergio-Reguilon"
2022,"Tottenham","Premier League","Joe Rodon","WAL","DF","23",1997,3,0,89,1,0,0,0,0,0,0,0,0,0,0,0,0,0,0,0,0,0,0,0,0,0,0,0,0,0,"https://fbref.com/en/players/8d62d31a/Joe-Rodon"
2022,"Tottenham","Premier League","Cristian Romero","ARG","DF","23",1998,22,21,1844,20.5,1,0,1,1,0,0,8,0,23,65,9,0.05,0,0.05,0.05,0.05,0.5,0.5,0.3,0.7,0.02,0.01,0.04,0.02,0.04,"https://fbref.com/en/players/a3d94a58/Cristian-Romero"
2022,"Tottenham","Premier League","Davinson Sánchez","COL","DF","25",1996,23,17,1631,18.1,2,0,2,2,0,0,4,0,21,65,8,0.11,0,0.11,0.11,0.11,2.1,2.1,0.3,2.4,0.11,0.02,0.13,0.11,0.13,"https://fbref.com/en/players/da7b447d/Davinson-Sanchez"
2022,"Tottenham","Premier League","Dane Scarlett","ENG","MF","17",2004,1,0,4,0,0,0,0,0,0,0,0,0,0,0,0,0,0,0,0,0,0,0,0,0,0,0,0,0,0,"https://fbref.com/en/players/21945a9e/Dane-Scarlett"
2022,"Tottenham","Premier League","Ryan Sessegnon","ENG","DF,MF","21",2000,15,13,1047,11.6,0,2,2,0,0,0,2,0,30,22,80,0,0.17,0.17,0,0.17,0.3,0.3,2.7,3,0.03,0.23,0.26,0.03,0.26,"https://fbref.com/en/players/6aa3e78b/Ryan-Sessegnon"
2022,"Tottenham","Premier League","Oliver Skipp","ENG","MF","20",2000,18,14,1350,15,0,0,0,0,0,0,6,0,27,76,18,0,0,0,0,0,0.2,0.2,0.7,1,0.02,0.05,0.07,0.02,0.07,"https://fbref.com/en/players/6250083a/Oliver-Skipp"
2022,"Tottenham","Premier League","Japhet Tanganga","ENG","DF","22",1999,11,10,735,8.2,0,0,0,0,0,0,4,1,13,20,21,0,0,0,0,0,0.4,0.4,0.2,0.7,0.05,0.03,0.08,0.05,0.08,"https://fbref.com/en/players/e9971f2d/Japhet-Tanganga"
2022,"Tottenham","Premier League","Harry Winks","ENG","MF","25",1996,19,9,912,10.1,0,1,1,0,0,0,2,0,10,73,18,0,0.1,0.1,0,0.1,0.1,0.1,1.5,1.6,0.01,0.15,0.16,0.01,0.16,"https://fbref.com/en/players/2f7acede/Harry-Winks"
2022,"Watford","Premier League","Daniel Bachmann","AUT","GK","27",1994,12,12,1080,12,0,0,0,0,0,0,0,0,0,0,0,0,0,0,0,0,0,0,0,0,0,0,0,0,0,"https://fbref.com/en/players/1c0eea98/Daniel-Bachmann"
2022,"Watford","Premier League","Craig Cathcart","NIR","DF","32",1989,31,27,2396,26.6,0,1,1,0,0,0,3,0,6,52,0,0,0.04,0.04,0,0.04,0.2,0.2,1.2,1.4,0.01,0.05,0.05,0.01,0.05,"https://fbref.com/en/players/89e4b358/Craig-Cathcart"
2022,"Watford","Premier League","Tom Cleverley","ENG","MF","31",1989,28,20,1616,18,0,2,2,0,0,0,2,0,8,64,40,0,0.11,0.11,0,0.11,0.7,0.7,2.1,2.8,0.04,0.12,0.15,0.04,0.15,"https://fbref.com/en/players/6cdd8245/Tom-Cleverley"
2022,"Watford","Premier League","Cucho","COL","FW,MF","22",1999,25,11,1147,12.7,5,2,7,5,0,0,3,0,22,39,85,0.39,0.16,0.55,0.39,0.55,2.5,2.5,1.9,4.3,0.19,0.15,0.34,0.19,0.34,"https://fbref.com/en/players/71b47ab9/Cucho"
2022,"Watford","Premier League","Troy Deeney","ENG","FW","33",1988,2,0,25,0.3,0,0,0,0,0,0,0,0,0,1,5,0,0,0,0,0,0.1,0.1,0.1,0.1,0.28,0.25,0.54,0.28,0.54,"https://fbref.com/en/players/82e34b69/Troy-Deeney"
2022,"Watford","Premier League","Emmanuel Dennis","NGA","FW,MF","23",1997,33,30,2581,28.7,10,6,16,10,0,0,9,1,90,61,172,0.35,0.21,0.56,0.35,0.56,7.3,7.3,4.1,11.3,0.26,0.14,0.4,0.25,0.4,"https://fbref.com/en/players/2c44a35d/Emmanuel-Dennis"
2022,"Watford","Premier League","Oghenekaro Etebo","NGA","MF","25",1995,9,4,401,4.5,0,0,0,0,0,0,3,0,3,16,1,0,0,0,0,0,0.1,0.1,0.1,0.2,0.01,0.02,0.03,0.01,0.03,"https://fbref.com/en/players/b579e83d/Oghenekaro-Etebo"
2022,"Watford","Premier League","Kiko Femenía","ESP","DF","30",1991,27,26,2142,23.8,0,5,5,0,0,0,2,0,40,100,48,0,0.21,0.21,0,0.21,0.1,0.1,3.6,3.8,0,0.15,0.16,0,0.16,"https://fbref.com/en/players/e5d01ecf/Kiko-Femenia"
2022,"Watford","Premier League","Ashley Fletcher","ENG","FW","25",1995,3,0,30,0.3,0,0,0,0,0,0,0,0,1,0,1,0,0,0,0,0,0.6,0.6,0,0.6,1.8,0,1.8,1.8,1.8,"https://fbref.com/en/players/eeb6551f/Ashley-Fletcher"
2022,"Watford","Premier League","Ben Foster","ENG","GK","38",1983,26,26,2340,26,0,1,1,0,0,0,0,0,0,0,0,0,0.04,0.04,0,0.04,0,0,0.1,0.1,0,0,0,0,0,"https://fbref.com/en/players/d0b3ceb9/Ben-Foster"
2022,"Watford","Premier League","Dan Gosling","ENG","MF","31",1990,4,2,166,1.8,1,0,1,1,0,0,0,0,2,4,5,0.54,0,0.54,0.54,0.54,0.2,0.2,0,0.3,0.12,0.02,0.14,0.12,0.14,"https://fbref.com/en/players/7fec31a0/Dan-Gosling"
2022,"Watford","Premier League","João Pedro","BRA","FW,MF","19",2001,28,15,1644,18.3,3,1,4,3,0,0,1,0,54,77,102,0.16,0.05,0.22,0.16,0.22,3.6,3.6,2.8,6.3,0.2,0.15,0.35,0.2,0.35,"https://fbref.com/en/players/e8832875/Joao-Pedro"
2022,"Watford","Premier League","Christian Kabasele","BEL","DF","30",1991,16,12,1193,13.3,0,0,0,0,0,0,0,0,5,21,1,0,0,0,0,0,0.9,0.9,0.2,1,0.07,0.01,0.08,0.07,0.08,"https://fbref.com/en/players/914ab9a1/Christian-Kabasele"
2022,"Watford","Premier League","Samuel Kalu","NGA","FW","23",1997,4,2,222,2.5,0,0,0,0,0,0,0,0,7,8,18,0,0,0,0,0,0.4,0.4,0.1,0.5,0.16,0.04,0.2,0.16,0.2,"https://fbref.com/en/players/b8d22478/Samuel-Kalu"
2022,"Watford","Premier League","Hassane Kamara","CIV","DF","27",1994,19,18,1623,18,1,0,1,1,0,0,5,1,32,55,25,0.06,0,0.06,0.06,0.06,0.2,0.2,0.6,0.8,0.01,0.03,0.04,0.01,0.04,"https://fbref.com/en/players/19a12bed/Hassane-Kamara"
2022,"Watford","Premier League","Edo Kayembe","COD","MF","23",1998,13,9,799,8.9,0,0,0,0,0,0,0,0,9,47,8,0,0,0,0,0,0.1,0.1,0.3,0.5,0.02,0.04,0.05,0.02,0.05,"https://fbref.com/en/players/f99b71de/Edo-Kayembe"
2022,"Watford","Premier League","Joshua King","NOR","FW","29",1992,32,27,2248,25,5,3,8,4,1,1,5,0,41,39,157,0.2,0.12,0.32,0.16,0.28,8.9,8.1,3.8,11.9,0.36,0.15,0.51,0.32,0.48,"https://fbref.com/en/players/43458538/Joshua-King"
2022,"Watford","Premier League","Juraj Kucka","SVK","MF","34",1987,26,22,1920,21.3,1,1,2,1,0,0,5,1,21,60,31,0.05,0.05,0.09,0.05,0.09,3.2,3.2,0.9,4.1,0.15,0.04,0.19,0.15,0.19,"https://fbref.com/en/players/5aaef9ef/Juraj-Kucka"
2022,"Watford","Premier League","Imran Louza","MAR","MF","22",1999,20,17,1416,15.7,0,0,0,0,0,0,6,0,17,67,24,0,0,0,0,0,1.2,1.2,1.1,2.3,0.08,0.07,0.15,0.08,0.15,"https://fbref.com/en/players/e1df6989/Imran-Louza"
2022,"Watford","Premier League","Adam Masina","MAR","DF","27",1994,15,13,1077,12,0,1,1,0,0,0,0,0,9,37,12,0,0.08,0.08,0,0.08,0.3,0.3,0.7,1,0.03,0.06,0.08,0.03,0.08,"https://fbref.com/en/players/de0f152c/Adam-Masina"
2022,"Watford","Premier League","Jeremy Ngakia","ENG","DF","20",2000,16,9,903,10,0,0,0,0,0,0,0,0,18,39,20,0,0,0,0,0,0.1,0.1,0.5,0.6,0.01,0.05,0.06,0.01,0.06,"https://fbref.com/en/players/3631ad41/Jeremy-Ngakia"
2022,"Watford","Premier League","Nicolas Nkoulou","CMR","DF","31",1990,3,2,168,1.9,0,0,0,0,0,0,0,0,0,2,0,0,0,0,0,0,0,0,0,0,0,0.01,0.01,0,0.01,"https://fbref.com/en/players/93cf32a8/Nicolas-Nkoulou"
2022,"Watford","Premier League","Danny Rose","ENG","DF","31",1990,8,7,689,7.7,0,0,0,0,0,0,4,0,12,33,19,0,0,0,0,0,0.2,0.2,0.8,1,0.03,0.1,0.13,0.03,0.13,"https://fbref.com/en/players/89d10e53/Danny-Rose"
2022,"Watford","Premier League","Samir Santos","BRA","DF","26",1994,19,19,1673,18.6,0,0,0,0,0,0,4,0,1,24,2,0,0,0,0,0,0.5,0.5,0.1,0.6,0.03,0,0.03,0.03,0.03,"https://fbref.com/en/players/92b4758e/Samir-Santos"
2022,"Watford","Premier League","Ismaila Sarr","SEN","FW,MF","23",1998,22,21,1861,20.7,5,2,7,5,0,1,2,0,79,52,158,0.24,0.1,0.34,0.24,0.34,4.8,4,2.9,6.9,0.23,0.14,0.37,0.19,0.34,"https://fbref.com/en/players/bfdb33aa/Ismaila-Sarr"
2022,"Watford","Premier League","Ken Sema","SWE","MF,FW","27",1993,18,7,852,9.5,0,0,0,0,0,0,1,0,19,8,36,0,0,0,0,0,0.1,0.1,1.3,1.4,0.01,0.13,0.15,0.01,0.15,"https://fbref.com/en/players/1770bd68/Ken-Sema"
2022,"Watford","Premier League","Francisco Sierralta","CHI","DF","24",1997,5,5,427,4.7,0,0,0,0,0,0,0,0,1,2,0,0,0,0,0,0,0.1,0.1,0,0.1,0.01,0,0.01,0.01,0.01,"https://fbref.com/en/players/0f933743/Francisco-Sierralta"
2022,"Watford","Premier League","Moussa Sissoko","FRA","MF","31",1989,36,36,3220,35.8,2,1,3,2,0,0,5,0,51,116,71,0.06,0.03,0.08,0.06,0.08,3.8,3.7,3.1,6.8,0.11,0.09,0.19,0.1,0.19,"https://fbref.com/en/players/2acd49b9/Moussa-Sissoko"
2022,"Watford","Premier League","William Troost-Ekong","NGA","DF","27",1993,17,15,1390,15.4,0,0,0,0,0,0,3,0,7,30,3,0,0,0,0,0,0.1,0.1,0.1,0.2,0.01,0,0.01,0.01,0.01,"https://fbref.com/en/players/7ed4921e/William-Troost-Ekong"
2022,"Watford","Premier League","Ozan Tufan","TUR","MF","26",1995,7,4,334,3.7,0,0,0,0,0,0,0,0,2,16,13,0,0,0,0,0,0.6,0.6,0.3,0.9,0.15,0.09,0.24,0.15,0.24,"https://fbref.com/en/players/17d45fb2/Ozan-Tufan"
2022,"West Ham","Premier League","Michail Antonio","JAM","FW","31",1990,36,34,2971,33,10,8,18,10,0,1,8,1,77,46,246,0.3,0.24,0.55,0.3,0.55,10.8,10.2,6,16.2,0.33,0.18,0.51,0.31,0.49,"https://fbref.com/en/players/ac05f970/Michail-Antonio"
2022,"West Ham","Premier League","Alphonse Areola","FRA","GK","28",1993,1,1,90,1,0,0,0,0,0,0,0,0,0,0,0,0,0,0,0,0,0,0,0,0,0,0,0,0,0,"https://fbref.com/en/players/2f965a72/Alphonse-Areola"
2022,"West Ham","Premier League","Harrison Ashby","SCO","DF","19",2001,1,0,7,0.1,0,0,0,0,0,0,0,0,0,0,0,0,0,0,0,0,0,0,0,0,0,0,0,0,0,"https://fbref.com/en/players/b391383a/Harrison-Ashby"
2022,"West Ham","Premier League","Saïd Benrahma","ALG","FW,MF","25",1995,32,26,2168,24.1,8,6,14,8,0,0,0,0,73,73,222,0.33,0.25,0.58,0.33,0.58,4.8,4.8,3.7,8.5,0.2,0.15,0.35,0.2,0.35,"https://fbref.com/en/players/5a04fd92/Said-Benrahma"
2022,"West Ham","Premier League","Jarrod Bowen","ENG","FW","24",1996,36,34,2983,33.1,12,10,22,12,0,0,6,0,74,66,204,0.36,0.3,0.66,0.36,0.66,11.9,11.9,6.1,18,0.36,0.18,0.54,0.36,0.54,"https://fbref.com/en/players/79c84d1c/Jarrod-Bowen"
2022,"West Ham","Premier League","Daniel Chesters","ENG","MF","19",2002,1,0,1,0,0,0,0,0,0,0,0,0,0,0,0,0,0,0,0,0,0,0,0,0,0,0,0,0,0,"https://fbref.com/en/players/240c8ab6/Daniel-Chesters"
2022,"West Ham","Premier League","Vladimír Coufal","CZE","DF","28",1992,28,25,2209,24.5,0,4,4,0,0,0,5,1,51,113,119,0,0.16,0.16,0,0.16,0.8,0.8,2.1,2.9,0.03,0.08,0.12,0.03,0.12,"https://fbref.com/en/players/fdf3cb77/Vladimir-Coufal"
2022,"West Ham","Premier League","Aaron Cresswell","ENG","DF","31",1989,31,31,2726,30.3,2,3,5,2,0,0,3,0,54,186,99,0.07,0.1,0.17,0.07,0.17,1.1,1.1,3.2,4.2,0.04,0.1,0.14,0.04,0.14,"https://fbref.com/en/players/4f974391/Aaron-Cresswell"
2022,"West Ham","Premier League","Craig Dawson","ENG","DF","31",1990,34,30,2754,30.6,2,2,4,2,0,0,5,1,4,54,3,0.07,0.07,0.13,0.07,0.13,3,3,1,4,0.1,0.03,0.13,0.1,0.13,"https://fbref.com/en/players/3e9e06cb/Craig-Dawson"
2022,"West Ham","Premier League","Issa Diop","FRA","DF","24",1997,13,10,963,10.7,0,1,1,0,0,0,0,0,4,14,1,0,0.09,0.09,0,0.09,0.1,0.1,0.4,0.5,0.01,0.04,0.05,0.01,0.05,"https://fbref.com/en/players/a712ca2b/Issa-Diop"
2022,"West Ham","Premier League","Łukasz Fabiański","POL","GK","36",1985,37,37,3330,37,0,0,0,0,0,0,2,0,0,0,0,0,0,0,0,0,0,0,0,0,0,0,0,0,0,"https://fbref.com/en/players/9328b835/Lukasz-Fabianski"
2022,"West Ham","Premier League","Pablo Fornals","ESP","FW,MF","25",1996,36,32,2795,31.1,6,3,9,6,0,0,4,0,49,191,200,0.19,0.1,0.29,0.19,0.29,4.6,4.6,6.3,10.9,0.15,0.2,0.35,0.15,0.35,"https://fbref.com/en/players/82927de4/Pablo-Fornals"
2022,"West Ham","Premier League","Ryan Fredericks","ENG","DF","28",1992,7,3,307,3.4,0,0,0,0,0,0,1,0,4,6,14,0,0,0,0,0,0,0,0.1,0.1,0,0.04,0.04,0,0.04,"https://fbref.com/en/players/c067631c/Ryan-Fredericks"
2022,"West Ham","Premier League","Ben Johnson","ENG","DF","21",2000,20,16,1397,15.5,1,0,1,1,0,0,1,0,23,64,67,0.06,0,0.06,0.06,0.06,0.2,0.2,0.6,0.7,0.01,0.04,0.05,0.01,0.05,"https://fbref.com/en/players/9319781b/Ben-Johnson"
2022,"West Ham","Premier League","Alex Král","CZE","MF","23",1998,1,0,1,0,0,0,0,0,0,0,0,0,0,0,0,0,0,0,0,0,0,0,0,0,0,0,0,0,0,"https://fbref.com/en/players/e717705a/Alex-Kral"
2022,"West Ham","Premier League","Manuel Lanzini","ARG","MF,FW","28",1993,30,19,1786,19.8,5,3,8,2,3,3,2,0,29,119,57,0.25,0.15,0.4,0.1,0.25,3.7,1.3,2.4,3.7,0.19,0.12,0.31,0.07,0.19,"https://fbref.com/en/players/26f6dca8/Manuel-Lanzini"
2022,"West Ham","Premier League","Arthur Masuaku","COD","DF,FW","27",1993,13,6,650,7.2,1,1,2,1,0,0,1,0,16,33,26,0.14,0.14,0.28,0.14,0.28,0.1,0.1,0.8,0.9,0.01,0.12,0.12,0.01,0.12,"https://fbref.com/en/players/57df7a11/Arthur-Masuaku"
2022,"West Ham","Premier League","Mark Noble","ENG","MF","34",1987,11,3,332,3.7,1,0,1,0,1,2,0,0,2,14,3,0.27,0,0.27,0,0,1.6,0,0,0,0.43,0,0.43,0,0,"https://fbref.com/en/players/ff527768/Mark-Noble"
2022,"West Ham","Premier League","Angelo Ogbonna","ITA","DF","33",1988,11,11,921,10.2,1,0,1,1,0,0,1,0,2,14,0,0.1,0,0.1,0.1,0.1,0.3,0.3,0,0.3,0.03,0,0.03,0.03,0.03,"https://fbref.com/en/players/74b2cd7e/Angelo-Ogbonna"
2022,"West Ham","Premier League","Sonny Perkins","ENG","FW","17",2004,1,0,4,0,0,0,0,0,0,0,0,0,NA,NA,NA,0,0,0,0,0,NA,NA,NA,NA,NA,NA,NA,NA,NA,"https://fbref.com/en/players/87f12e30/Sonny-Perkins"
2022,"West Ham","Premier League","Declan Rice","ENG","MF","22",1999,36,35,3179,35.3,1,4,5,1,0,0,8,0,104,256,44,0.03,0.11,0.14,0.03,0.14,1.1,1.1,1.7,2.8,0.03,0.05,0.08,0.03,0.08,"https://fbref.com/en/players/1c7012b8/Declan-Rice"
2022,"West Ham","Premier League","Tomáš Souček","CZE","MF","26",1995,35,34,3062,34,5,1,6,5,0,0,3,0,36,141,54,0.15,0.03,0.18,0.15,0.18,5.5,4.8,2.2,7,0.16,0.06,0.22,0.14,0.2,"https://fbref.com/en/players/6613c819/Tomas-Soucek"
2022,"West Ham","Premier League","Nikola Vlašić","CRO","FW,MF","23",1997,19,6,560,6.2,1,0,1,1,0,0,0,0,21,14,48,0.16,0,0.16,0.16,0.16,1.3,1.3,0.6,2,0.21,0.1,0.31,0.21,0.31,"https://fbref.com/en/players/aa8e289e/Nikola-Vlasic"
2022,"West Ham","Premier League","Andriy Yarmolenko","UKR","FW,MF","31",1989,19,1,316,3.5,1,0,1,1,0,0,1,0,12,12,28,0.28,0,0.28,0.28,0.28,0.8,0.8,0.3,1.1,0.22,0.08,0.3,0.22,0.3,"https://fbref.com/en/players/849c826a/Andriy-Yarmolenko"
2022,"West Ham","Premier League","Kurt Zouma","FRA","DF","26",1994,24,24,2078,23.1,1,0,1,1,0,0,1,0,11,33,2,0.04,0,0.04,0.04,0.04,1.1,1.1,0.1,1.2,0.05,0,0.05,0.05,0.05,"https://fbref.com/en/players/ce4246f5/Kurt-Zouma"
2022,"Wolves","Premier League","Rayan Aït Nouri","FRA","DF,MF","20",2001,23,20,1828,20.3,1,2,3,1,0,0,4,0,60,49,127,0.05,0.1,0.15,0.05,0.15,0.6,0.6,1.6,2.2,0.03,0.08,0.11,0.03,0.11,"https://fbref.com/en/players/9b398aea/Rayan-Ait-Nouri"
2022,"Wolves","Premier League","Willy Boly","CIV","DF","30",1991,10,10,900,10,0,0,0,0,0,0,1,0,6,20,0,0,0,0,0,0,0.2,0.2,0.1,0.2,0.02,0.01,0.02,0.02,0.02,"https://fbref.com/en/players/a4ac4b8f/Willy-Boly"
2022,"Wolves","Premier League","Chem Campbell","WAL","MF","18",2002,1,0,13,0.1,0,0,0,0,0,0,0,0,0,0,4,0,0,0,0,0,0,0,0,0,0,0,0,0,0,"https://fbref.com/en/players/6f711f67/Chem-Campbell"
2022,"Wolves","Premier League","Jonny Castro","ESP","DF","27",1994,13,10,1024,11.4,2,0,2,2,0,0,1,0,25,35,56,0.18,0,0.18,0.18,0.18,1,1,1.3,2.3,0.09,0.12,0.21,0.09,0.21,"https://fbref.com/en/players/e28868f3/Jonny-Castro"
2022,"Wolves","Premier League","Chiquinho","POR","DF,FW","21",2000,8,1,208,2.3,0,3,3,0,0,0,0,0,10,7,35,0,1.3,1.3,0,1.3,0.6,0.6,0.7,1.3,0.26,0.3,0.56,0.26,0.56,"https://fbref.com/en/players/dc6c2f02/Chiquinho"
2022,"Wolves","Premier League","Conor Coady","ENG","DF","28",1993,38,38,3361,37.3,4,0,4,4,0,0,4,0,6,35,3,0.11,0,0.11,0.11,0.11,2.8,2.8,0.1,2.8,0.07,0,0.08,0.07,0.08,"https://fbref.com/en/players/2928dca2/Conor-Coady"
2022,"Wolves","Premier League","Luke Cundle","ENG","MF","19",2002,4,2,180,2,0,0,0,0,0,0,0,0,3,9,3,0,0,0,0,0,0,0,0.2,0.2,0,0.12,0.12,0,0.12,"https://fbref.com/en/players/cc3b8e78/Luke-Cundle"
2022,"Wolves","Premier League","Leander Dendoncker","BEL","MF","26",1995,30,21,1950,21.7,2,2,4,2,0,0,4,0,9,64,45,0.09,0.09,0.18,0.09,0.18,2.2,2.2,1.1,3.3,0.1,0.05,0.15,0.1,0.15,"https://fbref.com/en/players/5a7301ae/Leander-Dendoncker"
2022,"Wolves","Premier League","Morgan Gibbs-White","ENG","DF,FW","21",2000,2,0,9,0.1,0,0,0,0,0,0,1,0,0,2,2,0,0,0,0,0,0.1,0.1,0,0.1,1.4,0,1.4,1.4,1.4,"https://fbref.com/en/players/32f60ed8/Morgan-Gibbs-White"
2022,"Wolves","Premier League","Toti Gomes","POR","DF","22",1999,4,4,360,4,0,0,0,0,0,0,1,0,2,7,2,0,0,0,0,0,0,0,0,0,0.01,0,0.01,0.01,0.01,"https://fbref.com/en/players/f0caab96/Toti-Gomes"
2022,"Wolves","Premier League","Hwang Hee-chan","KOR","FW,MF","25",1996,30,20,1816,20.2,5,1,6,5,0,0,2,0,66,57,114,0.25,0.05,0.3,0.25,0.3,4.4,4.4,1.3,5.8,0.22,0.07,0.29,0.22,0.29,"https://fbref.com/en/players/169fd162/Hwang-Hee-chan"
2022,"Wolves","Premier League","Ki-Jana Hoever","NED","DF,MF","19",2002,8,4,308,3.4,0,0,0,0,0,0,1,0,9,5,22,0,0,0,0,0,0,0,0.1,0.1,0.01,0.02,0.03,0.01,0.03,"https://fbref.com/en/players/9a71e978/Ki-Jana-Hoever"
2022,"Wolves","Premier League","Raúl Jiménez","MEX","FW","30",1991,34,30,2631,29.2,6,4,10,5,1,1,9,2,40,65,163,0.21,0.14,0.34,0.17,0.31,6.1,5.4,3.1,8.5,0.21,0.1,0.31,0.19,0.29,"https://fbref.com/en/players/b561db50/Raul-Jimenez"
2022,"Wolves","Premier League","Max Kilman","ENG","DF","24",1997,30,30,2687,29.9,1,0,1,1,0,0,3,0,31,95,7,0.03,0,0.03,0.03,0.03,1.1,1.1,0.2,1.3,0.04,0.01,0.04,0.04,0.04,"https://fbref.com/en/players/d0f72bf1/Max-Kilman"
2022,"Wolves","Premier League","Fernando Marçal","BRA","MF,DF","32",1989,18,17,1449,16.1,0,0,0,0,0,0,3,0,39,50,98,0,0,0,0,0,0.4,0.4,0.6,1,0.02,0.04,0.06,0.02,0.06,"https://fbref.com/en/players/9ae9eaea/Fernando-Marcal"
2022,"Wolves","Premier League","João Moutinho","POR","MF","34",1986,35,34,2970,33,2,1,3,2,0,0,4,0,42,196,37,0.06,0.03,0.09,0.06,0.09,1.3,1.3,2.7,3.9,0.04,0.08,0.12,0.04,0.12,"https://fbref.com/en/players/f5a00fa4/Joao-Moutinho"
2022,"Wolves","Premier League","Pedro Neto","POR","FW,MF","21",2000,13,5,466,5.2,1,1,2,1,0,0,3,0,27,10,49,0.19,0.19,0.39,0.19,0.39,1.5,1.5,1,2.5,0.29,0.2,0.49,0.29,0.49,"https://fbref.com/en/players/7ba2eaa9/Pedro-Neto"
2022,"Wolves","Premier League","Rúben Neves","POR","MF","24",1997,33,31,2661,29.6,4,2,6,4,0,0,9,0,34,202,19,0.14,0.07,0.2,0.14,0.2,1.1,1.1,3.1,4.3,0.04,0.11,0.14,0.04,0.14,"https://fbref.com/en/players/44bfb6c5/Ruben-Neves"
2022,"Wolves","Premier League","Daniel Podence","POR","FW,MF","25",1995,26,15,1484,16.5,2,3,5,2,0,0,2,0,63,75,102,0.12,0.18,0.3,0.12,0.3,2,2,3.9,5.9,0.12,0.23,0.36,0.12,0.36,"https://fbref.com/en/players/7fcc71d8/Daniel-Podence"
2022,"Wolves","Premier League","John Ruddy","ENG","GK","34",1986,2,1,135,1.5,0,0,0,0,0,0,0,0,0,0,0,0,0,0,0,0,0,0,0,0,0,0,0,0,0,"https://fbref.com/en/players/da8b19e2/John-Ruddy"
2022,"Wolves","Premier League","José Sá","POR","GK","28",1993,37,37,3285,36.5,0,1,1,0,0,0,3,0,0,2,0,0,0.03,0.03,0,0.03,0,0,0.9,0.9,0,0.02,0.02,0,0.02,"https://fbref.com/en/players/903b6e8b/Jose-Sa"
2022,"Wolves","Premier League","Romain Saïss","MAR","DF","31",1990,31,31,2705,30.1,2,0,2,2,0,0,6,0,18,137,9,0.07,0,0.07,0.07,0.07,2.7,2.7,0.3,3.1,0.09,0.01,0.1,0.09,0.1,"https://fbref.com/en/players/9fbbcf39/Romain-Saiss"
2022,"Wolves","Premier League","Nélson Semedo","POR","MF,DF","27",1993,25,25,2131,23.7,0,1,1,0,0,0,1,0,79,78,146,0,0.04,0.04,0,0.04,1.6,1.6,1.3,2.9,0.07,0.06,0.12,0.07,0.12,"https://fbref.com/en/players/d04b94db/Nelson-Semedo"
2022,"Wolves","Premier League","Fábio Silva","POR","FW","19",2002,22,6,572,6.4,0,0,0,0,0,0,0,0,14,14,41,0,0,0,0,0,1.8,1.8,0.2,1.9,0.28,0.03,0.3,0.28,0.3,"https://fbref.com/en/players/e7aa9d7c/Fabio-Silva"
2022,"Wolves","Premier League","Adama Traoré","ESP","FW,MF","25",1996,20,10,1067,11.9,1,0,1,1,0,0,0,0,84,29,85,0.08,0,0.08,0.08,0.08,3,3,1.4,4.4,0.25,0.12,0.37,0.25,0.37,"https://fbref.com/en/players/9a28eba4/Adama-Traore"
2022,"Wolves","Premier League","Francisco Trincão","POR","FW,MF","21",1999,28,16,1336,14.8,2,1,3,2,0,0,0,0,56,40,93,0.13,0.07,0.2,0.13,0.2,3.7,3.7,1.6,5.4,0.25,0.11,0.36,0.25,0.36,"https://fbref.com/en/players/77e39b04/Francisco-Trincao"
