"Season_End_Year","Squad","Comp","Player","Nation","Pos","Age","Born","MP_Playing","Starts_Playing","Min_Playing","Mins_Per_90_Playing","Gls","Ast","G+A","G_minus_PK","PK","PKatt","CrdY","CrdR","PrgC_Progression","PrgP_Progression","PrgR_Progression","Gls_Per","Ast_Per","G+A_Per","G_minus_PK_Per","G+A_minus_PK_Per","xG_Expected","npxG_Expected","xAG_Expected","npxG+xAG_Expected","xG_Per","xAG_Per","xG+xAG_Per","npxG_Per","npxG+xAG_Per","Url"
2025,"Arsenal","Premier League","Nathan Butler-Oyedeji","ENG","FW","21",2003,1,0,7,0.1,0,0,0,0,0,0,0,0,0,0,0,0,0,0,0,0,0.1,0.1,0,0.1,0.94,0,0.94,0.94,0.94,"https://fbref.com/en/players/3a686640/Nathan-Butler-Oyedeji"
2025,"Arsenal","Premier League","Riccardo Calafiori","ITA","DF","22",2002,19,11,983,10.9,2,1,3,2,0,0,4,0,22,54,29,0.18,0.09,0.27,0.18,0.27,0.9,0.9,0.3,1.1,0.08,0.03,0.11,0.08,0.11,"https://fbref.com/en/players/aded8e6f/Riccardo-Calafiori"
2025,"Arsenal","Premier League","Kai Havertz","GER","FW,MF","25",1999,23,21,1875,20.8,9,3,12,9,0,0,5,0,35,61,113,0.43,0.14,0.58,0.43,0.58,9.5,9.5,2.4,12,0.46,0.12,0.57,0.46,0.57,"https://fbref.com/en/players/fed7cb61/Kai-Havertz"
2025,"Arsenal","Premier League","Gabriel Jesus","BRA","FW","27",1997,17,6,608,6.8,3,0,3,3,0,0,4,0,15,19,57,0.44,0,0.44,0.44,0.44,3,3,0.7,3.7,0.44,0.1,0.54,0.44,0.54,"https://fbref.com/en/players/b66315ae/Gabriel-Jesus"
2025,"Arsenal","Premier League","Jorginho","ITA","MF","32",1991,15,9,704,7.8,0,0,0,0,0,0,5,0,12,48,6,0,0,0,0,0,0.1,0.1,0.4,0.5,0.01,0.05,0.06,0.01,0.06,"https://fbref.com/en/players/45db685d/Jorginho"
2025,"Arsenal","Premier League","Jakub Kiwior","POL","DF","24",2000,17,10,1122,12.5,1,0,1,1,0,0,1,0,5,48,1,0.08,0,0.08,0.08,0.08,0.2,0.2,0.3,0.5,0.01,0.03,0.04,0.01,0.04,"https://fbref.com/en/players/dc3e663e/Jakub-Kiwior"
2025,"Arsenal","Premier League","Myles Lewis-Skelly","ENG","DF","17",2006,23,15,1369,15.2,1,0,1,1,0,0,3,2,37,71,37,0.07,0,0.07,0.07,0.07,0.2,0.2,0.4,0.6,0.01,0.03,0.04,0.01,0.04,"https://fbref.com/en/players/5dff6c28/Myles-Lewis-Skelly"
2025,"Arsenal","Premier League","Gabriel Magalhães","BRA","DF","26",1997,28,28,2363,26.3,3,1,4,3,0,0,4,0,10,126,11,0.11,0.04,0.15,0.11,0.15,2.6,2.6,0.9,3.5,0.1,0.03,0.13,0.1,0.13,"https://fbref.com/en/players/67ac5bb8/Gabriel-Magalhaes"
2025,"Arsenal","Premier League","Gabriel Martinelli","BRA","FW,MF","23",2001,33,25,2290,25.4,8,4,12,8,0,0,1,0,124,52,289,0.31,0.16,0.47,0.31,0.47,7.4,7.4,5,12.4,0.29,0.19,0.49,0.29,0.49,"https://fbref.com/en/players/48a5a5d6/Gabriel-Martinelli"
2025,"Arsenal","Premier League","Mikel Merino","ESP","MF,FW","28",1996,28,17,1586,17.6,7,2,9,7,0,0,4,1,11,69,94,0.4,0.11,0.51,0.4,0.51,5.9,5.9,2,7.9,0.34,0.11,0.45,0.34,0.45,"https://fbref.com/en/players/d080ed5e/Mikel-Merino"
2025,"Arsenal","Premier League","Reiss Nelson","ENG","FW","24",1999,1,0,3,0,0,0,0,0,0,0,0,0,0,0,0,0,0,0,0,0,0,0,0,0,0,0,0,0,0,"https://fbref.com/en/players/c5bdb6e3/Reiss-Nelson"
2025,"Arsenal","Premier League","Ethan Nwaneri","ENG","FW,MF","17",2007,26,11,895,9.9,4,2,6,4,0,0,1,0,46,33,113,0.4,0.2,0.6,0.4,0.6,1.2,1.2,1.2,2.4,0.12,0.12,0.24,0.12,0.24,"https://fbref.com/en/players/7f94982c/Ethan-Nwaneri"
2025,"Arsenal","Premier League","Thomas Partey","GHA","MF,DF","31",1993,35,31,2797,31.1,4,2,6,4,0,0,4,0,36,185,48,0.13,0.06,0.19,0.13,0.19,2.3,2.3,2.1,4.3,0.07,0.07,0.14,0.07,0.14,"https://fbref.com/en/players/529f49ab/Thomas-Partey"
2025,"Arsenal","Premier League","David Raya","ESP","GK","28",1995,38,38,3420,38,0,0,0,0,0,0,3,0,0,14,0,0,0,0,0,0,0,0,0,0,0,0,0,0,0,"https://fbref.com/en/players/98ea5115/David-Raya"
2025,"Arsenal","Premier League","Declan Rice","ENG","MF","25",1999,35,33,2825,31.4,4,7,11,4,0,0,7,1,90,192,94,0.13,0.22,0.35,0.13,0.35,3.5,3.5,6.6,10.1,0.11,0.21,0.32,0.11,0.32,"https://fbref.com/en/players/1c7012b8/Declan-Rice"
2025,"Arsenal","Premier League","Bukayo Saka","ENG","FW,MF","22",2001,25,20,1729,19.2,6,10,16,5,1,1,3,0,96,70,255,0.31,0.52,0.83,0.26,0.78,6.8,6,7.6,13.7,0.36,0.4,0.75,0.31,0.71,"https://fbref.com/en/players/bc7dc64d/Bukayo-Saka"
2025,"Arsenal","Premier League","William Saliba","FRA","DF","23",2001,35,35,3039,33.8,2,0,2,2,0,0,2,1,16,138,6,0.06,0,0.06,0.06,0.06,2.3,2.3,0.9,3.1,0.07,0.03,0.09,0.07,0.09,"https://fbref.com/en/players/972aeb2a/William-Saliba"
2025,"Arsenal","Premier League","Raheem Sterling","ENG","FW,MF","29",1994,17,7,499,5.5,0,2,2,0,0,0,1,0,27,18,79,0,0.36,0.36,0,0.36,1.4,1.4,0.5,1.9,0.26,0.09,0.34,0.26,0.34,"https://fbref.com/en/players/b400bde0/Raheem-Sterling"
2025,"Arsenal","Premier League","Kieran Tierney","SCO","DF,FW","27",1997,13,2,259,2.9,1,0,1,1,0,0,0,0,8,15,29,0.35,0,0.35,0.35,0.35,0.4,0.4,1.4,1.7,0.12,0.48,0.6,0.12,0.6,"https://fbref.com/en/players/fce2302c/Kieran-Tierney"
2025,"Arsenal","Premier League","Jurriën Timber","NED","DF","23",2001,30,27,2417,26.9,1,3,4,1,0,0,7,0,57,146,104,0.04,0.11,0.15,0.04,0.15,1.2,1.2,0.8,2.1,0.05,0.03,0.08,0.05,0.08,"https://fbref.com/en/players/41034650/Jurrien-Timber"
2025,"Arsenal","Premier League","Takehiro Tomiyasu","JPN","DF","25",1998,1,0,7,0.1,0,0,0,0,0,0,0,0,0,1,0,0,0,0,0,0,0.2,0.2,0,0.2,2.37,0,2.37,2.37,2.37,"https://fbref.com/en/players/b3af9be1/Takehiro-Tomiyasu"
2025,"Arsenal","Premier League","Leandro Trossard","BEL","FW","29",1994,38,28,2546,28.3,8,7,15,8,0,0,4,1,80,101,226,0.28,0.25,0.53,0.28,0.53,7.2,7.2,6.1,13.3,0.25,0.22,0.47,0.25,0.47,"https://fbref.com/en/players/38ceb24a/Leandro-Trossard"
2025,"Arsenal","Premier League","Ben White","ENG","DF","26",1997,17,13,1198,13.3,0,2,2,0,0,0,2,0,23,59,42,0,0.15,0.15,0,0.15,0.5,0.5,1.4,1.8,0.03,0.1,0.14,0.03,0.14,"https://fbref.com/en/players/35e413f1/Ben-White"
2025,"Arsenal","Premier League","Oleksandr Zinchenko","UKR","DF,MF","27",1996,15,5,527,5.9,0,1,1,0,0,0,1,0,10,48,14,0,0.17,0.17,0,0.17,0.6,0.6,0.2,0.8,0.11,0.03,0.14,0.11,0.14,"https://fbref.com/en/players/51cf8561/Oleksandr-Zinchenko"
2025,"Arsenal","Premier League","Martin Ødegaard","NOR","MF","25",1998,30,26,2325,25.8,3,8,11,2,1,1,4,0,92,258,154,0.12,0.31,0.43,0.08,0.39,4.8,4,5.4,9.5,0.19,0.21,0.4,0.16,0.37,"https://fbref.com/en/players/79300479/Martin-Odegaard"
2025,"Aston Villa","Premier League","Marco Asensio","ESP","MF","28",1996,13,9,743,8.3,3,1,4,3,0,2,2,0,22,45,38,0.36,0.12,0.48,0.36,0.48,4.4,2.9,1,3.8,0.54,0.12,0.66,0.35,0.47,"https://fbref.com/en/players/45af8a54/Marco-Asensio"
2025,"Aston Villa","Premier League","Leon Bailey","JAM","FW,MF","26",1997,24,14,1139,12.7,1,2,3,1,0,0,3,0,58,35,121,0.08,0.16,0.24,0.08,0.24,1.7,1.7,1.5,3.3,0.14,0.12,0.26,0.14,0.26,"https://fbref.com/en/players/3a233281/Leon-Bailey"
2025,"Aston Villa","Premier League","Ross Barkley","ENG","MF","30",1993,20,3,581,6.5,3,1,4,3,0,0,3,0,15,36,10,0.46,0.15,0.62,0.46,0.62,1.8,1.8,0.6,2.4,0.27,0.1,0.37,0.27,0.37,"https://fbref.com/en/players/3a24769f/Ross-Barkley"
2025,"Aston Villa","Premier League","Lamare Bogarde","NED","DF,MF","20",2004,8,5,476,5.3,0,0,0,0,0,0,2,0,12,14,9,0,0,0,0,0,0,0,0.1,0.2,0.01,0.02,0.03,0.01,0.03,"https://fbref.com/en/players/bca5c4a7/Lamare-Bogarde"
2025,"Aston Villa","Premier League","Emi Buendía","ARG","MF,FW","27",1996,12,0,98,1.1,0,0,0,0,0,0,1,0,3,7,6,0,0,0,0,0,0.7,0.7,0,0.7,0.6,0.02,0.62,0.6,0.62,"https://fbref.com/en/players/66b76d44/Emi-Buendia"
2025,"Aston Villa","Premier League","Diego Carlos","BRA","DF","31",1993,10,8,830,9.2,0,0,0,0,0,0,1,0,3,34,0,0,0,0,0,0,0.6,0.6,0,0.6,0.07,0,0.07,0.07,0.07,"https://fbref.com/en/players/b4a014b1/Diego-Carlos"
2025,"Aston Villa","Premier League","Matty Cash","POL","DF","26",1997,27,24,2070,23,1,1,2,1,0,0,7,0,48,42,90,0.04,0.04,0.09,0.04,0.09,0.5,0.5,1.1,1.6,0.02,0.05,0.07,0.02,0.07,"https://fbref.com/en/players/2389cdc2/Matty-Cash"
2025,"Aston Villa","Premier League","Lucas Digne","FRA","DF","31",1993,32,28,2351,26.1,0,4,4,0,0,0,4,0,23,57,142,0,0.15,0.15,0,0.15,0.8,0.8,4.7,5.5,0.03,0.18,0.21,0.03,0.21,"https://fbref.com/en/players/1b84dbe1/Lucas-Digne"
2025,"Aston Villa","Premier League","Axel Disasi","FRA","DF","26",1998,7,5,490,5.4,0,0,0,0,0,0,2,0,10,16,5,0,0,0,0,0,0.1,0.1,0.4,0.5,0.02,0.07,0.09,0.02,0.09,"https://fbref.com/en/players/ad82197c/Axel-Disasi"
2025,"Aston Villa","Premier League","Jáder Durán","COL","FW","20",2003,20,4,638,7.1,7,0,7,7,0,0,3,1,7,13,44,0.99,0,0.99,0.99,0.99,4.9,4.9,0.2,5.1,0.69,0.03,0.71,0.69,0.71,"https://fbref.com/en/players/414184f7/Jader-Duran"
2025,"Aston Villa","Premier League","Andrés García","ESP","DF,MF","21",2003,7,5,318,3.5,0,0,0,0,0,0,0,0,26,15,28,0,0,0,0,0,0,0,0.2,0.2,0.01,0.05,0.06,0.01,0.06,"https://fbref.com/en/players/40498af1/Andres-Garcia"
2025,"Aston Villa","Premier League","Boubacar Kamara","FRA","MF","24",1999,26,20,1726,19.2,1,0,1,1,0,0,2,0,19,85,7,0.05,0,0.05,0.05,0.05,0.8,0.8,0.9,1.7,0.04,0.05,0.09,0.04,0.09,"https://fbref.com/en/players/cc77354e/Boubacar-Kamara"
2025,"Aston Villa","Premier League","Ezri Konsa","ENG","DF","26",1997,34,33,2936,32.6,2,0,2,2,0,0,1,0,24,90,11,0.06,0,0.06,0.06,0.06,1.3,1.3,0.4,1.7,0.04,0.01,0.05,0.04,0.05,"https://fbref.com/en/players/0313a347/Ezri-Konsa"
2025,"Aston Villa","Premier League","Ian Maatsen","NED","DF","22",2002,29,10,1139,12.7,1,2,3,1,0,0,2,0,31,50,104,0.08,0.16,0.24,0.08,0.24,0.9,0.9,2.7,3.6,0.07,0.22,0.28,0.07,0.28,"https://fbref.com/en/players/cab9634e/Ian-Maatsen"
2025,"Aston Villa","Premier League","Donyell Malen","NED","FW","25",1999,14,2,305,3.4,3,0,3,3,0,0,0,0,12,6,30,0.89,0,0.89,0.89,0.89,2.2,2.2,0.2,2.4,0.64,0.05,0.69,0.64,0.69,"https://fbref.com/en/players/116c35df/Donyell-Malen"
2025,"Aston Villa","Premier League","Emiliano Martínez","ARG","GK","31",1992,37,37,3194,35.5,0,0,0,0,0,0,5,1,0,4,0,0,0,0,0,0,0,0,0.5,0.5,0,0.02,0.02,0,0.02,"https://fbref.com/en/players/7956236f/Emiliano-Martinez"
2025,"Aston Villa","Premier League","John McGinn","SCO","MF,FW","29",1994,34,27,2223,24.7,1,4,5,1,0,0,7,0,32,103,87,0.04,0.16,0.2,0.04,0.2,3.1,2.8,3.5,6.3,0.13,0.14,0.27,0.11,0.26,"https://fbref.com/en/players/90f91999/John-McGinn"
2025,"Aston Villa","Premier League","Tyrone Mings","ENG","DF","31",1993,14,12,1120,12.4,0,0,0,0,0,0,1,0,7,40,1,0,0,0,0,0,0.8,0.8,0.2,1,0.07,0.02,0.08,0.07,0.08,"https://fbref.com/en/players/8397a50c/Tyrone-Mings"
2025,"Aston Villa","Premier League","Kosta Nedeljković","SRB","DF","18",2005,5,0,126,1.4,0,0,0,0,0,0,0,0,1,6,0,0,0,0,0,0,0,0,0,0,0,0,0,0,0,"https://fbref.com/en/players/c70be9cf/Kosta-Nedeljkovic"
2025,"Aston Villa","Premier League","Robin Olsen","SWE","GK","34",1990,4,1,226,2.5,0,0,0,0,0,0,0,0,0,0,0,0,0,0,0,0,0,0,0,0,0,0,0,0,0,"https://fbref.com/en/players/e7ee38c3/Robin-Olsen"
2025,"Aston Villa","Premier League","Amadou Onana","BEL","MF","22",2001,26,20,1617,18,3,0,3,3,0,0,4,0,29,75,16,0.17,0,0.17,0.17,0.17,2.1,2.1,0.7,2.8,0.12,0.04,0.16,0.12,0.16,"https://fbref.com/en/players/828657ff/Amadou-Onana"
2025,"Aston Villa","Premier League","Jaden Philogene Bidace","ENG","FW,MF","22",2002,11,2,332,3.7,0,0,0,0,0,0,4,1,7,4,17,0,0,0,0,0,0.5,0.5,0.3,0.8,0.13,0.08,0.2,0.13,0.2,"https://fbref.com/en/players/19f4d211/Jaden-Philogene-Bidace"
2025,"Aston Villa","Premier League","Jacob Ramsey","ENG","FW,MF","23",2001,29,19,1623,18,1,3,4,1,0,0,4,1,61,68,114,0.06,0.17,0.22,0.06,0.22,1.6,1.6,2.3,3.9,0.09,0.13,0.22,0.09,0.22,"https://fbref.com/en/players/1544f145/Jacob-Ramsey"
2025,"Aston Villa","Premier League","Marcus Rashford","ENG","FW","26",1997,10,4,444,4.9,2,2,4,1,1,1,0,0,22,13,42,0.41,0.41,0.81,0.2,0.61,3.1,2.3,2.3,4.5,0.62,0.46,1.08,0.46,0.92,"https://fbref.com/en/players/a1d5bd30/Marcus-Rashford"
2025,"Aston Villa","Premier League","Morgan Rogers","ENG","FW,MF","22",2002,37,37,3114,34.6,8,10,18,8,0,0,10,0,114,123,188,0.23,0.29,0.52,0.23,0.52,6.6,6.6,7.8,14.4,0.19,0.23,0.42,0.19,0.42,"https://fbref.com/en/players/2e5915f1/Morgan-Rogers"
2025,"Aston Villa","Premier League","Youri Tielemans","BEL","MF","27",1997,36,35,3026,33.6,3,7,10,3,0,1,4,0,39,235,48,0.09,0.21,0.3,0.09,0.3,3.3,2.5,7,9.5,0.1,0.21,0.31,0.07,0.28,"https://fbref.com/en/players/56f7a928/Youri-Tielemans"
2025,"Aston Villa","Premier League","Pau Torres","ESP","DF","27",1997,24,23,2020,22.4,0,0,0,0,0,0,2,0,40,97,8,0,0,0,0,0,0.5,0.5,0.1,0.6,0.02,0.01,0.03,0.02,0.03,"https://fbref.com/en/players/532e1e4f/Pau-Torres"
2025,"Aston Villa","Premier League","Ollie Watkins","ENG","FW","28",1995,38,31,2598,28.9,16,8,24,14,2,2,2,0,55,31,165,0.55,0.28,0.83,0.48,0.76,15.3,13.8,3.3,17.1,0.53,0.12,0.65,0.48,0.59,"https://fbref.com/en/players/aed3a70f/Ollie-Watkins"
2025,"Bournemouth","Premier League","Max Aarons","ENG","DF","24",2000,3,1,86,1,0,0,0,0,0,0,0,0,1,8,3,0,0,0,0,0,0,0,0,0,0,0,0,0,0,"https://fbref.com/en/players/774cf58b/Max-Aarons"
2025,"Bournemouth","Premier League","Tyler Adams","USA","MF","25",1999,28,21,1965,21.8,0,3,3,0,0,0,7,0,14,76,10,0,0.14,0.14,0,0.14,1.6,1.6,1,2.6,0.07,0.05,0.12,0.07,0.12,"https://fbref.com/en/players/2b09d998/Tyler-Adams"
2025,"Bournemouth","Premier League","Julian Araujo","MEX","DF","22",2001,12,7,497,5.5,0,0,0,0,0,0,2,0,4,14,22,0,0,0,0,0,0,0,0.1,0.1,0,0.01,0.01,0,0.01,"https://fbref.com/en/players/8f4541c2/Julian-Araujo"
2025,"Bournemouth","Premier League","Kepa Arrizabalaga","ESP","GK","29",1994,31,31,2790,31,0,0,0,0,0,0,3,0,0,2,0,0,0,0,0,0,0.1,0.1,0,0.1,0,0,0,0,0,"https://fbref.com/en/players/28d596a0/Kepa-Arrizabalaga"
2025,"Bournemouth","Premier League","Philip Billing","DEN","MF","28",1996,10,1,184,2,0,0,0,0,0,0,1,0,3,15,13,0,0,0,0,0,0.6,0.6,1.1,1.7,0.28,0.54,0.82,0.28,0.82,"https://fbref.com/en/players/d328a254/Philip-Billing"
2025,"Bournemouth","Premier League","David Brooks","WAL","FW,MF","27",1997,29,9,960,10.7,2,0,2,2,0,0,3,0,35,35,83,0.19,0,0.19,0.19,0.19,2.5,2.5,1.9,4.4,0.24,0.18,0.41,0.24,0.41,"https://fbref.com/en/players/dc4cae05/David-Brooks"
2025,"Bournemouth","Premier League","Ryan Christie","SCO","MF","29",1995,29,27,2117,23.5,2,3,5,2,0,0,9,0,34,137,44,0.09,0.13,0.21,0.09,0.21,1.8,1.8,3.5,5.4,0.08,0.15,0.23,0.08,0.23,"https://fbref.com/en/players/26ce2263/Ryan-Christie"
2025,"Bournemouth","Premier League","Lewis Cook","ENG","MF,DF","27",1997,36,32,2978,33.1,1,3,4,1,0,0,8,1,33,158,52,0.03,0.09,0.12,0.03,0.12,0.9,0.9,4.1,5.1,0.03,0.12,0.15,0.03,0.15,"https://fbref.com/en/players/2afc7272/Lewis-Cook"
2025,"Bournemouth","Premier League","Evanilson","BRA","FW","24",1999,31,28,2319,25.8,10,1,11,10,0,1,1,1,29,28,99,0.39,0.04,0.43,0.39,0.43,12.5,11.7,1.9,13.6,0.48,0.07,0.56,0.45,0.53,"https://fbref.com/en/players/6f3cc2fe/Evanilson"
2025,"Bournemouth","Premier League","James Hill","ENG","DF","22",2002,10,6,448,5,0,1,1,0,0,0,1,0,3,16,8,0,0.2,0.2,0,0.2,0.3,0.3,0.3,0.6,0.06,0.05,0.11,0.06,0.11,"https://fbref.com/en/players/69942fb3/James-Hill"
2025,"Bournemouth","Premier League","Dean Huijsen","ESP","DF","19",2005,32,26,2427,27,3,2,5,3,0,0,10,0,41,132,10,0.11,0.07,0.19,0.11,0.19,1.9,1.9,2,3.9,0.07,0.08,0.14,0.07,0.14,"https://fbref.com/en/players/87278bce/Dean-Huijsen"
2025,"Bournemouth","Premier League","Daniel Jebbison","CAN","FW","20",2003,16,0,119,1.3,1,0,1,1,0,0,1,0,4,3,16,0.76,0,0.76,0.76,0.76,1,1,0.2,1.2,0.75,0.15,0.9,0.75,0.9,"https://fbref.com/en/players/03edb878/Daniel-Jebbison"
2025,"Bournemouth","Premier League","Milos Kerkez","HUN","DF","20",2003,38,38,3336,37.1,2,5,7,2,0,0,4,0,106,159,197,0.05,0.13,0.19,0.05,0.19,0.6,0.5,3.9,4.4,0.02,0.1,0.12,0.01,0.12,"https://fbref.com/en/players/0ad53bdc/Milos-Kerkez"
2025,"Bournemouth","Premier League","Justin Kluivert","NED","MF","25",1999,34,29,2340,26,12,6,18,6,6,6,8,0,81,105,173,0.46,0.23,0.69,0.23,0.46,10.3,5.6,4.8,10.5,0.4,0.19,0.58,0.22,0.4,"https://fbref.com/en/players/4c3a6744/Justin-Kluivert"
2025,"Bournemouth","Premier League","Neto","BRA","GK","35",1989,2,2,180,2,0,0,0,0,0,0,0,0,0,0,0,0,0,0,0,0,0,0,0,0,0,0,0,0,0,"https://fbref.com/en/players/a9dc785c/Neto"
2025,"Bournemouth","Premier League","Dango Ouattara","BFA","FW","22",2002,32,21,2005,22.3,7,4,11,7,0,0,3,0,79,43,191,0.31,0.18,0.49,0.31,0.49,8.4,8.4,5.5,13.8,0.38,0.25,0.62,0.38,0.62,"https://fbref.com/en/players/2f9e4435/Dango-Ouattara"
2025,"Bournemouth","Premier League","Remy Rees-Dottin","ENG","FW","18",2006,1,0,1,0,0,0,0,0,0,0,0,0,0,0,0,0,0,0,0,0,0,0,0,0,0,0,0,0,0,"https://fbref.com/en/players/1db75ccb/Remy-Rees-Dottin"
2025,"Bournemouth","Premier League","Alex Scott","ENG","MF","20",2003,20,8,755,8.4,0,0,0,0,0,0,3,0,15,52,33,0,0,0,0,0,0.7,0.7,0.9,1.6,0.09,0.11,0.19,0.09,0.19,"https://fbref.com/en/players/104d0bb8/Alex-Scott"
2025,"Bournemouth","Premier League","Antoine Semenyo","GHA","FW","24",2000,37,36,3203,35.6,11,5,16,11,0,0,9,0,140,109,282,0.31,0.14,0.45,0.31,0.45,10,10,5.8,15.8,0.28,0.16,0.44,0.28,0.44,"https://fbref.com/en/players/efd2ec23/Antoine-Semenyo"
2025,"Bournemouth","Premier League","Marcos Senesi","ARG","DF","27",1997,17,13,1106,12.3,0,0,0,0,0,0,5,0,12,62,7,0,0,0,0,0,0.8,0.8,0.2,1.1,0.07,0.02,0.09,0.07,0.09,"https://fbref.com/en/players/35141f4c/Marcos-Senesi"
2025,"Bournemouth","Premier League","Zain Silcott-Duberry","MSR","FW","19",2005,1,0,1,0,0,0,0,0,0,0,0,0,0,0,0,0,0,0,0,0,0,0,0,0,0,0,0,0,0,"https://fbref.com/en/players/2f5fa231/Zain-Silcott-Duberry"
2025,"Bournemouth","Premier League","Luis Sinisterra","COL","FW,MF","25",1999,12,1,236,2.6,1,1,2,1,0,0,0,0,19,6,38,0.38,0.38,0.76,0.38,0.76,1.2,1.2,1.4,2.6,0.46,0.54,1,0.46,1,"https://fbref.com/en/players/8e16dd48/Luis-Sinisterra"
2025,"Bournemouth","Premier League","Adam Smith","ENG","DF","33",1991,25,19,1590,17.7,0,0,0,0,0,0,7,0,15,49,34,0,0,0,0,0,0.7,0.7,0.4,1.1,0.04,0.02,0.06,0.04,0.06,"https://fbref.com/en/players/20b104bc/Adam-Smith"
2025,"Bournemouth","Premier League","Julio Soler","ARG","DF,FW","19",2005,3,0,11,0.1,0,0,0,0,0,0,0,0,0,0,2,0,0,0,0,0,0,0,0,0,0,0,0,0,0,"https://fbref.com/en/players/98c8559a/Julio-Soler"
2025,"Bournemouth","Premier League","Marcus Tavernier","ENG","FW,MF","25",1999,29,20,1939,21.5,3,5,8,3,0,0,6,0,53,128,129,0.14,0.23,0.37,0.14,0.37,5.5,5.5,4,9.5,0.25,0.19,0.44,0.25,0.44,"https://fbref.com/en/players/5c0da4a4/Marcus-Tavernier"
2025,"Bournemouth","Premier League","Mark Travers","IRL","GK","25",1999,5,5,450,5,0,0,0,0,0,0,0,0,0,0,0,0,0,0,0,0,0,0,0,0,0,0,0,0,0,"https://fbref.com/en/players/fe558029/Mark-Travers"
2025,"Bournemouth","Premier League","Enes Ünal","TUR","FW,MF","27",1997,17,2,345,3.8,2,1,3,2,0,0,2,0,4,12,22,0.52,0.26,0.78,0.52,0.78,2.7,2.7,0.4,3.1,0.72,0.1,0.82,0.72,0.82,"https://fbref.com/en/players/f8eca1b6/Enes-Unal"
2025,"Bournemouth","Premier League","Ben Winterburn","ENG","MF,FW","19",2004,4,0,24,0.3,0,0,0,0,0,0,0,0,2,0,2,0,0,0,0,0,0,0,0,0,0,0,0,0,0,"https://fbref.com/en/players/ba31eee2/Ben-Winterburn"
2025,"Bournemouth","Premier League","Illia Zabarnyi","UKR","DF","21",2002,36,35,3109,34.5,0,1,1,0,0,0,4,1,27,140,4,0,0.03,0.03,0,0.03,1.3,1.3,0.7,2,0.04,0.02,0.06,0.04,0.06,"https://fbref.com/en/players/88968486/Illia-Zabarnyi"
2025,"Brentford","Premier League","Kristoffer Ajer","NOR","DF","26",1998,24,17,1438,16,0,0,0,0,0,0,5,0,27,56,44,0,0,0,0,0,1,1,1.2,2.2,0.06,0.08,0.14,0.06,0.14,"https://fbref.com/en/players/a8c0acb7/Kristoffer-Ajer"
2025,"Brentford","Premier League","Fabio Carvalho","POR","FW,MF","21",2002,19,3,455,5.1,2,1,3,2,0,0,1,0,9,17,23,0.4,0.2,0.59,0.4,0.59,2.5,2.5,0.7,3.2,0.49,0.13,0.62,0.49,0.62,"https://fbref.com/en/players/966e28d0/Fabio-Carvalho"
2025,"Brentford","Premier League","Nathan Collins","IRL","DF","23",2001,38,38,3420,38,2,3,5,2,0,0,5,0,32,127,18,0.05,0.08,0.13,0.05,0.13,2.5,2.5,1.8,4.3,0.07,0.05,0.11,0.07,0.11,"https://fbref.com/en/players/a8c19eb8/Nathan-Collins"
2025,"Brentford","Premier League","Mikkel Damsgaard","DEN","MF,FW","24",2000,38,34,2911,32.3,2,10,12,2,0,0,2,0,73,234,137,0.06,0.31,0.37,0.06,0.37,2.8,2.8,8.4,11.2,0.09,0.26,0.35,0.09,0.35,"https://fbref.com/en/players/215f3907/Mikkel-Damsgaard"
2025,"Brentford","Premier League","Sepp van den Berg","NED","DF","22",2001,31,29,2586,28.7,0,0,0,0,0,0,3,0,12,79,28,0,0,0,0,0,2,2,0.8,2.8,0.07,0.03,0.1,0.07,0.1,"https://fbref.com/en/players/7bf9400b/Sepp-van-den-Berg"
2025,"Brentford","Premier League","Yunus Emre Konak","TUR","FW,MF","18",2006,10,0,42,0.5,0,0,0,0,0,0,0,0,1,2,2,0,0,0,0,0,0.2,0.2,0,0.2,0.33,0,0.33,0.33,0.33,"https://fbref.com/en/players/e02b5b36/Yunus-Emre-Konak"
2025,"Brentford","Premier League","Mark Flekken","NED","GK","31",1993,37,37,3275,36.4,0,2,2,0,0,0,1,0,0,0,0,0,0.05,0.05,0,0.05,0,0,0.5,0.5,0,0.01,0.01,0,0.01,"https://fbref.com/en/players/a92ab7be/Mark-Flekken"
2025,"Brentford","Premier League","Rico Henry","ENG","DF","27",1997,5,0,99,1.1,0,0,0,0,0,0,0,0,0,4,5,0,0,0,0,0,0,0,0,0,0,0,0,0,0,"https://fbref.com/en/players/8a3c1dc7/Rico-Henry"
2025,"Brentford","Premier League","Vitaly Janelt","GER","MF","26",1998,32,27,2254,25,1,3,4,1,0,0,3,0,17,80,38,0.04,0.12,0.16,0.04,0.16,0.8,0.8,2.2,3,0.03,0.09,0.12,0.03,0.12,"https://fbref.com/en/players/8449d35e/Vitaly-Janelt"
2025,"Brentford","Premier League","Mathias Jensen","DEN","MF","28",1996,24,8,862,9.6,0,2,2,0,0,0,2,0,6,61,27,0,0.21,0.21,0,0.21,0.2,0.2,1.7,1.9,0.03,0.17,0.2,0.03,0.2,"https://fbref.com/en/players/0f134faf/Mathias-Jensen"
2025,"Brentford","Premier League","Kim Jisoo","KOR","DF","19",2004,3,0,30,0.3,0,0,0,0,0,0,0,0,0,2,0,0,0,0,0,0,0,0,0,0,0,0,0,0,0,"https://fbref.com/en/players/f4065d9e/Kim-Jisoo"
2025,"Brentford","Premier League","Michael Kayode","ITA","DF","20",2004,12,6,528,5.9,0,1,1,0,0,0,2,0,12,12,24,0,0.17,0.17,0,0.17,0.2,0.2,1.2,1.5,0.04,0.21,0.25,0.04,0.25,"https://fbref.com/en/players/e19660a8/Michael-Kayode"
2025,"Brentford","Premier League","Keane Lewis-Potter","ENG","DF,FW","23",2001,38,36,3093,34.4,1,3,4,1,0,0,7,0,98,98,156,0.03,0.09,0.12,0.03,0.12,3.1,3.1,3.2,6.3,0.09,0.09,0.18,0.09,0.18,"https://fbref.com/en/players/41f08ac8/Keane-Lewis-Potter"
2025,"Brentford","Premier League","Edmond-Paris Maghoma","ENG","MF,FW","23",2001,8,0,119,1.3,0,0,0,0,0,0,0,0,4,13,4,0,0,0,0,0,0.1,0.1,0.1,0.2,0.09,0.08,0.17,0.09,0.17,"https://fbref.com/en/players/8a3ddcd2/Edmond-Paris-Maghoma"
2025,"Brentford","Premier League","Bryan Mbeumo","CMR","FW","24",1999,38,38,3414,37.9,20,7,27,15,5,6,3,0,130,141,351,0.53,0.18,0.71,0.4,0.58,12.3,7.5,8.3,15.9,0.32,0.22,0.54,0.2,0.42,"https://fbref.com/en/players/6afaebf2/Bryan-Mbeumo"
2025,"Brentford","Premier League","Ben Mee","ENG","DF","34",1989,7,2,183,2,0,0,0,0,0,0,2,0,3,11,2,0,0,0,0,0,0,0,0,0,0,0,0,0,0,"https://fbref.com/en/players/8df7a2fb/Ben-Mee"
2025,"Brentford","Premier League","Jayden Meghoma","ENG","DF","18",2006,1,0,5,0.1,0,0,0,0,0,0,0,0,0,0,0,0,0,0,0,0,0,0,0,0,0,0,0,0,0,"https://fbref.com/en/players/07382f6c/Jayden-Meghoma"
2025,"Brentford","Premier League","Gustavo Nunes","BRA","FW,MF","18",2005,3,0,12,0.1,0,0,0,0,0,0,0,0,1,0,0,0,0,0,0,0,0,0,0,0,0,0,0,0,0,"https://fbref.com/en/players/e504780f/Gustavo-Nunes"
2025,"Brentford","Premier League","Christian Nørgaard","DEN","MF","30",1994,34,34,2819,31.3,5,4,9,5,0,0,8,1,14,154,42,0.16,0.13,0.29,0.16,0.29,4.3,4.3,1.3,5.6,0.14,0.04,0.18,0.14,0.18,"https://fbref.com/en/players/df0a4c90/Christian-Norgaard"
2025,"Brentford","Premier League","Frank Onyeka","NGA","MF","26",1998,2,0,25,0.3,0,0,0,0,0,0,0,0,0,1,0,0,0,0,0,0,0,0,0,0,0,0,0,0,0,"https://fbref.com/en/players/2944f86f/Frank-Onyeka"
2025,"Brentford","Premier League","Ethan Pinnock","JAM","DF","31",1993,22,21,1913,21.3,2,0,2,2,0,0,2,0,3,41,9,0.09,0,0.09,0.09,0.09,1.1,1.1,1.2,2.3,0.05,0.05,0.11,0.05,0.11,"https://fbref.com/en/players/e541326e/Ethan-Pinnock"
2025,"Brentford","Premier League","Hákon Rafn Valdimarsson","ISL","GK","22",2001,2,1,145,1.6,0,0,0,0,0,0,0,0,0,0,0,0,0,0,0,0,0,0,0,0,0,0,0,0,0,"https://fbref.com/en/players/57a34cf4/Hakon-Rafn-Valdimarsson"
2025,"Brentford","Premier League","Mads Roerslev","DEN","DF","25",1999,19,11,1101,12.2,0,2,2,0,0,0,2,0,17,51,54,0,0.16,0.16,0,0.16,0.2,0.2,3,3.2,0.02,0.24,0.26,0.02,0.26,"https://fbref.com/en/players/57c94db2/Mads-Roerslev"
2025,"Brentford","Premier League","Kevin Schade","GER","FW","22",2001,38,26,2293,25.5,11,2,13,11,0,0,3,0,61,38,165,0.43,0.08,0.51,0.43,0.51,8.2,8.2,3.7,11.9,0.32,0.14,0.47,0.32,0.47,"https://fbref.com/en/players/52afb588/Kevin-Schade"
2025,"Brentford","Premier League","Thiago","BRA","FW,MF","23",2001,8,1,175,1.9,0,0,0,0,0,0,0,0,3,4,8,0,0,0,0,0,0.1,0.1,0.1,0.2,0.07,0.04,0.1,0.07,0.1,"https://fbref.com/en/players/dc45ac24/Thiago"
2025,"Brentford","Premier League","Ryan Trevitt","ENG","MF","21",2003,1,0,4,0,0,0,0,0,0,0,0,0,0,0,1,0,0,0,0,0,0,0,0,0,0,0,0,0,0,"https://fbref.com/en/players/732327ae/Ryan-Trevitt"
2025,"Brentford","Premier League","Yoane Wissa","COD","FW","27",1996,35,34,2919,32.4,19,4,23,19,0,0,5,0,60,67,154,0.59,0.12,0.71,0.59,0.71,18.5,18.5,2.6,21.1,0.57,0.08,0.65,0.57,0.65,"https://fbref.com/en/players/2500cef9/Yoane-Wissa"
2025,"Brentford","Premier League","Yehor Yarmoliuk","UKR","MF","20",2004,31,15,1450,16.1,0,0,0,0,0,0,6,0,15,63,47,0,0,0,0,0,0.6,0.6,0.9,1.5,0.04,0.05,0.09,0.04,0.09,"https://fbref.com/en/players/907a5d7c/Yehor-Yarmoliuk"
2025,"Brighton","Premier League","Simon Adingra","CIV","FW,MF","22",2002,29,12,1097,12.2,2,2,4,2,0,0,0,0,50,18,136,0.16,0.16,0.33,0.16,0.33,2.5,2.5,2.5,4.9,0.2,0.2,0.4,0.2,0.4,"https://fbref.com/en/players/4dcec659/Simon-Adingra"
2025,"Brighton","Premier League","Yasin Ayari","SWE","MF","20",2003,34,22,1965,21.8,2,1,3,2,0,0,3,0,30,75,61,0.09,0.05,0.14,0.09,0.14,2.4,2.4,2.3,4.8,0.11,0.11,0.22,0.11,0.22,"https://fbref.com/en/players/f173303a/Yasin-Ayari"
2025,"Brighton","Premier League","Carlos Baleba","CMR","MF","20",2004,34,31,2661,29.6,3,1,4,3,0,0,8,1,43,118,29,0.1,0.03,0.14,0.1,0.14,3.1,3.1,1.3,4.4,0.1,0.05,0.15,0.1,0.15,"https://fbref.com/en/players/a1390d2f/Carlos-Baleba"
2025,"Brighton","Premier League","Eiran Cashin","IRL","DF","22",2001,2,0,20,0.2,0,0,0,0,0,0,0,0,0,6,1,0,0,0,0,0,0,0,0,0,0,0,0,0,0,"https://fbref.com/en/players/f557c3b8/Eiran-Cashin"
2025,"Brighton","Premier League","Lewis Dunk","ENG","DF","32",1991,25,23,2083,23.1,0,0,0,0,0,0,5,0,20,142,3,0,0,0,0,0,0.8,0.8,0.5,1.3,0.03,0.02,0.06,0.03,0.06,"https://fbref.com/en/players/282f75f3/Lewis-Dunk"
2025,"Brighton","Premier League","Julio Enciso","PAR","MF,FW","20",2004,12,2,294,3.3,0,0,0,0,0,0,0,0,11,14,17,0,0,0,0,0,1,1,0.2,1.2,0.31,0.07,0.38,0.31,0.38,"https://fbref.com/en/players/9cfbad36/Julio-Enciso"
2025,"Brighton","Premier League","Pervis Estupiñán","ECU","DF","26",1998,30,26,2402,26.7,1,1,2,1,0,0,5,0,59,132,112,0.04,0.04,0.07,0.04,0.07,1.2,1.2,2.1,3.3,0.04,0.08,0.12,0.04,0.12,"https://fbref.com/en/players/d38fdf53/Pervis-Estupinan"
2025,"Brighton","Premier League","Evan Ferguson","IRL","FW","19",2004,13,2,246,2.7,1,0,1,1,0,0,0,0,2,1,9,0.37,0,0.37,0.37,0.37,0.5,0.5,0.4,1,0.2,0.15,0.35,0.2,0.35,"https://fbref.com/en/players/4596da74/Evan-Ferguson"
2025,"Brighton","Premier League","Billy Gilmour","SCO","MF","23",2001,2,1,98,1.1,0,0,0,0,0,0,0,0,2,11,2,0,0,0,0,0,0.1,0.1,0,0.1,0.07,0,0.07,0.07,0.07,"https://fbref.com/en/players/df10e27c/Billy-Gilmour"
2025,"Brighton","Premier League","Diego Gómez","PAR","MF","21",2003,16,4,516,5.7,1,0,1,1,0,0,0,0,8,27,23,0.17,0,0.17,0.17,0.17,0.9,0.9,0.7,1.6,0.15,0.13,0.28,0.15,0.28,"https://fbref.com/en/players/916728da/Diego-Gomez"
2025,"Brighton","Premier League","Brajan Gruda","GER","MF,FW","20",2004,21,8,687,7.6,1,4,5,1,0,0,0,0,22,26,57,0.13,0.52,0.66,0.13,0.66,1.2,1.2,2.1,3.3,0.16,0.28,0.43,0.16,0.43,"https://fbref.com/en/players/ae9b998d/Brajan-Gruda"
2025,"Brighton","Premier League","Jan Paul van Hecke","NED","DF","24",2000,34,33,2958,32.9,1,1,2,1,0,0,8,1,55,228,5,0.03,0.03,0.06,0.03,0.06,1.3,1.3,1.5,2.8,0.04,0.05,0.09,0.04,0.09,"https://fbref.com/en/players/4fd08daa/Jan-Paul-van-Hecke"
2025,"Brighton","Premier League","Jack Hinshelwood","ENG","MF,DF","19",2005,26,22,1842,20.5,5,2,7,5,0,0,5,0,19,68,54,0.24,0.1,0.34,0.24,0.34,2.7,2.7,1.5,4.2,0.13,0.07,0.21,0.13,0.21,"https://fbref.com/en/players/e98211e7/Jack-Hinshelwood"
2025,"Brighton","Premier League","Harry Howell","ENG","FW","15",2008,1,0,7,0.1,0,0,0,0,0,0,0,0,0,0,3,0,0,0,0,0,0,0,0,0,0,0,0,0,0,"https://fbref.com/en/players/d8a7e52c/Harry-Howell"
2025,"Brighton","Premier League","Igor","BRA","DF","26",1998,13,10,961,10.7,0,0,0,0,0,0,4,0,9,49,1,0,0,0,0,0,0,0,0.2,0.2,0,0.02,0.02,0,0.02,"https://fbref.com/en/players/a4e85758/Igor"
2025,"Brighton","Premier League","João Pedro","BRA","FW,MF","22",2001,27,23,1948,21.6,10,6,16,5,5,5,4,1,66,78,128,0.46,0.28,0.74,0.23,0.51,8.9,5,5,10,0.41,0.23,0.64,0.23,0.46,"https://fbref.com/en/players/e8832875/Joao-Pedro"
2025,"Brighton","Premier League","Ferdi Kadioglu","TUR","DF,MF","24",1999,6,5,385,4.3,1,0,1,1,0,0,1,0,1,15,27,0.23,0,0.23,0.23,0.23,0.4,0.4,0.2,0.6,0.1,0.04,0.14,0.1,0.14,"https://fbref.com/en/players/66c52a77/Ferdi-Kadioglu"
2025,"Brighton","Premier League","Tariq Lamptey","GHA","DF","23",2000,15,10,860,9.6,2,2,4,2,0,0,0,0,32,14,45,0.21,0.21,0.42,0.21,0.42,0.4,0.4,0.8,1.2,0.04,0.08,0.12,0.04,0.12,"https://fbref.com/en/players/f4e433d4/Tariq-Lamptey"
2025,"Brighton","Premier League","Solly March","ENG","FW,MF","30",1994,8,1,168,1.9,0,0,0,0,0,0,2,0,5,2,20,0,0,0,0,0,0.1,0.1,0.3,0.4,0.05,0.15,0.19,0.05,0.19,"https://fbref.com/en/players/bb5fbd2b/Solly-March"
2025,"Brighton","Premier League","James Milner","ENG","MF","38",1986,4,3,170,1.9,0,0,0,0,0,0,1,0,1,10,10,0,0,0,0,0,0.2,0.2,0.2,0.4,0.09,0.12,0.21,0.09,0.21,"https://fbref.com/en/players/2f90f6b8/James-Milner"
2025,"Brighton","Premier League","Yankuba Minteh","GAM","FW,MF","20",2004,32,20,1838,20.4,6,4,10,6,0,0,6,0,90,48,201,0.29,0.2,0.49,0.29,0.49,4.1,4.1,5,9.1,0.2,0.24,0.44,0.2,0.44,"https://fbref.com/en/players/c3cf087d/Yankuba-Minteh"
2025,"Brighton","Premier League","Kaoru Mitoma","JPN","FW,MF","27",1997,36,28,2603,28.9,10,4,14,10,0,0,1,0,146,89,291,0.35,0.14,0.48,0.35,0.48,9.2,9.2,4.6,13.8,0.32,0.16,0.48,0.32,0.48,"https://fbref.com/en/players/74618572/Kaoru-Mitoma"
2025,"Brighton","Premier League","Jakub Moder","POL","MF","25",1999,4,0,11,0.1,0,0,0,0,0,0,0,0,2,4,0,0,0,0,0,0,0,0,0.2,0.2,0,1.45,1.45,0,1.45,"https://fbref.com/en/players/f230bc30/Jakub-Moder"
2025,"Brighton","Premier League","Matt O'Riley","DEN","MF","23",2000,21,11,938,10.4,2,2,4,1,1,1,1,0,22,38,52,0.19,0.19,0.38,0.1,0.29,2.8,2,2.4,4.4,0.27,0.23,0.5,0.2,0.42,"https://fbref.com/en/players/fb495bb8/Matt-ORiley"
2025,"Brighton","Premier League","Georginio Rutter","FRA","MF,FW","22",2002,28,19,1656,18.4,5,3,8,5,0,0,2,0,42,67,79,0.27,0.16,0.43,0.27,0.43,4.6,4.6,2.5,7.1,0.25,0.14,0.39,0.25,0.39,"https://fbref.com/en/players/c64c01fc/Georginio-Rutter"
2025,"Brighton","Premier League","Jeremy Sarmiento","ECU","MF","22",2002,1,0,9,0.1,0,0,0,0,0,0,0,0,0,0,2,0,0,0,0,0,0,0,0,0,0,0,0,0,0,"https://fbref.com/en/players/ac0d576d/Jeremy-Sarmiento"
2025,"Brighton","Premier League","Jason Steele","ENG","GK","33",1990,2,2,180,2,0,0,0,0,0,0,0,0,0,0,0,0,0,0,0,0,0,0,0,0,0,0,0,0,0,"https://fbref.com/en/players/28300a16/Jason-Steele"
2025,"Brighton","Premier League","Joël Veltman","NED","DF","32",1992,21,19,1697,18.9,0,0,0,0,0,0,5,0,32,85,34,0,0,0,0,0,0.5,0.5,0.5,0.9,0.02,0.02,0.05,0.02,0.05,"https://fbref.com/en/players/dad4b285/Joel-Veltman"
2025,"Brighton","Premier League","Bart Verbruggen","NED","GK","21",2002,36,36,3240,36,0,1,1,0,0,0,5,0,0,2,0,0,0.03,0.03,0,0.03,0,0,0,0,0,0,0,0,0,"https://fbref.com/en/players/cf134113/Bart-Verbruggen"
2025,"Brighton","Premier League","Adam Webster","ENG","DF","29",1995,14,11,887,9.9,0,0,0,0,0,0,1,0,8,63,2,0,0,0,0,0,0.2,0.2,0.5,0.7,0.03,0.05,0.08,0.03,0.08,"https://fbref.com/en/players/c40b6180/Adam-Webster"
2025,"Brighton","Premier League","Danny Welbeck","ENG","FW","33",1990,30,24,2115,23.5,10,4,14,9,1,1,5,0,21,47,95,0.43,0.17,0.6,0.38,0.55,9.6,8.8,1.4,10.1,0.41,0.06,0.46,0.37,0.43,"https://fbref.com/en/players/ce5143da/Danny-Welbeck"
2025,"Brighton","Premier League","Mats Wieffer","NED","DF,MF","24",1999,25,10,1015,11.3,1,3,4,1,0,0,6,0,18,62,23,0.09,0.27,0.35,0.09,0.35,0.8,0.8,1.6,2.4,0.07,0.14,0.21,0.07,0.21,"https://fbref.com/en/players/4876c9ab/Mats-Wieffer"
2025,"Chelsea","Premier League","Joshua Acheampong","ENG","DF","18",2006,4,2,170,1.9,0,0,0,0,0,0,1,0,0,8,0,0,0,0,0,0,0.2,0.2,0,0.2,0.12,0,0.12,0.12,0.12,"https://fbref.com/en/players/b7e62e1d/Joshua-Acheampong"
2025,"Chelsea","Premier League","Tosin Adarabioyo","ENG","DF","26",1997,22,15,1409,15.7,1,1,2,1,0,0,4,0,5,42,1,0.06,0.06,0.13,0.06,0.13,0.9,0.9,0.2,1.2,0.06,0.01,0.07,0.06,0.07,"https://fbref.com/en/players/c81d773d/Tosin-Adarabioyo"
2025,"Chelsea","Premier League","Mathis Amougou","FRA","MF","18",2006,1,0,8,0.1,0,0,0,0,0,0,0,0,0,1,0,0,0,0,0,0,0,0,0,0,0,0,0,0,0,"https://fbref.com/en/players/f93cca97/Mathis-Amougou"
2025,"Chelsea","Premier League","Benoît Badiashile","FRA","DF","23",2001,5,3,334,3.7,0,0,0,0,0,0,0,0,3,17,2,0,0,0,0,0,0,0,0,0,0,0,0,0,0,"https://fbref.com/en/players/06df8256/Benoit-Badiashile"
2025,"Chelsea","Premier League","Moisés Caicedo","ECU","MF,DF","22",2001,38,38,3351,37.2,1,2,3,1,0,0,11,0,43,215,37,0.03,0.05,0.08,0.03,0.08,0.8,0.8,3,3.8,0.02,0.08,0.1,0.02,0.1,"https://fbref.com/en/players/16264a81/Moises-Caicedo"
2025,"Chelsea","Premier League","Trevoh Chalobah","ENG","DF","25",1999,13,11,910,10.1,0,1,1,0,0,0,2,0,4,37,2,0,0.1,0.1,0,0.1,0.8,0.8,1.2,2,0.08,0.12,0.19,0.08,0.19,"https://fbref.com/en/players/5515376c/Trevoh-Chalobah"
2025,"Chelsea","Premier League","Levi Colwill","ENG","DF","21",2003,35,35,3149,35,2,1,3,2,0,0,9,0,14,131,12,0.06,0.03,0.09,0.06,0.09,1.9,1.9,1.1,3,0.05,0.03,0.09,0.05,0.09,"https://fbref.com/en/players/700783e7/Levi-Colwill"
2025,"Chelsea","Premier League","Marc Cucurella","ESP","DF","26",1998,36,33,2988,33.2,5,1,6,5,0,0,10,1,35,118,117,0.15,0.03,0.18,0.15,0.18,2.8,2.8,2.1,4.9,0.08,0.06,0.15,0.08,0.15,"https://fbref.com/en/players/1daec722/Marc-Cucurella"
2025,"Chelsea","Premier League","Kiernan Dewsbury-Hall","ENG","MF,FW","25",1998,13,2,264,2.9,0,1,1,0,0,0,0,0,5,14,11,0,0.34,0.34,0,0.34,0.2,0.2,1.1,1.3,0.08,0.36,0.44,0.08,0.44,"https://fbref.com/en/players/5c74c0f5/Kiernan-Dewsbury-Hall"
2025,"Chelsea","Premier League","Axel Disasi","FRA","DF","26",1998,6,4,364,4,1,0,1,1,0,0,1,0,6,16,2,0.25,0,0.25,0.25,0.25,0.3,0.3,0.1,0.4,0.07,0.02,0.09,0.07,0.09,"https://fbref.com/en/players/ad82197c/Axel-Disasi"
2025,"Chelsea","Premier League","João Félix","POR","FW,MF","24",1999,12,3,369,4.1,1,1,2,1,0,0,2,0,21,26,30,0.24,0.24,0.49,0.24,0.49,2.2,2.2,1,3.2,0.54,0.23,0.78,0.54,0.78,"https://fbref.com/en/players/8aafd64f/Joao-Felix"
2025,"Chelsea","Premier League","Enzo Fernández","ARG","MF","23",2001,36,32,2947,32.7,6,7,13,6,0,0,8,0,60,212,126,0.18,0.21,0.4,0.18,0.4,6.1,6.1,6.8,12.9,0.19,0.21,0.39,0.19,0.39,"https://fbref.com/en/players/5ff4ab71/Enzo-Fernandez"
2025,"Chelsea","Premier League","Wesley Fofana","FRA","DF","23",2000,14,14,1172,13,0,0,0,0,0,0,7,0,19,32,4,0,0,0,0,0,0.4,0.4,0.4,0.8,0.03,0.03,0.07,0.03,0.06,"https://fbref.com/en/players/132a82f1/Wesley-Fofana"
2025,"Chelsea","Premier League","Tyrique George","ENG","FW","18",2006,8,1,183,2,1,1,2,1,0,0,1,0,9,3,22,0.49,0.49,0.98,0.49,0.98,0.2,0.2,0.7,0.9,0.1,0.36,0.46,0.1,0.46,"https://fbref.com/en/players/e6f7797e/Tyrique-George"
2025,"Chelsea","Premier League","Marc Guiu","ESP","FW","18",2006,3,0,73,0.8,0,0,0,0,0,0,0,0,0,0,3,0,0,0,0,0,0,0,0,0,0,0.04,0.04,0,0.04,"https://fbref.com/en/players/d3d774cc/Marc-Guiu"
2025,"Chelsea","Premier League","Malo Gusto","FRA","DF","21",2003,32,19,1862,20.7,0,1,1,0,0,0,4,0,50,119,85,0,0.05,0.05,0,0.05,1.7,1.7,1.4,3.1,0.08,0.07,0.15,0.08,0.15,"https://fbref.com/en/players/d56b9520/Malo-Gusto"
2025,"Chelsea","Premier League","Nicolas Jackson","SEN","FW","23",2001,30,28,2220,24.7,10,5,15,10,0,0,7,1,47,38,129,0.41,0.2,0.61,0.41,0.61,12.3,12.3,4.3,16.6,0.5,0.17,0.67,0.5,0.67,"https://fbref.com/en/players/9c36ed83/Nicolas-Jackson"
2025,"Chelsea","Premier League","Reece James","ENG","DF,MF","24",1999,19,12,1063,11.8,1,1,2,1,0,0,1,0,7,64,12,0.08,0.08,0.17,0.08,0.17,0.4,0.4,0.7,1.1,0.04,0.06,0.1,0.04,0.1,"https://fbref.com/en/players/1265a93a/Reece-James"
2025,"Chelsea","Premier League","Filip Jørgensen","DEN","GK","22",2002,6,6,540,6,0,0,0,0,0,0,0,0,0,0,0,0,0,0,0,0,0,0,0,0,0,0,0,0,0,"https://fbref.com/en/players/0107757e/Filip-Jorgensen"
2025,"Chelsea","Premier League","Roméo Lavia","BEL","MF","20",2004,16,11,797,8.9,0,1,1,0,0,0,4,0,3,31,7,0,0.11,0.11,0,0.11,0.3,0.3,0.7,1,0.03,0.08,0.11,0.03,0.11,"https://fbref.com/en/players/ecad9aa5/Romeo-Lavia"
2025,"Chelsea","Premier League","Noni Madueke","ENG","FW","22",2002,32,27,2033,22.6,7,3,10,7,0,0,3,0,154,69,226,0.31,0.13,0.44,0.31,0.44,9.6,9.6,4.2,13.9,0.43,0.19,0.61,0.43,0.61,"https://fbref.com/en/players/bf34eebd/Noni-Madueke"
2025,"Chelsea","Premier League","Shumaira Mheuka","ENG","MF","16",2007,1,0,1,0,0,0,0,0,0,0,0,0,0,0,0,0,0,0,0,0,0.1,0.1,0,0.1,5.06,0,5.06,5.06,5.06,"https://fbref.com/en/players/43d0b694/Shumaira-Mheuka"
2025,"Chelsea","Premier League","Mykhailo Mudryk","UKR","FW","23",2001,7,1,151,1.7,0,0,0,0,0,0,0,0,7,5,12,0,0,0,0,0,0.3,0.3,1,1.2,0.15,0.58,0.73,0.15,0.73,"https://fbref.com/en/players/049a888d/Mykhailo-Mudryk"
2025,"Chelsea","Premier League","Pedro Neto","POR","FW","24",2000,35,24,2269,25.2,4,6,10,4,0,0,8,0,126,60,253,0.16,0.24,0.4,0.16,0.4,3.5,3.5,6.7,10.2,0.14,0.27,0.4,0.14,0.4,"https://fbref.com/en/players/7ba2eaa9/Pedro-Neto"
2025,"Chelsea","Premier League","Christopher Nkunku","FRA","FW","26",1997,27,9,921,10.2,3,2,5,3,0,0,2,0,17,25,68,0.29,0.2,0.49,0.29,0.49,4.8,4.8,2.1,6.9,0.47,0.21,0.68,0.47,0.67,"https://fbref.com/en/players/7c56da38/Christopher-Nkunku"
2025,"Chelsea","Premier League","Cole Palmer","ENG","MF,FW","22",2002,37,36,3191,35.5,15,8,23,11,4,5,7,0,120,214,187,0.42,0.23,0.65,0.31,0.54,17.3,13.3,10.9,24.2,0.49,0.31,0.79,0.38,0.68,"https://fbref.com/en/players/dc7f8a28/Cole-Palmer"
2025,"Chelsea","Premier League","Robert Sánchez","ESP","GK","26",1997,32,32,2880,32,0,0,0,0,0,0,5,0,0,1,0,0,0,0,0,0,0,0,0.1,0.1,0,0,0,0,0,"https://fbref.com/en/players/6a713852/Robert-Sanchez"
2025,"Chelsea","Premier League","Jadon Sancho","ENG","FW","24",2000,31,19,1764,19.6,3,4,7,3,0,0,2,0,102,90,225,0.15,0.2,0.36,0.15,0.36,2.2,2.2,3.7,5.8,0.11,0.19,0.3,0.11,0.3,"https://fbref.com/en/players/dbf053da/Jadon-Sancho"
2025,"Chelsea","Premier League","Renato Veiga","POR","DF,MF","21",2003,7,1,181,2,0,0,0,0,0,0,2,0,4,7,3,0,0,0,0,0,0.1,0.1,0,0.1,0.07,0,0.07,0.07,0.07,"https://fbref.com/en/players/fc8fcbd1/Renato-Veiga"
2025,"Crystal Palace","Premier League","Asher Agbinone","ENG","MF","18",2005,2,0,6,0.1,0,0,0,0,0,0,0,0,2,0,1,0,0,0,0,0,0,0,0,0.1,0.29,0.5,0.79,0.29,0.79,"https://fbref.com/en/players/6a10efb3/Asher-Agbinone"
2025,"Crystal Palace","Premier League","Joachim Andersen","DEN","DF","28",1996,1,1,90,1,0,0,0,0,0,0,1,0,1,4,1,0,0,0,0,0,0,0,0,0,0.04,0,0.04,0.04,0.04,"https://fbref.com/en/players/e34fc66d/Joachim-Andersen"
2025,"Crystal Palace","Premier League","Jordan Ayew","GHA","FW,MF","32",1991,1,0,21,0.2,0,0,0,0,0,0,1,0,0,0,1,0,0,0,0,0,0.5,0.5,0,0.5,1.96,0.21,2.17,1.96,2.17,"https://fbref.com/en/players/da052c14/Jordan-Ayew"
2025,"Crystal Palace","Premier League","Trevoh Chalobah","ENG","DF","25",1999,12,12,1060,11.8,3,0,3,3,0,0,1,0,11,34,6,0.25,0,0.25,0.25,0.25,1.2,1.2,0.4,1.6,0.1,0.03,0.14,0.1,0.14,"https://fbref.com/en/players/5515376c/Trevoh-Chalobah"
2025,"Crystal Palace","Premier League","Ben Chilwell","ENG","DF","27",1996,8,1,259,2.9,1,0,1,1,0,0,1,0,5,8,15,0.35,0,0.35,0.35,0.35,0.2,0.2,0.8,1,0.08,0.26,0.34,0.08,0.34,"https://fbref.com/en/players/d2424d1b/Ben-Chilwell"
2025,"Crystal Palace","Premier League","Nathaniel Clyne","ENG","DF,MF","33",1991,13,5,483,5.4,0,0,0,0,0,0,1,0,6,7,8,0,0,0,0,0,0,0,0.3,0.3,0,0.06,0.06,0,0.06,"https://fbref.com/en/players/0442183b/Nathaniel-Clyne"
2025,"Crystal Palace","Premier League","Justin Devenny","NIR","MF","20",2003,23,4,507,5.6,1,1,2,1,0,0,1,0,5,21,13,0.18,0.18,0.36,0.18,0.36,0.8,0.8,0.6,1.4,0.14,0.11,0.25,0.14,0.25,"https://fbref.com/en/players/6c2b66fc/Justin-Devenny"
2025,"Crystal Palace","Premier League","Cheick Doucouré","MLI","MF","24",2000,13,4,452,5,0,0,0,0,0,0,1,0,2,19,7,0,0,0,0,0,0.4,0.4,0,0.4,0.08,0,0.08,0.08,0.08,"https://fbref.com/en/players/ce4f40c7/Cheick-Doucoure"
2025,"Crystal Palace","Premier League","Odsonne Édouard","FRA","MF,FW","26",1998,2,1,115,1.3,0,0,0,0,0,0,0,0,3,4,7,0,0,0,0,0,0.4,0.4,0,0.4,0.31,0.04,0.34,0.31,0.34,"https://fbref.com/en/players/0562b7f1/Odsonne-Edouard"
2025,"Crystal Palace","Premier League","Romain Esse","ENG","MF","19",2005,7,1,138,1.5,1,1,2,1,0,0,0,0,1,7,14,0.65,0.65,1.3,0.65,1.3,0.3,0.3,0.4,0.7,0.21,0.27,0.48,0.21,0.48,"https://fbref.com/en/players/87189f25/Romain-Esse"
2025,"Crystal Palace","Premier League","Eberechi Eze","ENG","MF,FW","26",1998,34,31,2588,28.8,8,8,16,7,1,2,1,0,69,97,153,0.28,0.28,0.56,0.24,0.52,10.5,8.9,6.2,15.1,0.36,0.22,0.58,0.31,0.53,"https://fbref.com/en/players/ae4fc6a4/Eberechi-Eze"
2025,"Crystal Palace","Premier League","Matheus França","BRA","MF,FW","20",2004,4,0,55,0.6,1,0,1,1,0,0,0,0,4,3,4,1.64,0,1.64,1.64,1.64,0.3,0.3,0,0.3,0.42,0,0.42,0.42,0.42,"https://fbref.com/en/players/077faf72/Matheus-Franca"
2025,"Crystal Palace","Premier League","Marc Guéhi","ENG","DF","24",2000,34,34,3059,34,3,2,5,3,0,0,9,1,22,134,10,0.09,0.06,0.15,0.09,0.15,2,2,1.8,3.7,0.06,0.05,0.11,0.06,0.11,"https://fbref.com/en/players/d0706b27/Marc-Guehi"
2025,"Crystal Palace","Premier League","Dean Henderson","ENG","GK","27",1997,38,38,3420,38,0,0,0,0,0,0,3,0,0,0,0,0,0,0,0,0,0,0,0.2,0.2,0,0,0,0,0,"https://fbref.com/en/players/e5a76dfe/Dean-Henderson"
2025,"Crystal Palace","Premier League","Will Hughes","ENG","MF","29",1995,33,24,2108,23.4,0,3,3,0,0,0,11,0,20,87,27,0,0.13,0.13,0,0.13,1.1,1.1,3.1,4.2,0.05,0.13,0.18,0.05,0.18,"https://fbref.com/en/players/a0666d3e/Will-Hughes"
2025,"Crystal Palace","Premier League","Daichi Kamada","JPN","MF","27",1996,34,15,1564,17.4,0,0,0,0,0,0,4,1,25,89,56,0,0,0,0,0,1.1,1.1,1.9,3,0.06,0.11,0.17,0.06,0.17,"https://fbref.com/en/players/15b287da/Daichi-Kamada"
2025,"Crystal Palace","Premier League","Caleb Kporha","ENG","DF","18",2006,2,0,13,0.1,0,0,0,0,0,0,0,0,1,0,0,0,0,0,0,0,0,0,0,0,0,0,0,0,0,"https://fbref.com/en/players/c80f8c9d/Caleb-Kporha"
2025,"Crystal Palace","Premier League","Maxence Lacroix","FRA","DF","24",2000,35,35,3116,34.6,1,1,2,1,0,0,5,0,8,65,7,0.03,0.03,0.06,0.03,0.06,3.4,3.4,1,4.4,0.1,0.03,0.13,0.1,0.13,"https://fbref.com/en/players/277c49ed/Maxence-Lacroix"
2025,"Crystal Palace","Premier League","Jefferson Lerma","COL","MF,DF","29",1994,33,26,2274,25.3,0,1,1,0,0,0,9,0,13,97,26,0,0.04,0.04,0,0.04,1.1,1.1,1.6,2.7,0.04,0.06,0.11,0.04,0.11,"https://fbref.com/en/players/9b5ce51a/Jefferson-Lerma"
2025,"Crystal Palace","Premier League","Jean-Philippe Mateta","FRA","FW","27",1997,37,33,2648,29.4,14,2,16,12,2,2,2,0,45,52,122,0.48,0.07,0.54,0.41,0.48,13.5,11.9,3.2,15.1,0.46,0.11,0.57,0.41,0.51,"https://fbref.com/en/players/50e6dc35/Jean-Philippe-Mateta"
2025,"Crystal Palace","Premier League","Tyrick Mitchell","ENG","DF","24",1999,37,37,3092,34.4,0,5,5,0,0,0,2,0,63,70,171,0,0.15,0.15,0,0.15,1.3,1.3,6.4,7.7,0.04,0.19,0.22,0.04,0.22,"https://fbref.com/en/players/5cbd1eb0/Tyrick-Mitchell"
2025,"Crystal Palace","Premier League","Daniel Muñoz","COL","DF","28",1996,37,37,3228,35.9,4,5,9,4,0,0,10,0,62,97,206,0.11,0.14,0.25,0.11,0.25,4.9,4.9,5.5,10.5,0.14,0.15,0.29,0.14,0.29,"https://fbref.com/en/players/778ef829/Daniel-Munoz"
2025,"Crystal Palace","Premier League","Eddie Nketiah","ENG","FW,MF","25",1999,29,9,1034,11.5,3,1,4,3,0,0,6,1,41,19,79,0.26,0.09,0.35,0.26,0.35,5.8,5.8,1.7,7.4,0.5,0.15,0.65,0.5,0.65,"https://fbref.com/en/players/a53649b7/Eddie-Nketiah"
2025,"Crystal Palace","Premier League","Chadi Riad","MAR","DF","21",2003,1,1,90,1,0,0,0,0,0,0,0,0,2,7,0,0,0,0,0,0,0,0,0,0,0,0,0,0,0,"https://fbref.com/en/players/b3b9b8b8/Chadi-Riad"
2025,"Crystal Palace","Premier League","Chris Richards","USA","DF","24",2000,24,22,1922,21.4,1,0,1,1,0,0,4,1,6,39,2,0.05,0,0.05,0.05,0.05,1.4,1.4,0.1,1.5,0.06,0,0.07,0.06,0.07,"https://fbref.com/en/players/0a3d6d2b/Chris-Richards"
2025,"Crystal Palace","Premier League","Ismaila Sarr","SEN","MF","26",1998,38,30,2711,30.1,8,6,14,8,0,0,4,0,75,85,183,0.27,0.2,0.46,0.27,0.46,10.7,10.7,8.5,19.2,0.35,0.28,0.64,0.35,0.64,"https://fbref.com/en/players/bfdb33aa/Ismaila-Sarr"
2025,"Crystal Palace","Premier League","Jeffrey Schlupp","GHA","MF,DF","31",1992,12,0,103,1.1,0,0,0,0,0,0,0,0,4,5,9,0,0,0,0,0,0.2,0.2,0.2,0.3,0.14,0.14,0.28,0.14,0.28,"https://fbref.com/en/players/3312f911/Jeffrey-Schlupp"
2025,"Crystal Palace","Premier League","Joel Ward","ENG","DF","34",1989,2,1,71,0.8,0,0,0,0,0,0,1,0,0,1,1,0,0,0,0,0,0,0,0,0,0,0.06,0.06,0,0.06,"https://fbref.com/en/players/8a7ff278/Joel-Ward"
2025,"Crystal Palace","Premier League","Adam Wharton","ENG","MF","20",2004,20,16,1318,14.6,0,2,2,0,0,0,2,0,14,107,11,0,0.14,0.14,0,0.14,0.4,0.4,3,3.4,0.03,0.21,0.23,0.03,0.23,"https://fbref.com/en/players/4b542852/Adam-Wharton"
2025,"Everton","Premier League","Carlos Alcaraz","ARG","FW,MF","21",2002,15,7,764,8.5,2,3,5,2,0,0,4,0,19,42,21,0.24,0.35,0.59,0.24,0.59,1.7,1.7,1.6,3.4,0.2,0.19,0.4,0.2,0.4,"https://fbref.com/en/players/4abac767/Carlos-Alcaraz"
2025,"Everton","Premier League","Harrison Armstrong","ENG","MF","17",2007,3,0,48,0.5,0,0,0,0,0,0,1,0,1,1,0,0,0,0,0,0,0.4,0.4,0.1,0.4,0.69,0.14,0.82,0.69,0.82,"https://fbref.com/en/players/de59e609/Harrison-Armstrong"
2025,"Everton","Premier League","Beto","GNB","FW","26",1998,30,15,1534,17,8,0,8,8,0,0,2,0,15,16,77,0.47,0,0.47,0.47,0.47,8.2,8.2,1.2,9.4,0.48,0.07,0.55,0.48,0.55,"https://fbref.com/en/players/ed5c0319/Beto"
2025,"Everton","Premier League","Jarrad Branthwaite","ENG","DF","22",2002,30,28,2511,27.9,0,1,1,0,0,0,4,0,10,66,2,0,0.04,0.04,0,0.04,1.2,1.2,0.7,1.9,0.04,0.02,0.07,0.04,0.07,"https://fbref.com/en/players/c1949191/Jarrad-Branthwaite"
2025,"Everton","Premier League","Armando Broja","ALB","FW","22",2001,10,4,334,3.7,0,0,0,0,0,0,1,0,12,2,26,0,0,0,0,0,0.1,0.1,0.2,0.3,0.03,0.05,0.08,0.03,0.08,"https://fbref.com/en/players/97220da2/Armando-Broja"
2025,"Everton","Premier League","Dominic Calvert-Lewin","ENG","FW","27",1997,26,19,1609,17.9,3,1,4,3,0,0,2,0,23,20,112,0.17,0.06,0.22,0.17,0.22,6.7,6.7,0.6,7.4,0.38,0.04,0.41,0.38,0.41,"https://fbref.com/en/players/59e6e5bf/Dominic-Calvert-Lewin"
2025,"Everton","Premier League","Youssef Chermiti","POR","FW,MF","20",2004,4,0,45,0.5,0,0,0,0,0,0,1,0,0,1,6,0,0,0,0,0,0.1,0.1,0,0.1,0.22,0,0.22,0.22,0.22,"https://fbref.com/en/players/890f108d/Youssef-Chermiti"
2025,"Everton","Premier League","Séamus Coleman","IRL","DF","35",1988,5,3,215,2.4,0,0,0,0,0,0,1,0,1,11,7,0,0,0,0,0,0.6,0.6,0,0.6,0.24,0,0.24,0.24,0.24,"https://fbref.com/en/players/0420d84f/Seamus-Coleman"
2025,"Everton","Premier League","Roman Dixon","ENG","DF","19",2004,1,1,90,1,0,0,0,0,0,0,0,0,0,0,1,0,0,0,0,0,0,0,0,0,0,0,0,0,0,"https://fbref.com/en/players/6fba4dba/Roman-Dixon"
2025,"Everton","Premier League","Abdoulaye Doucouré","MLI","MF","31",1993,33,31,2564,28.5,3,2,5,3,0,0,5,1,42,82,96,0.11,0.07,0.18,0.11,0.18,4.1,4.1,2.4,6.6,0.15,0.09,0.23,0.15,0.23,"https://fbref.com/en/players/02b29014/Abdoulaye-Doucoure"
2025,"Everton","Premier League","Idrissa Gana Gueye","SEN","MF","34",1989,37,35,3063,34,0,3,3,0,0,0,9,0,27,145,27,0,0.09,0.09,0,0.09,1.1,1.1,1.7,2.8,0.03,0.05,0.08,0.03,0.08,"https://fbref.com/en/players/72c812f3/Idrissa-Gana-Gueye"
2025,"Everton","Premier League","James Garner","ENG","MF,DF","23",2001,21,17,1594,17.7,0,1,1,0,0,0,5,0,15,50,30,0,0.06,0.06,0,0.06,0.7,0.7,1.4,2.1,0.04,0.08,0.12,0.04,0.12,"https://fbref.com/en/players/4e015693/James-Garner"
2025,"Everton","Premier League","Jack Harrison","ENG","FW","27",1996,34,24,2076,23.1,1,0,1,1,0,0,0,0,73,51,127,0.04,0,0.04,0.04,0.04,3.5,3.5,3.7,7.2,0.15,0.16,0.31,0.15,0.31,"https://fbref.com/en/players/aa849a12/Jack-Harrison"
2025,"Everton","Premier League","Mason Holgate","JAM","FW,DF","27",1996,1,0,6,0.1,0,0,0,0,0,0,0,0,0,0,0,0,0,0,0,0,0,0,0,0,0,0,0,0,0,"https://fbref.com/en/players/d0042ab9/Mason-Holgate"
2025,"Everton","Premier League","Tim Iroegbunam","ENG","MF","21",2003,18,5,574,6.4,0,1,1,0,0,0,4,0,8,15,9,0,0.16,0.16,0,0.16,0.2,0.2,0.2,0.4,0.04,0.03,0.07,0.04,0.07,"https://fbref.com/en/players/84c5ceea/Tim-Iroegbunam"
2025,"Everton","Premier League","Michael Keane","ENG","DF","31",1993,14,11,1049,11.7,3,0,3,3,0,0,5,0,1,14,3,0.26,0,0.26,0.26,0.26,0.6,0.6,0.1,0.7,0.05,0.01,0.06,0.05,0.06,"https://fbref.com/en/players/c5b7c315/Michael-Keane"
2025,"Everton","Premier League","Jesper Lindstrøm","DEN","FW","24",2000,25,15,1239,13.8,0,1,1,0,0,0,2,0,30,25,81,0,0.07,0.07,0,0.07,2.1,2.1,2,4.1,0.15,0.15,0.3,0.15,0.3,"https://fbref.com/en/players/37dc1a48/Jesper-Lindstrom"
2025,"Everton","Premier League","Orel Mangala","BEL","MF","26",1998,19,14,1261,14,1,0,1,1,0,0,2,0,6,34,19,0.07,0,0.07,0.07,0.07,1.1,1.1,0.6,1.8,0.08,0.05,0.13,0.08,0.13,"https://fbref.com/en/players/a572e291/Orel-Mangala"
2025,"Everton","Premier League","Dwight McNeil","ENG","MF,FW","24",1999,21,15,1371,15.2,4,6,10,4,0,0,1,0,38,69,80,0.26,0.39,0.66,0.26,0.66,1.1,1.1,5.2,6.3,0.07,0.34,0.41,0.07,0.41,"https://fbref.com/en/players/fc15fb84/Dwight-McNeil"
2025,"Everton","Premier League","Vitaliy Mykolenko","UKR","DF","25",1999,35,35,3082,34.2,1,2,3,1,0,0,4,0,33,110,99,0.03,0.06,0.09,0.03,0.09,0.5,0.5,2.6,3.1,0.01,0.08,0.09,0.01,0.09,"https://fbref.com/en/players/30d4a2e5/Vitaliy-Mykolenko"
2025,"Everton","Premier League","Iliman Ndiaye","SEN","FW","24",2000,33,29,2430,27,9,0,9,7,2,2,3,0,86,59,122,0.33,0,0.33,0.26,0.26,6.2,4.7,1.9,6.5,0.23,0.07,0.3,0.17,0.24,"https://fbref.com/en/players/5ed97752/Iliman-Ndiaye"
2025,"Everton","Premier League","Jake O'Brien","IRL","DF","23",2001,20,17,1571,17.5,2,0,2,2,0,0,5,0,7,50,25,0.11,0,0.11,0.11,0.11,0.8,0.8,0.6,1.3,0.04,0.03,0.08,0.04,0.08,"https://fbref.com/en/players/25f2ef01/Jake-OBrien"
2025,"Everton","Premier League","Nathan Patterson","SCO","DF","22",2001,10,3,347,3.9,0,1,1,0,0,0,1,0,6,13,18,0,0.26,0.26,0,0.26,0.1,0.1,0.4,0.5,0.02,0.11,0.13,0.02,0.13,"https://fbref.com/en/players/230f0471/Nathan-Patterson"
2025,"Everton","Premier League","Jordan Pickford","ENG","GK","30",1994,38,38,3420,38,0,1,1,0,0,0,7,0,0,0,0,0,0.03,0.03,0,0.03,0,0,0.4,0.4,0,0.01,0.01,0,0.01,"https://fbref.com/en/players/4806ec67/Jordan-Pickford"
2025,"Everton","Premier League","James Tarkowski","ENG","DF","31",1992,33,33,2922,32.5,1,1,2,1,0,0,6,0,9,75,3,0.03,0.03,0.06,0.03,0.06,1.3,1.3,2.9,4.2,0.04,0.09,0.13,0.04,0.13,"https://fbref.com/en/players/15ea812b/James-Tarkowski"
2025,"Everton","Premier League","Ashley Young","ENG","DF","39",1985,32,19,1875,20.8,1,3,4,1,0,0,7,1,24,90,32,0.05,0.14,0.19,0.05,0.19,0.3,0.3,2.3,2.6,0.01,0.11,0.12,0.01,0.12,"https://fbref.com/en/players/be927d03/Ashley-Young"
2025,"Fulham","Premier League","Joachim Andersen","DEN","DF","28",1996,29,29,2583,28.7,0,0,0,0,0,0,6,1,16,112,2,0,0,0,0,0,1,1,0.5,1.5,0.04,0.02,0.05,0.04,0.05,"https://fbref.com/en/players/e34fc66d/Joachim-Andersen"
2025,"Fulham","Premier League","Calvin Bassey","NGA","DF","24",1999,35,34,3074,34.2,1,0,1,1,0,0,7,0,39,116,15,0.03,0,0.03,0.03,0.03,1,1,0.1,1.2,0.03,0,0.03,0.03,0.03,"https://fbref.com/en/players/a36524bf/Calvin-Bassey"
2025,"Fulham","Premier League","Sander Berge","NOR","MF","26",1998,31,26,2224,24.7,0,0,0,0,0,0,6,0,29,124,9,0,0,0,0,0,0.4,0.4,0.6,1,0.01,0.03,0.04,0.01,0.04,"https://fbref.com/en/players/d0b6129f/Sander-Berge"
2025,"Fulham","Premier League","Tom Cairney","SCO","MF","33",1991,25,3,628,7,2,0,2,2,0,0,3,1,18,53,33,0.29,0,0.29,0.29,0.29,0.8,0.8,1.1,1.8,0.11,0.15,0.26,0.11,0.26,"https://fbref.com/en/players/a8748947/Tom-Cairney"
2025,"Fulham","Premier League","Timothy Castagne","BEL","DF","28",1995,24,17,1649,18.3,0,1,1,0,0,0,1,0,17,62,67,0,0.05,0.05,0,0.05,0.4,0.4,1.2,1.6,0.02,0.07,0.09,0.02,0.09,"https://fbref.com/en/players/197640fd/Timothy-Castagne"
2025,"Fulham","Premier League","Jorge Cuenca","ESP","DF","24",1999,8,4,351,3.9,0,0,0,0,0,0,0,0,0,10,0,0,0,0,0,0,0,0,0,0,0.01,0,0.01,0.01,0.01,"https://fbref.com/en/players/0abc51f2/Jorge-Cuenca"
2025,"Fulham","Premier League","Issa Diop","FRA","DF","27",1997,21,15,1339,14.9,0,0,0,0,0,0,2,0,6,25,3,0,0,0,0,0,0.5,0.5,0.1,0.6,0.04,0.01,0.04,0.04,0.04,"https://fbref.com/en/players/a712ca2b/Issa-Diop"
2025,"Fulham","Premier League","Martial Godo","ENG","FW,DF","21",2003,2,0,24,0.3,0,0,0,0,0,0,0,0,2,3,6,0,0,0,0,0,0,0,0.1,0.1,0,0.21,0.21,0,0.21,"https://fbref.com/en/players/e0eea46f/Martial-Godo"
2025,"Fulham","Premier League","Alex Iwobi","NGA","FW,MF","28",1996,38,35,2981,33.1,9,6,15,9,0,0,1,0,144,213,246,0.27,0.18,0.45,0.27,0.45,4.7,4.7,7,11.8,0.14,0.21,0.36,0.14,0.36,"https://fbref.com/en/players/6ca5ec4b/Alex-Iwobi"
2025,"Fulham","Premier League","Raúl Jiménez","MEX","FW","33",1991,38,30,2494,27.7,12,3,15,9,3,3,4,0,35,62,125,0.43,0.11,0.54,0.32,0.43,12,9.6,3.3,12.9,0.43,0.12,0.55,0.35,0.47,"https://fbref.com/en/players/b561db50/Raul-Jimenez"
2025,"Fulham","Premier League","Joshua King","ENG","MF","17",2007,8,1,130,1.4,0,0,0,0,0,0,0,0,3,9,16,0,0,0,0,0,0.3,0.3,0.4,0.7,0.22,0.3,0.51,0.22,0.51,"https://fbref.com/en/players/86109b3b/Joshua-King"
2025,"Fulham","Premier League","Bernd Leno","GER","GK","32",1992,38,38,3420,38,0,1,1,0,0,0,5,0,0,0,0,0,0.03,0.03,0,0.03,0,0,0.1,0.1,0,0,0,0,0,"https://fbref.com/en/players/2628fd2b/Bernd-Leno"
2025,"Fulham","Premier League","Saša Lukić","SRB","MF","27",1996,30,28,2344,26,0,2,2,0,0,0,12,0,39,98,33,0,0.08,0.08,0,0.08,1.2,1.2,2.7,3.9,0.04,0.11,0.15,0.04,0.15,"https://fbref.com/en/players/c6e8cf1f/Sasa-Lukic"
2025,"Fulham","Premier League","Rodrigo Muniz","BRA","FW","23",2001,31,8,964,10.7,8,1,9,8,0,0,1,0,6,27,31,0.75,0.09,0.84,0.75,0.84,5.8,5.8,0.7,6.5,0.54,0.07,0.61,0.54,0.61,"https://fbref.com/en/players/a755db8c/Rodrigo-Muniz"
2025,"Fulham","Premier League","Reiss Nelson","ENG","FW","24",1999,11,5,487,5.4,1,1,2,1,0,0,1,0,45,35,63,0.18,0.18,0.37,0.18,0.37,1.1,1.1,1,2.1,0.2,0.18,0.39,0.2,0.39,"https://fbref.com/en/players/c5bdb6e3/Reiss-Nelson"
2025,"Fulham","Premier League","Andreas Pereira","BRA","MF","28",1996,33,25,2013,22.4,2,4,6,2,0,1,7,0,29,104,81,0.09,0.18,0.27,0.09,0.27,3.8,3,4.6,7.6,0.17,0.21,0.38,0.14,0.34,"https://fbref.com/en/players/6639e500/Andreas-Pereira"
2025,"Fulham","Premier League","Harrison Reed","ENG","MF","29",1995,12,0,108,1.2,0,0,0,0,0,0,2,0,1,4,7,0,0,0,0,0,0.2,0.2,0.1,0.3,0.21,0.07,0.27,0.21,0.27,"https://fbref.com/en/players/803ae100/Harrison-Reed"
2025,"Fulham","Premier League","Antonee Robinson","USA","DF","26",1997,36,35,3167,35.2,0,10,10,0,0,0,8,0,118,131,274,0,0.28,0.28,0,0.28,0.7,0.7,4.2,4.9,0.02,0.12,0.14,0.02,0.14,"https://fbref.com/en/players/289601e6/Antonee-Robinson"
2025,"Fulham","Premier League","Ryan Sessegnon","ENG","FW,DF","24",2000,16,7,580,6.4,4,2,6,4,0,0,1,0,18,22,59,0.62,0.31,0.93,0.62,0.93,1.6,1.6,1.1,2.7,0.25,0.17,0.42,0.25,0.42,"https://fbref.com/en/players/6aa3e78b/Ryan-Sessegnon"
2025,"Fulham","Premier League","Emile Smith Rowe","ENG","MF","24",2000,34,25,2043,22.7,6,3,9,6,0,0,3,0,53,126,127,0.26,0.13,0.4,0.26,0.4,4.5,4.5,1.4,6,0.2,0.06,0.26,0.2,0.26,"https://fbref.com/en/players/17695062/Emile-Smith-Rowe"
2025,"Fulham","Premier League","Jay Stansfield","ENG","MF","21",2002,1,0,1,0,0,0,0,0,0,0,0,0,0,0,0,0,0,0,0,0,0,0,0,0,0,0,0,0,0,"https://fbref.com/en/players/b2626673/Jay-Stansfield"
2025,"Fulham","Premier League","Kenny Tete","NED","DF","28",1995,22,21,1774,19.7,0,2,2,0,0,0,5,0,34,63,54,0,0.1,0.1,0,0.1,1.4,1.4,0.9,2.3,0.07,0.05,0.12,0.07,0.12,"https://fbref.com/en/players/77d7c96f/Kenny-Tete"
2025,"Fulham","Premier League","Adama Traoré","ESP","FW,MF","28",1996,36,18,1772,19.7,2,7,9,2,0,0,3,0,100,68,161,0.1,0.36,0.46,0.1,0.46,4,4,4.9,8.9,0.2,0.25,0.45,0.2,0.45,"https://fbref.com/en/players/9a28eba4/Adama-Traore"
2025,"Fulham","Premier League","Carlos Vinícius","BRA","MF,FW","29",1995,3,0,16,0.2,0,0,0,0,0,0,0,0,1,0,3,0,0,0,0,0,0,0,0,0,0.21,0,0.21,0.21,0.21,"https://fbref.com/en/players/8b529245/Carlos-Vinicius"
2025,"Fulham","Premier League","Willian","BRA","FW,MF","35",1988,10,2,257,2.9,0,0,0,0,0,0,0,0,11,40,33,0,0,0,0,0,0.3,0.3,0.5,0.8,0.1,0.18,0.28,0.1,0.28,"https://fbref.com/en/players/8b9ebd03/Willian"
2025,"Fulham","Premier League","Harry Wilson","WAL","FW,MF","27",1997,25,12,1162,12.9,6,1,7,6,0,0,2,0,22,51,96,0.46,0.08,0.54,0.46,0.54,4.2,4.2,1.1,5.3,0.33,0.09,0.41,0.33,0.41,"https://fbref.com/en/players/c6dc9ecd/Harry-Wilson"
2025,"Ipswich Town","Premier League","Nathan Broadhead","WAL","MF,FW","26",1998,18,7,702,7.8,2,0,2,2,0,0,1,0,20,14,33,0.26,0,0.26,0.26,0.26,1.7,1.7,0.7,2.4,0.22,0.09,0.31,0.22,0.31,"https://fbref.com/en/players/43309491/Nathan-Broadhead"
2025,"Ipswich Town","Premier League","Cameron Burgess","AUS","DF","28",1995,18,16,1541,17.1,0,2,2,0,0,0,0,0,2,42,4,0,0.12,0.12,0,0.12,1.1,1.1,0.5,1.6,0.06,0.03,0.09,0.06,0.09,"https://fbref.com/en/players/da61ca98/Cameron-Burgess"
2025,"Ipswich Town","Premier League","Wes Burns","WAL","FW,DF","29",1994,18,12,926,10.3,0,1,1,0,0,0,1,0,38,8,65,0,0.1,0.1,0,0.1,0.5,0.5,1.6,2.2,0.05,0.16,0.21,0.05,0.21,"https://fbref.com/en/players/b3fe23c6/Wes-Burns"
2025,"Ipswich Town","Premier League","Jens Cajuste","SWE","MF","24",1999,30,25,1959,21.8,1,1,2,1,0,0,2,0,26,59,20,0.05,0.05,0.09,0.05,0.09,0.7,0.7,0.8,1.5,0.03,0.04,0.07,0.03,0.07,"https://fbref.com/en/players/928a4a61/Jens-Cajuste"
2025,"Ipswich Town","Premier League","Conor Chaplin","ENG","MF,FW","27",1997,22,10,857,9.5,1,1,2,1,0,0,2,0,13,29,23,0.11,0.11,0.21,0.11,0.21,1.5,1.5,0.7,2.2,0.16,0.07,0.23,0.16,0.23,"https://fbref.com/en/players/4ec55b87/Conor-Chaplin"
2025,"Ipswich Town","Premier League","Harry Clarke","ENG","DF","23",2001,7,4,379,4.2,0,0,0,0,0,0,3,1,5,14,2,0,0,0,0,0,0.1,0.1,0,0.1,0.02,0.01,0.03,0.02,0.03,"https://fbref.com/en/players/a64f2573/Harry-Clarke"
2025,"Ipswich Town","Premier League","Jack Clarke","ENG","FW,MF","23",2000,32,12,1181,13.1,0,4,4,0,0,0,2,0,39,44,57,0,0.3,0.3,0,0.3,1.2,1.2,2.3,3.5,0.09,0.17,0.26,0.09,0.26,"https://fbref.com/en/players/e16932d8/Jack-Clarke"
2025,"Ipswich Town","Premier League","Leif Davis","ENG","DF","24",2000,33,32,2743,30.5,1,2,3,1,0,0,5,1,52,59,137,0.03,0.07,0.1,0.03,0.1,1,1,4.9,5.8,0.03,0.16,0.19,0.03,0.19,"https://fbref.com/en/players/8574c61f/Leif-Davis"
2025,"Ipswich Town","Premier League","Liam Delap","ENG","FW","21",2003,37,32,2593,28.8,12,2,14,10,2,2,12,0,61,30,110,0.42,0.07,0.49,0.35,0.42,9.3,7.8,1.9,9.7,0.32,0.07,0.39,0.27,0.34,"https://fbref.com/en/players/dd897ee7/Liam-Delap"
2025,"Ipswich Town","Premier League","George Edmundson","ENG","DF","26",1997,1,0,2,0,0,0,0,0,0,0,0,0,0,0,0,0,0,0,0,0,0,0,0,0,0,0,0,0,0,"https://fbref.com/en/players/46ff3923/George-Edmundson"
2025,"Ipswich Town","Premier League","Julio Enciso","PAR","MF,FW","20",2004,13,12,869,9.7,2,3,5,2,0,0,3,0,23,28,44,0.21,0.31,0.52,0.21,0.52,1.7,1.7,1.4,3.1,0.18,0.14,0.32,0.18,0.32,"https://fbref.com/en/players/9cfbad36/Julio-Enciso"
2025,"Ipswich Town","Premier League","Ben Godfrey","ENG","DF","26",1998,3,2,159,1.8,0,0,0,0,0,0,1,0,2,4,1,0,0,0,0,0,0,0,0,0,0,0,0,0,0,"https://fbref.com/en/players/9f7c837d/Ben-Godfrey"
2025,"Ipswich Town","Premier League","Jacob Greaves","ENG","DF","23",2000,25,25,2205,24.5,1,0,1,1,0,0,5,0,11,69,11,0.04,0,0.04,0.04,0.04,1.3,1.3,0.3,1.6,0.05,0.01,0.06,0.05,0.06,"https://fbref.com/en/players/1f169636/Jacob-Greaves"
2025,"Ipswich Town","Premier League","Ali Al Hamadi","IRQ","FW","22",2002,11,0,134,1.5,0,0,0,0,0,0,3,0,4,3,14,0,0,0,0,0,0.4,0.4,0.1,0.4,0.24,0.05,0.28,0.24,0.28,"https://fbref.com/en/players/8450467d/Ali-Al-Hamadi"
2025,"Ipswich Town","Premier League","Marcus Harness","ENG","MF","28",1996,2,0,45,0.5,0,0,0,0,0,0,0,0,0,2,1,0,0,0,0,0,0,0,0,0,0,0,0,0,0,"https://fbref.com/en/players/90e9ca3d/Marcus-Harness"
2025,"Ipswich Town","Premier League","George Hirst","SCO","FW","25",1999,26,5,661,7.3,3,1,4,3,0,0,3,0,9,13,31,0.41,0.14,0.54,0.41,0.54,2.1,2.1,0.3,2.5,0.29,0.05,0.34,0.29,0.34,"https://fbref.com/en/players/78e87179/George-Hirst"
2025,"Ipswich Town","Premier League","Omari Hutchinson","ENG","MF,FW","20",2003,31,30,2583,28.7,3,2,5,3,0,0,5,0,97,75,159,0.1,0.07,0.17,0.1,0.17,2.9,2.9,3.5,6.4,0.1,0.12,0.22,0.1,0.22,"https://fbref.com/en/players/bd9553e6/Omari-Hutchinson"
2025,"Ipswich Town","Premier League","Ben Johnson","ENG","DF,FW","24",2000,23,14,1354,15,1,2,3,1,0,0,5,1,16,27,33,0.07,0.13,0.2,0.07,0.2,1.1,1.1,1.3,2.3,0.07,0.09,0.16,0.07,0.16,"https://fbref.com/en/players/9319781b/Ben-Johnson"
2025,"Ipswich Town","Premier League","Massimo Luongo","AUS","MF","31",1992,11,2,201,2.2,0,0,0,0,0,0,0,0,0,6,1,0,0,0,0,0,0,0,0,0,0,0,0,0,0,"https://fbref.com/en/players/967ac6e1/Massimo-Luongo"
2025,"Ipswich Town","Premier League","Sam Morsy","EGY","MF","32",1991,33,31,2751,30.6,1,1,2,1,0,0,10,0,22,120,13,0.03,0.03,0.07,0.03,0.07,0.4,0.4,1.2,1.6,0.01,0.04,0.05,0.01,0.05,"https://fbref.com/en/players/a23c0949/Sam-Morsy"
2025,"Ipswich Town","Premier League","Arijanet Muric","KVX","GK","25",1998,18,18,1620,18,0,0,0,0,0,0,1,0,0,1,0,0,0,0,0,0,0,0,0,0,0,0,0,0,0,"https://fbref.com/en/players/99aa1a84/Arijanet-Muric"
2025,"Ipswich Town","Premier League","Dara O'Shea","IRL","DF","25",1999,35,35,3122,34.7,0,2,2,0,0,0,6,0,3,80,8,0,0.06,0.06,0,0.06,1.3,1.3,0.5,1.8,0.04,0.01,0.05,0.04,0.05,"https://fbref.com/en/players/1d042188/Dara-OShea"
2025,"Ipswich Town","Premier League","Chiedozie Ogbene","IRL","FW","27",1997,5,3,238,2.6,0,0,0,0,0,0,0,0,7,0,15,0,0,0,0,0,0,0,0.1,0.1,0,0.03,0.03,0,0.03,"https://fbref.com/en/players/788c0277/Chiedozie-Ogbene"
2025,"Ipswich Town","Premier League","Alex Palmer","ENG","GK","27",1996,13,13,1170,13,0,0,0,0,0,0,2,0,0,1,0,0,0,0,0,0,0,0,0,0,0,0,0,0,0,"https://fbref.com/en/players/6ea97fd5/Alex-Palmer"
2025,"Ipswich Town","Premier League","Kalvin Phillips","ENG","MF","28",1995,19,14,1237,13.7,0,0,0,0,0,0,6,1,4,51,4,0,0,0,0,0,0.4,0.4,0.2,0.7,0.03,0.02,0.05,0.03,0.05,"https://fbref.com/en/players/4f565d77/Kalvin-Phillips"
2025,"Ipswich Town","Premier League","Jaden Philogene Bidace","ENG","FW,DF","22",2002,10,5,474,5.3,2,0,2,2,0,0,1,0,13,10,36,0.38,0,0.38,0.38,0.38,2,2,0.2,2.2,0.37,0.05,0.42,0.37,0.42,"https://fbref.com/en/players/19f4d211/Jaden-Philogene-Bidace"
2025,"Ipswich Town","Premier League","Sammie Szmodics","IRL","FW,MF","28",1995,20,13,992,11,4,0,4,4,0,0,2,0,16,19,47,0.36,0,0.36,0.36,0.36,3.4,3.4,0.2,3.6,0.31,0.02,0.33,0.31,0.33,"https://fbref.com/en/players/39944392/Sammie-Szmodics"
2025,"Ipswich Town","Premier League","Jack Taylor","IRL","MF","26",1998,32,4,860,9.6,1,0,1,1,0,0,4,0,11,43,23,0.1,0,0.1,0.1,0.1,0.7,0.7,0.5,1.3,0.08,0.06,0.13,0.08,0.13,"https://fbref.com/en/players/48eed8d5/Jack-Taylor"
2025,"Ipswich Town","Premier League","Conor Townsend","ENG","DF","31",1993,6,3,335,3.7,0,1,1,0,0,0,1,0,2,8,13,0,0.27,0.27,0,0.27,0,0,0.7,0.7,0.01,0.18,0.18,0.01,0.18,"https://fbref.com/en/players/4dc4f138/Conor-Townsend"
2025,"Ipswich Town","Premier League","Axel Tuanzebe","COD","DF","26",1997,22,20,1710,19,0,1,1,0,0,0,5,1,10,61,15,0,0.05,0.05,0,0.05,0.2,0.2,0.3,0.5,0.01,0.02,0.03,0.01,0.03,"https://fbref.com/en/players/2baec6ce/Axel-Tuanzebe"
2025,"Ipswich Town","Premier League","Christian Walton","ENG","GK","28",1995,7,7,630,7,0,0,0,0,0,0,0,0,0,0,0,0,0,0,0,0,0,0,0,0,0,0,0,0,0,"https://fbref.com/en/players/c666574f/Christian-Walton"
2025,"Ipswich Town","Premier League","Luke Woolfenden","ENG","DF","25",1998,15,12,1187,13.2,0,0,0,0,0,0,2,0,7,15,0,0,0,0,0,0,0,0,0,0,0,0,0,0,0,"https://fbref.com/en/players/e28e9bec/Luke-Woolfenden"
2025,"Leicester City","Premier League","Olabade Aluko","","DF","",NA,1,0,2,0,0,0,0,0,0,0,0,0,0,0,0,0,0,0,0,0,0,0,0,0,0,0,0,0,0,"https://fbref.com/en/players/12bb637a/Olabade-Aluko"
2025,"Leicester City","Premier League","Will Alves","ENG","FW","19",2005,1,0,1,0,0,0,0,0,0,0,0,0,0,0,1,0,0,0,0,0,0,0,0,0,0,0,0,0,0,"https://fbref.com/en/players/39ef5a7b/Will-Alves"
2025,"Leicester City","Premier League","Jordan Ayew","GHA","FW,MF","32",1991,30,19,1638,18.2,5,0,5,4,1,1,5,0,49,46,86,0.27,0,0.27,0.22,0.22,3.2,2.4,1.1,3.5,0.17,0.06,0.24,0.13,0.19,"https://fbref.com/en/players/da052c14/Jordan-Ayew"
2025,"Leicester City","Premier League","Victor Bernth Kristiansen","DEN","DF","21",2002,30,29,2482,27.6,0,1,1,0,0,0,1,0,40,70,78,0,0.04,0.04,0,0.04,0.3,0.3,1.4,1.7,0.01,0.05,0.06,0.01,0.06,"https://fbref.com/en/players/505486d6/Victor-Bernth-Kristiansen"
2025,"Leicester City","Premier League","Facundo Buonanotte","ARG","FW,MF","19",2004,31,14,1523,16.9,5,2,7,5,0,0,8,0,39,54,74,0.3,0.12,0.41,0.3,0.41,3.9,3.9,3.1,7,0.23,0.18,0.41,0.23,0.41,"https://fbref.com/en/players/468a7a91/Facundo-Buonanotte"
2025,"Leicester City","Premier League","Hamza Choudhury","BAN","MF,DF","26",1997,4,1,131,1.5,0,0,0,0,0,0,0,0,4,3,6,0,0,0,0,0,0,0,0.4,0.4,0,0.27,0.27,0,0.27,"https://fbref.com/en/players/7d2d3329/Hamza-Choudhury"
2025,"Leicester City","Premier League","Conor Coady","ENG","DF","31",1993,22,19,1714,19,1,0,1,1,0,0,3,0,3,32,0,0.05,0,0.05,0.05,0.05,0.4,0.4,0.1,0.5,0.02,0,0.03,0.02,0.03,"https://fbref.com/en/players/2928dca2/Conor-Coady"
2025,"Leicester City","Premier League","Woyo Coulibaly","MLI","DF","25",1999,4,1,109,1.2,0,0,0,0,0,0,1,0,4,3,2,0,0,0,0,0,0,0,0,0,0.04,0,0.04,0.04,0.04,"https://fbref.com/en/players/beb6e3a6/Woyo-Coulibaly"
2025,"Leicester City","Premier League","Patson Daka","ZAM","FW,MF","25",1998,23,6,736,8.2,1,0,1,1,0,0,0,0,11,8,36,0.12,0,0.12,0.12,0.12,1.3,1.3,0.1,1.3,0.15,0.01,0.16,0.15,0.16,"https://fbref.com/en/players/ca45605e/Patson-Daka"
2025,"Leicester City","Premier League","Bobby De Cordova-Reid","JAM","FW","31",1993,23,9,744,8.3,1,2,3,1,0,0,2,0,14,15,48,0.12,0.24,0.36,0.12,0.36,0.8,0.8,1.2,2,0.1,0.15,0.24,0.1,0.24,"https://fbref.com/en/players/0f7533cd/Bobby-De-Cordova-Reid"
2025,"Leicester City","Premier League","Odsonne Édouard","FRA","FW","26",1998,4,0,29,0.3,0,0,0,0,0,0,0,0,0,1,2,0,0,0,0,0,0,0,0,0,0,0.13,0.13,0,0.13,"https://fbref.com/en/players/0562b7f1/Odsonne-Edouard"
2025,"Leicester City","Premier League","Jake Evans","","FW","",NA,4,0,24,0.3,0,0,0,0,0,0,0,0,0,0,1,0,0,0,0,0,0,0,0,0,0,0,0,0,0,"https://fbref.com/en/players/cb7bcef0/Jake-Evans"
2025,"Leicester City","Premier League","Wout Faes","BEL","DF","26",1998,34,30,2815,31.3,1,0,1,1,0,0,4,0,12,86,1,0.03,0,0.03,0.03,0.03,1.5,1.5,0.1,1.6,0.05,0,0.05,0.05,0.05,"https://fbref.com/en/players/9c221d14/Wout-Faes"
2025,"Leicester City","Premier League","Abdul Fatawu Issahaku","GHA","FW","20",2004,11,6,579,6.4,0,2,2,0,0,0,0,0,42,17,60,0,0.31,0.31,0,0.31,0.4,0.4,1.6,2,0.06,0.24,0.31,0.06,0.31,"https://fbref.com/en/players/bceda5ff/Abdul-Fatawu-Issahaku"
2025,"Leicester City","Premier League","Michael Golding","ENG","MF","18",2006,1,0,1,0,0,0,0,0,0,0,0,0,0,0,0,0,0,0,0,0,0,0,0,0,0,0,0,0,0,"https://fbref.com/en/players/67c5e0e8/Michael-Golding"
2025,"Leicester City","Premier League","Mads Hermansen","DEN","GK","24",2000,27,27,2385,26.5,0,0,0,0,0,0,1,0,0,1,0,0,0,0,0,0,0,0,0,0,0,0,0,0,0,"https://fbref.com/en/players/c924b17d/Mads-Hermansen"
2025,"Leicester City","Premier League","James Justin","ENG","DF","26",1998,36,34,2912,32.4,2,2,4,2,0,0,6,0,39,91,96,0.06,0.06,0.12,0.06,0.12,1.5,1.5,0.8,2.3,0.05,0.03,0.07,0.05,0.07,"https://fbref.com/en/players/fb614c44/James-Justin"
2025,"Leicester City","Premier League","Bilal El Khannouss","MAR","MF,FW","20",2004,32,27,2182,24.2,2,3,5,2,0,0,4,0,73,128,89,0.08,0.12,0.21,0.08,0.21,1.3,1.3,4.6,5.8,0.05,0.19,0.24,0.05,0.24,"https://fbref.com/en/players/f7042636/Bilal-El-Khannouss"
2025,"Leicester City","Premier League","Stephy Mavididi","ENG","FW","26",1998,30,16,1615,17.9,4,1,5,4,0,0,2,0,91,57,138,0.22,0.06,0.28,0.22,0.28,1.8,1.8,2.6,4.4,0.1,0.15,0.25,0.1,0.25,"https://fbref.com/en/players/30144daa/Stephy-Mavididi"
2025,"Leicester City","Premier League","Kasey McAteer","IRL","FW","22",2001,18,9,852,9.5,1,1,2,1,0,0,3,0,19,14,71,0.11,0.11,0.21,0.11,0.21,1,1,0.7,1.7,0.11,0.08,0.18,0.11,0.18,"https://fbref.com/en/players/b2c66859/Kasey-McAteer"
2025,"Leicester City","Premier League","Jeremy Monga","","FW,MF","",NA,7,0,112,1.2,0,0,0,0,0,0,0,0,6,3,10,0,0,0,0,0,0.2,0.2,0,0.2,0.13,0.01,0.14,0.13,0.14,"https://fbref.com/en/players/4c168d3a/Jeremy-Monga"
2025,"Leicester City","Premier League","Wilfred Ndidi","NGA","MF","27",1996,28,28,2324,25.8,0,5,5,0,0,0,8,0,18,70,75,0,0.19,0.19,0,0.19,2,2,1.9,3.9,0.08,0.07,0.15,0.08,0.15,"https://fbref.com/en/players/6b47c5db/Wilfred-Ndidi"
2025,"Leicester City","Premier League","Caleb Okoli","ITA","DF","23",2001,19,12,1125,12.5,1,0,1,1,0,0,4,0,3,32,2,0.08,0,0.08,0.08,0.08,0.6,0.6,0,0.6,0.05,0,0.05,0.05,0.05,"https://fbref.com/en/players/8ec109e6/Caleb-Okoli"
2025,"Leicester City","Premier League","Ricardo Pereira","POR","DF","30",1993,10,4,388,4.3,0,0,0,0,0,0,1,0,3,18,5,0,0,0,0,0,0.1,0.1,0,0.1,0.02,0,0.02,0.02,0.02,"https://fbref.com/en/players/75a72a99/Ricardo-Pereira"
2025,"Leicester City","Premier League","Oliver Skipp","ENG","MF","23",2000,24,10,1129,12.5,0,0,0,0,0,0,8,0,16,35,19,0,0,0,0,0,0.4,0.4,0.3,0.6,0.03,0.02,0.05,0.03,0.05,"https://fbref.com/en/players/6250083a/Oliver-Skipp"
2025,"Leicester City","Premier League","Boubakary Soumaré","FRA","MF","25",1999,31,25,2171,24.1,0,0,0,0,0,0,8,0,34,105,23,0,0,0,0,0,0.3,0.3,0.4,0.7,0.01,0.02,0.03,0.01,0.03,"https://fbref.com/en/players/ae59b359/Boubakary-Soumare"
2025,"Leicester City","Premier League","Jakub Stolarczyk","POL","GK","23",2000,10,10,900,10,0,0,0,0,0,0,1,0,0,1,0,0,0,0,0,0,0,0,0,0,0,0,0,0,0,"https://fbref.com/en/players/a4a76b3d/Jakub-Stolarczyk"
2025,"Leicester City","Premier League","Luke Thomas","ENG","DF","23",2001,14,13,1110,12.3,0,0,0,0,0,0,3,0,5,37,16,0,0,0,0,0,0.4,0.4,0.5,0.9,0.03,0.04,0.07,0.03,0.07,"https://fbref.com/en/players/fc027d02/Luke-Thomas"
2025,"Leicester City","Premier League","Jamie Vardy","ENG","FW","37",1987,35,35,2823,31.4,9,4,13,8,1,2,5,0,29,22,120,0.29,0.13,0.41,0.26,0.38,11.2,9.6,3,12.6,0.36,0.1,0.45,0.31,0.4,"https://fbref.com/en/players/45963054/Jamie-Vardy"
2025,"Leicester City","Premier League","Jannik Vestergaard","DEN","DF","31",1992,18,16,1391,15.5,0,0,0,0,0,0,5,0,3,32,2,0,0,0,0,0,0.1,0.1,0.1,0.2,0.01,0.01,0.01,0.01,0.01,"https://fbref.com/en/players/1900032e/Jannik-Vestergaard"
2025,"Leicester City","Premier League","Danny Ward","WAL","GK","31",1993,2,1,135,1.5,0,0,0,0,0,0,0,0,0,0,0,0,0,0,0,0,0,0,0,0,0,0,0,0,0,"https://fbref.com/en/players/d3ce0e89/Danny-Ward"
2025,"Leicester City","Premier League","Harry Winks","ENG","MF","28",1996,22,17,1538,17.1,0,2,2,0,0,0,4,0,19,101,11,0,0.12,0.12,0,0.12,0.2,0.2,1.2,1.5,0.01,0.07,0.09,0.01,0.09,"https://fbref.com/en/players/2f7acede/Harry-Winks"
2025,"Liverpool","Premier League","Trent Alexander-Arnold","ENG","DF","25",1998,33,28,2365,26.3,3,6,9,3,0,0,5,0,51,232,94,0.11,0.23,0.34,0.11,0.34,1.9,1.9,7.3,9.2,0.07,0.28,0.35,0.07,0.35,"https://fbref.com/en/players/cd1acf9d/Trent-Alexander-Arnold"
2025,"Liverpool","Premier League","Alisson","BRA","GK","31",1992,28,28,2508,27.9,0,0,0,0,0,0,0,0,0,1,0,0,0,0,0,0,0,0,0.6,0.6,0,0.02,0.02,0,0.02,"https://fbref.com/en/players/7a2e46a8/Alisson"
2025,"Liverpool","Premier League","Conor Bradley","NIR","DF","21",2003,19,7,754,8.4,0,2,2,0,0,0,4,0,35,33,39,0,0.24,0.24,0,0.24,0.7,0.7,1.4,2.1,0.08,0.17,0.25,0.08,0.25,"https://fbref.com/en/players/bbd67769/Conor-Bradley"
2025,"Liverpool","Premier League","Federico Chiesa","ITA","FW","26",1997,6,1,108,1.2,0,0,0,0,0,0,0,0,3,3,7,0,0,0,0,0,0.3,0.3,0.2,0.5,0.28,0.15,0.43,0.28,0.43,"https://fbref.com/en/players/b0f7e36c/Federico-Chiesa"
2025,"Liverpool","Premier League","Jayden Danns","ENG","MF","18",2006,1,0,11,0.1,0,0,0,0,0,0,0,0,0,0,0,0,0,0,0,0,0,0,0,0,0,0,0,0,0,"https://fbref.com/en/players/003cf4d1/Jayden-Danns"
2025,"Liverpool","Premier League","Luis Díaz","COL","FW","27",1997,36,28,2399,26.7,13,5,18,13,0,0,2,0,108,110,293,0.49,0.19,0.68,0.49,0.68,12,12,5,17.1,0.45,0.19,0.64,0.45,0.64,"https://fbref.com/en/players/4a1a9578/Luis-Diaz"
2025,"Liverpool","Premier League","Harvey Elliott","ENG","MF","21",2003,18,2,371,4.1,1,2,3,1,0,0,1,0,10,44,30,0.24,0.49,0.73,0.24,0.73,1.8,1.8,1.1,2.8,0.43,0.26,0.69,0.43,0.69,"https://fbref.com/en/players/b9e1436c/Harvey-Elliott"
2025,"Liverpool","Premier League","Wataru Endo","JPN","MF,DF","31",1993,20,1,273,3,0,0,0,0,0,0,0,0,1,19,8,0,0,0,0,0,0,0,0.1,0.1,0,0.02,0.02,0,0.02,"https://fbref.com/en/players/c149016b/Wataru-Endo"
2025,"Liverpool","Premier League","Cody Gakpo","NED","FW","25",1999,35,23,1935,21.5,10,4,14,10,0,0,5,0,59,52,278,0.47,0.19,0.65,0.47,0.65,7.1,7.1,4.4,11.5,0.33,0.2,0.53,0.33,0.53,"https://fbref.com/en/players/1971591f/Cody-Gakpo"
2025,"Liverpool","Premier League","Joe Gomez","ENG","DF","27",1997,9,6,519,5.8,0,0,0,0,0,0,1,0,5,35,2,0,0,0,0,0,0.3,0.3,0.1,0.4,0.06,0.02,0.08,0.06,0.08,"https://fbref.com/en/players/7a11550b/Joe-Gomez"
2025,"Liverpool","Premier League","Ryan Gravenberch","NED","MF","22",2002,37,37,3160,35.1,0,4,4,0,0,0,6,1,70,181,55,0,0.11,0.11,0,0.11,1.1,1.1,3.1,4.2,0.03,0.09,0.12,0.03,0.12,"https://fbref.com/en/players/b8e740fb/Ryan-Gravenberch"
2025,"Liverpool","Premier League","Vitezslav Jaros","CZE","GK","23",2001,1,0,12,0.1,0,0,0,0,0,0,0,0,0,0,0,0,0,0,0,0,0,0,0,0,0,0,0,0,0,"https://fbref.com/en/players/12bb4d6a/Vitezslav-Jaros"
2025,"Liverpool","Premier League","Curtis Jones","ENG","MF,DF","23",2001,33,19,1712,19,3,3,6,3,0,0,3,1,30,117,79,0.16,0.16,0.32,0.16,0.32,4.3,4.3,1.1,5.4,0.23,0.06,0.29,0.23,0.29,"https://fbref.com/en/players/4fb9c88f/Curtis-Jones"
2025,"Liverpool","Premier League","Diogo Jota","POR","FW","27",1996,26,14,1196,13.3,6,3,9,6,0,0,2,0,37,34,88,0.45,0.23,0.68,0.45,0.68,7.9,7.9,1.8,9.8,0.6,0.14,0.74,0.6,0.74,"https://fbref.com/en/players/178ae8f8/Diogo-Jota"
2025,"Liverpool","Premier League","Caoimhín Kelleher","IRL","GK","25",1998,10,10,900,10,0,0,0,0,0,0,0,0,0,0,0,0,0,0,0,0,0,0,0,0,0,0,0,0,0,"https://fbref.com/en/players/62d7ef38/Caoimhin-Kelleher"
2025,"Liverpool","Premier League","Ibrahima Konaté","FRA","DF","25",1999,31,30,2560,28.4,1,2,3,1,0,0,5,0,25,115,3,0.04,0.07,0.11,0.04,0.11,1.7,1.7,1,2.7,0.06,0.03,0.1,0.06,0.1,"https://fbref.com/en/players/5ed9b537/Ibrahima-Konate"
2025,"Liverpool","Premier League","Alexis Mac Allister","ARG","MF","25",1998,35,30,2599,28.9,5,5,10,5,0,0,6,0,36,177,80,0.17,0.17,0.35,0.17,0.35,2.8,2.8,4.7,7.5,0.1,0.16,0.26,0.1,0.26,"https://fbref.com/en/players/83d074ff/Alexis-Mac-Allister"
2025,"Liverpool","Premier League","Darwin Núñez","URU","FW","25",1999,30,8,1133,12.6,5,2,7,5,0,0,8,0,23,27,78,0.4,0.16,0.56,0.4,0.56,5.8,5.8,1.3,7.1,0.46,0.1,0.57,0.46,0.57,"https://fbref.com/en/players/4d77b365/Darwin-Nunez"
2025,"Liverpool","Premier League","Jarell Quansah","ENG","DF","21",2003,13,4,495,5.5,0,0,0,0,0,0,2,0,3,19,4,0,0,0,0,0,0.1,0.1,0.1,0.2,0.02,0.02,0.04,0.02,0.04,"https://fbref.com/en/players/4125cb98/Jarell-Quansah"
2025,"Liverpool","Premier League","Andrew Robertson","SCO","DF","30",1994,33,29,2482,27.6,0,1,1,0,0,0,3,1,64,176,108,0,0.04,0.04,0,0.04,1.2,1.2,4.6,5.8,0.04,0.17,0.21,0.04,0.21,"https://fbref.com/en/players/2e4f5f03/Andrew-Robertson"
2025,"Liverpool","Premier League","Mohamed Salah","EGY","FW","32",1992,38,38,3371,37.5,29,18,47,20,9,9,1,0,154,144,488,0.77,0.48,1.25,0.53,1.01,25.2,18.2,14.2,32.4,0.67,0.38,1.05,0.49,0.87,"https://fbref.com/en/players/e342ad68/Mohamed-Salah"
2025,"Liverpool","Premier League","Dominik Szoboszlai","HUN","MF","23",2000,36,29,2491,27.7,6,6,12,6,0,0,6,0,72,131,127,0.22,0.22,0.43,0.22,0.43,7.3,7.3,7.4,14.7,0.27,0.27,0.53,0.27,0.53,"https://fbref.com/en/players/934e1968/Dominik-Szoboszlai"
2025,"Liverpool","Premier League","Kostas Tsimikas","GRE","DF","28",1996,18,9,837,9.3,0,1,1,0,0,0,2,0,17,76,43,0,0.11,0.11,0,0.11,0.4,0.4,2.1,2.5,0.04,0.23,0.27,0.04,0.27,"https://fbref.com/en/players/f315ca93/Kostas-Tsimikas"
2025,"Liverpool","Premier League","Virgil van Dijk","NED","DF","33",1991,37,37,3330,37,3,1,4,3,0,0,5,0,22,198,6,0.08,0.03,0.11,0.08,0.11,2.2,2.2,0.7,3,0.06,0.02,0.08,0.06,0.08,"https://fbref.com/en/players/e06683ca/Virgil-van-Dijk"
2025,"Manchester City","Premier League","Manuel Akanji","SUI","DF","29",1995,26,23,2014,22.4,0,0,0,0,0,0,3,0,46,158,7,0,0,0,0,0,1.6,1.6,0.4,1.9,0.07,0.02,0.09,0.07,0.09,"https://fbref.com/en/players/89ac64a6/Manuel-Akanji"
2025,"Manchester City","Premier League","Nathan Aké","NED","DF","29",1995,10,8,678,7.5,0,0,0,0,0,0,0,0,12,50,2,0,0,0,0,0,0.2,0.2,0,0.2,0.03,0,0.03,0.03,0.03,"https://fbref.com/en/players/eaeca114/Nathan-Ake"
2025,"Manchester City","Premier League","Oscar Bobb","NOR","FW","21",2003,3,0,16,0.2,0,0,0,0,0,0,0,0,1,1,1,0,0,0,0,0,0,0,0.1,0.1,0,0.41,0.41,0,0.41,"https://fbref.com/en/players/eed2427e/Oscar-Bobb"
2025,"Manchester City","Premier League","Kevin De Bruyne","BEL","MF,FW","33",1991,28,19,1702,18.9,4,7,11,4,0,0,2,0,51,157,150,0.21,0.37,0.58,0.21,0.58,5.1,5.1,8,13.1,0.27,0.42,0.69,0.27,0.69,"https://fbref.com/en/players/e46012d4/Kevin-De-Bruyne"
2025,"Manchester City","Premier League","Rúben Dias","POR","DF","27",1997,27,25,2271,25.2,0,0,0,0,0,0,4,0,43,160,8,0,0,0,0,0,1.5,1.5,0.3,1.8,0.06,0.01,0.07,0.06,0.07,"https://fbref.com/en/players/31c69ef1/Ruben-Dias"
2025,"Manchester City","Premier League","Jeremy Doku","BEL","FW,MF","22",2002,29,16,1516,16.8,3,6,9,3,0,0,1,0,213,69,286,0.18,0.36,0.53,0.18,0.53,1.3,1.3,4.8,6.1,0.08,0.29,0.36,0.08,0.36,"https://fbref.com/en/players/fffea3e5/Jeremy-Doku"
2025,"Manchester City","Premier League","Claudio Echeverri","ARG","FW","18",2006,1,0,6,0.1,0,0,0,0,0,0,0,0,0,1,1,0,0,0,0,0,0,0,0,0,0,0,0,0,0,"https://fbref.com/en/players/49a605df/Claudio-Echeverri"
2025,"Manchester City","Premier League","Ederson","BRA","GK","30",1993,26,26,2320,25.8,0,4,4,0,0,0,4,0,0,2,0,0,0.16,0.16,0,0.16,0,0,1.5,1.5,0,0.06,0.06,0,0.06,"https://fbref.com/en/players/3bb7b8b4/Ederson"
2025,"Manchester City","Premier League","Phil Foden","ENG","MF,FW","24",2000,28,20,1777,19.7,7,2,9,7,0,0,2,0,50,103,128,0.35,0.1,0.46,0.35,0.46,5.2,5.2,4.8,9.9,0.26,0.24,0.5,0.26,0.5,"https://fbref.com/en/players/ed1e53f3/Phil-Foden"
2025,"Manchester City","Premier League","Nicolás González","ESP","MF","22",2002,11,9,760,8.4,1,0,1,1,0,0,3,0,9,50,11,0.12,0,0.12,0.12,0.12,0.5,0.5,0.1,0.5,0.06,0.01,0.06,0.06,0.06,"https://fbref.com/en/players/2c56a792/Nicolas-Gonzalez"
2025,"Manchester City","Premier League","Jack Grealish","ENG","FW,MF","28",1995,20,7,721,8,1,1,2,1,0,0,3,0,69,52,118,0.12,0.12,0.25,0.12,0.25,1.1,1.1,1.8,3,0.14,0.23,0.37,0.14,0.37,"https://fbref.com/en/players/b0b4fd3e/Jack-Grealish"
2025,"Manchester City","Premier League","İlkay Gündoğan","GER","MF","33",1990,33,25,2223,24.7,1,6,7,1,0,0,1,0,64,127,96,0.04,0.24,0.28,0.04,0.28,3.2,3.2,3.5,6.7,0.13,0.14,0.27,0.13,0.27,"https://fbref.com/en/players/819b3158/Ilkay-Gundogan"
2025,"Manchester City","Premier League","Joško Gvardiol","CRO","DF","22",2002,37,36,3277,36.4,5,0,5,5,0,0,2,0,91,264,121,0.14,0,0.14,0.14,0.14,4.6,4.3,2.1,6.3,0.13,0.06,0.18,0.12,0.17,"https://fbref.com/en/players/5ad50391/Josko-Gvardiol"
2025,"Manchester City","Premier League","Erling Haaland","NOR","FW","24",2000,31,31,2736,30.4,22,3,25,19,3,4,2,0,24,20,124,0.72,0.1,0.82,0.62,0.72,22,18.8,3,21.8,0.72,0.1,0.82,0.62,0.72,"https://fbref.com/en/players/1f44ac21/Erling-Haaland"
2025,"Manchester City","Premier League","Abdukodir Khusanov","UZB","DF","20",2004,6,6,503,5.6,0,0,0,0,0,0,1,0,1,25,2,0,0,0,0,0,0,0,0.1,0.1,0,0.02,0.02,0,0.02,"https://fbref.com/en/players/d17ce930/Abdukodir-Khusanov"
2025,"Manchester City","Premier League","Mateo Kovačić","CRO","MF","30",1994,31,25,2198,24.4,6,2,8,6,0,0,5,1,56,164,16,0.25,0.08,0.33,0.25,0.33,1.9,1.9,3.6,5.5,0.08,0.15,0.23,0.08,0.23,"https://fbref.com/en/players/79c0821a/Mateo-Kovacic"
2025,"Manchester City","Premier League","Rico Lewis","ENG","DF,MF","19",2004,28,21,1893,21,1,2,3,1,0,0,5,1,39,107,78,0.05,0.1,0.14,0.05,0.14,1.4,1.4,0.3,1.7,0.07,0.02,0.08,0.07,0.08,"https://fbref.com/en/players/b57e066e/Rico-Lewis"
2025,"Manchester City","Premier League","Omar Marmoush","EGY","FW,MF","25",1999,16,14,1175,13.1,7,0,7,7,0,0,0,0,29,37,78,0.54,0,0.54,0.54,0.54,5.5,5.5,2.8,8.3,0.42,0.21,0.64,0.42,0.64,"https://fbref.com/en/players/0e0102eb/Omar-Marmoush"
2025,"Manchester City","Premier League","James Mcatee","ENG","MF,FW","21",2002,15,3,349,3.9,3,0,3,3,0,0,1,0,7,7,32,0.77,0,0.77,0.77,0.77,2.8,2.8,0.5,3.3,0.72,0.13,0.85,0.72,0.85,"https://fbref.com/en/players/96593e89/James-Mcatee"
2025,"Manchester City","Premier League","Divin Mubama","ENG","FW","19",2004,1,0,28,0.3,0,0,0,0,0,0,0,0,0,1,0,0,0,0,0,0,0,0,0,0,0.12,0,0.12,0.12,0.12,"https://fbref.com/en/players/92868cb5/Divin-Mubama"
2025,"Manchester City","Premier League","Matheus Nunes","POR","DF,MF","25",1998,26,19,1674,18.6,1,6,7,1,0,0,4,0,63,79,175,0.05,0.32,0.38,0.05,0.38,1.2,1.2,4.4,5.6,0.07,0.23,0.3,0.07,0.3,"https://fbref.com/en/players/e6af02e0/Matheus-Nunes"
2025,"Manchester City","Premier League","Stefan Ortega","GER","GK","31",1992,13,12,1100,12.2,0,0,0,0,0,0,1,0,0,0,0,0,0,0,0,0,0,0,0,0,0,0,0,0,0,"https://fbref.com/en/players/c1242d4e/Stefan-Ortega"
2025,"Manchester City","Premier League","Nico O’Reilly","ENG","DF","19",2005,9,6,528,5.9,2,0,2,2,0,0,0,0,16,17,26,0.34,0,0.34,0.34,0.34,1.3,1.3,0.4,1.6,0.22,0.06,0.28,0.22,0.28,"https://fbref.com/en/players/91ca4a16/Nico-OReilly"
2025,"Manchester City","Premier League","Vitor Reis","BRA","DF","18",2006,1,0,1,0,0,0,0,0,0,0,0,0,0,0,0,0,0,0,0,0,0,0,0,0,0,0,0,0,0,"https://fbref.com/en/players/c4ce0ab5/Vitor-Reis"
2025,"Manchester City","Premier League","Rodri","ESP","MF","28",1996,3,1,73,0.8,0,0,0,0,0,0,0,0,1,4,1,0,0,0,0,0,0,0,0,0,0,0.06,0.06,0,0.06,"https://fbref.com/en/players/6434f10d/Rodri"
2025,"Manchester City","Premier League","Sávio","BRA","FW,MF","20",2004,29,21,1766,19.6,1,8,9,1,0,0,3,0,137,67,246,0.05,0.41,0.46,0.05,0.46,5,5,6.9,11.9,0.26,0.35,0.61,0.26,0.61,"https://fbref.com/en/players/fe6e7156/Savio"
2025,"Manchester City","Premier League","Bernardo Silva","POR","MF,FW","29",1994,33,29,2670,29.7,4,4,8,4,0,0,7,0,101,134,200,0.13,0.13,0.27,0.13,0.27,3.9,3.9,5.1,9,0.13,0.17,0.3,0.13,0.3,"https://fbref.com/en/players/3eb22ec9/Bernardo-Silva"
2025,"Manchester City","Premier League","Jahmai Simpson-Pusey","ENG","DF","18",2005,2,1,96,1.1,0,0,0,0,0,0,1,0,1,3,0,0,0,0,0,0,0,0,0,0,0,0,0,0,0,"https://fbref.com/en/players/383b10fd/Jahmai-Simpson-Pusey"
2025,"Manchester City","Premier League","John Stones","ENG","DF,MF","30",1994,11,6,548,6.1,2,0,2,2,0,0,1,0,10,21,2,0.33,0,0.33,0.33,0.33,0.4,0.4,0.1,0.5,0.07,0.01,0.08,0.07,0.08,"https://fbref.com/en/players/5eecec3d/John-Stones"
2025,"Manchester City","Premier League","Kyle Walker","ENG","DF","34",1990,15,9,970,10.8,0,0,0,0,0,0,3,0,12,64,11,0,0,0,0,0,0.1,0.1,0.4,0.6,0.01,0.04,0.05,0.01,0.05,"https://fbref.com/en/players/86dd77d1/Kyle-Walker"
2025,"Manchester Utd","Premier League","Harry Amass","ENG","DF","17",2007,5,4,346,3.8,0,0,0,0,0,0,0,0,9,7,23,0,0,0,0,0,0.1,0.1,0,0.1,0.02,0.01,0.02,0.02,0.02,"https://fbref.com/en/players/7b47100c/Harry-Amass"
2025,"Manchester Utd","Premier League","Antony","BRA","DF,MF","24",2000,8,0,141,1.6,0,0,0,0,0,0,0,0,5,6,7,0,0,0,0,0,1,1,0.1,1.1,0.65,0.08,0.73,0.65,0.73,"https://fbref.com/en/players/99127249/Antony"
2025,"Manchester Utd","Premier League","Altay Bayındır","TUR","GK","26",1998,4,4,360,4,0,0,0,0,0,0,0,0,0,0,0,0,0,0,0,0,0,0,0,0,0,0,0,0,0,"https://fbref.com/en/players/072e68ed/Altay-Bayindir"
2025,"Manchester Utd","Premier League","Casemiro","BRA","MF","32",1992,24,18,1494,16.6,1,0,1,1,0,0,5,0,4,84,28,0.06,0,0.06,0.06,0.06,1.9,1.9,2.3,4.2,0.11,0.14,0.25,0.11,0.25,"https://fbref.com/en/players/4d224fe8/Casemiro"
2025,"Manchester Utd","Premier League","Toby Collyer","ENG","MF","20",2004,6,0,179,2,0,0,0,0,0,0,0,0,0,5,2,0,0,0,0,0,0.2,0.2,0.3,0.4,0.09,0.13,0.22,0.09,0.22,"https://fbref.com/en/players/4f9091bc/Toby-Collyer"
2025,"Manchester Utd","Premier League","Diogo Dalot","POR","DF","25",1999,33,31,2814,31.3,0,3,3,0,0,0,5,0,62,103,168,0,0.1,0.1,0,0.1,2,2,2,4.1,0.07,0.07,0.13,0.07,0.13,"https://fbref.com/en/players/d9565625/Diogo-Dalot"
2025,"Manchester Utd","Premier League","Amad Diallo","CIV","MF,FW","22",2002,26,20,1901,21.1,8,6,14,8,0,0,5,0,109,60,200,0.38,0.28,0.66,0.38,0.66,4.7,4.7,4.9,9.6,0.22,0.23,0.45,0.22,0.45,"https://fbref.com/en/players/9dc96f10/Amad-Diallo"
2025,"Manchester Utd","Premier League","Patrick Dorgu","DEN","DF","19",2004,12,10,842,9.4,0,0,0,0,0,0,3,1,41,34,83,0,0,0,0,0,0.4,0.4,0.7,1.2,0.05,0.08,0.12,0.05,0.12,"https://fbref.com/en/players/e6536124/Patrick-Dorgu"
2025,"Manchester Utd","Premier League","Christian Eriksen","DEN","MF","32",1992,23,11,1061,11.8,1,2,3,0,1,1,4,0,13,55,29,0.08,0.17,0.25,0,0.17,1.4,0.6,3.2,3.8,0.12,0.27,0.39,0.05,0.32,"https://fbref.com/en/players/980522ec/Christian-Eriksen"
2025,"Manchester Utd","Premier League","Jonny Evans","NIR","DF","36",1988,7,3,315,3.5,0,0,0,0,0,0,1,0,3,10,3,0,0,0,0,0,0.1,0.1,0,0.1,0.04,0,0.04,0.04,0.04,"https://fbref.com/en/players/f8fcd2a5/Jonny-Evans"
2025,"Manchester Utd","Premier League","Bruno Fernandes","POR","MF","29",1994,36,35,3018,33.5,8,10,18,5,3,3,5,2,77,325,129,0.24,0.3,0.54,0.15,0.45,9.9,7.6,8.5,16.1,0.3,0.25,0.55,0.23,0.48,"https://fbref.com/en/players/507c7bdf/Bruno-Fernandes"
2025,"Manchester Utd","Premier League","Tyler Fredricson","ENG","DF","19",2005,2,2,165,1.8,0,0,0,0,0,0,0,0,2,8,0,0,0,0,0,0,0,0,0,0,0,0,0,0,0,"https://fbref.com/en/players/58630379/Tyler-Fredricson"
2025,"Manchester Utd","Premier League","Alejandro Garnacho","ARG","MF,FW","20",2004,36,23,2199,24.4,6,2,8,6,0,0,3,0,141,56,290,0.25,0.08,0.33,0.25,0.33,7.3,7.3,4.5,11.8,0.3,0.19,0.48,0.3,0.48,"https://fbref.com/en/players/7aa8adfe/Alejandro-Garnacho"
2025,"Manchester Utd","Premier League","Ayden Heaven","ENG","DF","17",2006,4,2,170,1.9,0,0,0,0,0,0,1,0,1,7,1,0,0,0,0,0,0.1,0.1,0,0.2,0.07,0.01,0.08,0.07,0.08,"https://fbref.com/en/players/64e17fab/Ayden-Heaven"
2025,"Manchester Utd","Premier League","Rasmus Højlund","DEN","FW","21",2003,32,23,2004,22.3,4,0,4,4,0,0,2,0,28,18,101,0.18,0,0.18,0.18,0.18,5.3,5.3,1.8,7.1,0.24,0.08,0.32,0.24,0.32,"https://fbref.com/en/players/491a433d/Rasmus-Hojlund"
2025,"Manchester Utd","Premier League","Matthijs de Ligt","NED","DF","24",1999,29,25,2123,23.6,2,0,2,2,0,0,3,0,7,55,6,0.08,0,0.08,0.08,0.08,2.5,2.5,0.3,2.8,0.1,0.01,0.12,0.1,0.12,"https://fbref.com/en/players/d6e53a3a/Matthijs-de-Ligt"
2025,"Manchester Utd","Premier League","Victor Lindelöf","SWE","DF","30",1994,16,6,704,7.8,0,0,0,0,0,0,1,0,5,26,4,0,0,0,0,0,0,0,0.1,0.1,0,0.01,0.01,0,0.01,"https://fbref.com/en/players/f5deef4c/Victor-Lindelof"
2025,"Manchester Utd","Premier League","Harry Maguire","ENG","DF","31",1993,27,19,1758,19.5,1,0,1,1,0,0,7,0,7,51,7,0.05,0,0.05,0.05,0.05,1.8,1.8,0.6,2.4,0.09,0.03,0.12,0.09,0.12,"https://fbref.com/en/players/d8931174/Harry-Maguire"
2025,"Manchester Utd","Premier League","Kobbie Mainoo","ENG","MF","19",2005,25,19,1651,18.3,0,0,0,0,0,0,5,0,22,65,47,0,0,0,0,0,0.7,0.7,1.6,2.3,0.04,0.09,0.12,0.04,0.12,"https://fbref.com/en/players/c6220452/Kobbie-Mainoo"
2025,"Manchester Utd","Premier League","Tyrell Malacia","NED","DF","24",1999,3,2,100,1.1,0,0,0,0,0,0,1,0,3,3,6,0,0,0,0,0,0,0,0,0,0,0.03,0.03,0,0.03,"https://fbref.com/en/players/6b6c793c/Tyrell-Malacia"
2025,"Manchester Utd","Premier League","Lisandro Martínez","ARG","DF","26",1998,20,20,1751,19.5,2,1,3,2,0,0,7,0,23,117,7,0.1,0.05,0.15,0.1,0.15,1.3,1.3,1.1,2.4,0.07,0.06,0.13,0.07,0.13,"https://fbref.com/en/players/bac46a10/Lisandro-Martinez"
2025,"Manchester Utd","Premier League","Noussair Mazraoui","MAR","DF","26",1997,37,34,2838,31.5,0,1,1,0,0,0,3,0,42,115,58,0,0.03,0.03,0,0.03,0.7,0.7,1.5,2.2,0.02,0.05,0.07,0.02,0.07,"https://fbref.com/en/players/b74277a0/Noussair-Mazraoui"
2025,"Manchester Utd","Premier League","Scott McTominay","SCO","MF","27",1996,2,0,19,0.2,0,0,0,0,0,0,0,0,0,1,2,0,0,0,0,0,0.1,0.1,0,0.1,0.33,0,0.33,0.33,0.33,"https://fbref.com/en/players/d93c2511/Scott-McTominay"
2025,"Manchester Utd","Premier League","Mason Mount","ENG","MF","25",1999,17,8,622,6.9,1,0,1,1,0,0,3,0,15,33,41,0.14,0,0.14,0.14,0.14,3.2,3.2,0.6,3.8,0.47,0.08,0.55,0.47,0.55,"https://fbref.com/en/players/9674002f/Mason-Mount"
2025,"Manchester Utd","Premier League","Chidozie Obi-Martin","DEN","FW","16",2007,7,1,165,1.8,0,0,0,0,0,0,1,0,2,1,12,0,0,0,0,0,0.7,0.7,0,0.7,0.36,0,0.36,0.36,0.36,"https://fbref.com/en/players/0c9bfc3b/Chidozie-Obi-Martin"
2025,"Manchester Utd","Premier League","André Onana","CMR","GK","28",1996,34,34,3060,34,0,0,0,0,0,0,0,0,0,1,0,0,0,0,0,0,0,0,0.2,0.2,0,0,0,0,0,"https://fbref.com/en/players/e9c0c1b2/Andre-Onana"
2025,"Manchester Utd","Premier League","Marcus Rashford","ENG","FW,MF","26",1997,15,12,978,10.9,4,1,5,4,0,0,2,0,20,21,79,0.37,0.09,0.46,0.37,0.46,1.7,1.7,2.1,3.8,0.16,0.19,0.35,0.16,0.35,"https://fbref.com/en/players/a1d5bd30/Marcus-Rashford"
2025,"Manchester Utd","Premier League","Luke Shaw","ENG","DF","29",1995,7,4,349,3.9,0,0,0,0,0,0,1,0,7,24,7,0,0,0,0,0,0,0,0.7,0.7,0.01,0.18,0.19,0.01,0.19,"https://fbref.com/en/players/9c94165b/Luke-Shaw"
2025,"Manchester Utd","Premier League","Manuel Ugarte Ribeiro","URU","MF","23",2001,29,22,1785,19.8,1,2,3,1,0,0,11,0,16,61,20,0.05,0.1,0.15,0.05,0.15,1,1,1.1,2.1,0.05,0.06,0.11,0.05,0.11,"https://fbref.com/en/players/c9817014/Manuel-Ugarte-Ribeiro"
2025,"Manchester Utd","Premier League","Leny Yoro","FRA","DF","18",2005,21,12,1165,12.9,0,0,0,0,0,0,5,0,19,52,4,0,0,0,0,0,0.7,0.7,0.1,0.8,0.05,0.01,0.06,0.05,0.06,"https://fbref.com/en/players/6763f716/Leny-Yoro"
2025,"Manchester Utd","Premier League","Joshua Zirkzee","NED","FW,MF","23",2001,32,14,1402,15.6,3,1,4,3,0,0,2,0,14,44,69,0.19,0.06,0.26,0.19,0.26,4.8,4.8,1.5,6.3,0.31,0.1,0.41,0.31,0.41,"https://fbref.com/en/players/028e70b9/Joshua-Zirkzee"
2025,"Newcastle Utd","Premier League","Miguel Almirón","PAR","FW","30",1994,9,1,157,1.7,0,0,0,0,0,0,0,0,3,6,18,0,0,0,0,0,0.5,0.5,0.3,0.8,0.3,0.15,0.45,0.3,0.45,"https://fbref.com/en/players/862a1c15/Miguel-Almiron"
2025,"Newcastle Utd","Premier League","Harvey Barnes","ENG","FW","26",1997,33,17,1755,19.5,9,4,13,9,0,0,0,0,93,83,192,0.46,0.21,0.67,0.46,0.67,7.2,7.2,4,11.2,0.37,0.2,0.57,0.37,0.57,"https://fbref.com/en/players/3ea50f67/Harvey-Barnes"
2025,"Newcastle Utd","Premier League","Sven Botman","NED","DF","24",2000,8,6,412,4.6,0,0,0,0,0,0,1,0,0,7,0,0,0,0,0,0,0.5,0.5,0.5,1.1,0.12,0.12,0.24,0.12,0.24,"https://fbref.com/en/players/ccce7025/Sven-Botman"
2025,"Newcastle Utd","Premier League","Dan Burn","ENG","DF","32",1992,37,37,3330,37,1,1,2,1,0,0,11,0,12,75,14,0.03,0.03,0.05,0.03,0.05,2,2,0.9,2.8,0.05,0.02,0.08,0.05,0.08,"https://fbref.com/en/players/b2d31e83/Dan-Burn"
2025,"Newcastle Utd","Premier League","Martin Dúbravka","SVK","GK","35",1989,10,10,900,10,0,0,0,0,0,0,0,0,0,0,0,0,0,0,0,0,0,0,0,0,0,0,0,0,0,"https://fbref.com/en/players/3a949a25/Martin-Dubravka"
2025,"Newcastle Utd","Premier League","Anthony Gordon","ENG","FW,MF","23",2001,34,28,2434,27,6,5,11,5,1,2,2,0,121,98,214,0.22,0.18,0.41,0.18,0.37,8,6.5,5,11.4,0.3,0.18,0.48,0.24,0.42,"https://fbref.com/en/players/2bd83368/Anthony-Gordon"
2025,"Newcastle Utd","Premier League","Bruno Guimarães","BRA","MF","26",1997,38,38,3271,36.3,5,6,11,5,0,0,7,0,64,271,96,0.14,0.17,0.3,0.14,0.3,4.3,4.3,6.1,10.4,0.12,0.17,0.29,0.12,0.29,"https://fbref.com/en/players/82518f62/Bruno-Guimaraes"
2025,"Newcastle Utd","Premier League","Lewis Hall","ENG","DF","19",2004,27,24,2189,24.3,0,4,4,0,0,0,3,0,41,123,80,0,0.16,0.16,0,0.16,0.4,0.4,4.3,4.7,0.02,0.18,0.19,0.02,0.19,"https://fbref.com/en/players/da011f18/Lewis-Hall"
2025,"Newcastle Utd","Premier League","Alexander Isak","SWE","FW","24",1999,34,34,2756,30.6,23,6,29,19,4,4,1,0,83,88,217,0.75,0.2,0.95,0.62,0.82,20.3,17.2,4.3,21.6,0.66,0.14,0.81,0.56,0.7,"https://fbref.com/en/players/8e92be30/Alexander-Isak"
2025,"Newcastle Utd","Premier League","Joelinton","BRA","MF,FW","27",1996,29,29,2393,26.6,4,3,7,4,0,0,10,0,40,116,110,0.15,0.11,0.26,0.15,0.26,3.9,3.9,2.5,6.4,0.15,0.09,0.24,0.15,0.24,"https://fbref.com/en/players/c17bfb65/Joelinton"
2025,"Newcastle Utd","Premier League","Lloyd Kelly","ENG","DF","25",1998,10,4,303,3.4,0,1,1,0,0,0,2,0,0,9,5,0,0.3,0.3,0,0.3,0.4,0.4,0.5,0.9,0.12,0.14,0.26,0.12,0.26,"https://fbref.com/en/players/f31def1e/Lloyd-Kelly"
2025,"Newcastle Utd","Premier League","Emil Krafth","SWE","DF","29",1994,12,2,342,3.8,0,0,0,0,0,0,2,0,5,8,3,0,0,0,0,0,0,0,0.1,0.1,0.01,0.02,0.03,0.01,0.03,"https://fbref.com/en/players/77cf6852/Emil-Krafth"
2025,"Newcastle Utd","Premier League","Valentino Livramento","ENG","DF","21",2002,37,32,2840,31.6,0,1,1,0,0,0,1,0,83,158,119,0,0.03,0.03,0,0.03,0.3,0.3,2.6,2.9,0.01,0.08,0.09,0.01,0.09,"https://fbref.com/en/players/afed6722/Valentino-Livramento"
2025,"Newcastle Utd","Premier League","Sean Longstaff","ENG","MF","26",1997,25,8,798,8.9,0,0,0,0,0,0,2,0,4,40,22,0,0,0,0,0,0.6,0.6,0.2,0.8,0.07,0.02,0.09,0.07,0.09,"https://fbref.com/en/players/a2b105e0/Sean-Longstaff"
2025,"Newcastle Utd","Premier League","Lewis Miley","ENG","MF","18",2006,14,1,313,3.5,1,0,1,1,0,0,0,0,2,17,8,0.29,0,0.29,0.29,0.29,0.5,0.5,0,0.6,0.16,0.01,0.16,0.16,0.16,"https://fbref.com/en/players/2c6835e5/Lewis-Miley"
2025,"Newcastle Utd","Premier League","Jacob Murphy","ENG","FW","29",1995,35,31,2360,26.2,8,12,20,8,0,0,4,0,79,83,231,0.31,0.46,0.76,0.31,0.76,5.7,5.7,8.9,14.6,0.22,0.34,0.56,0.22,0.56,"https://fbref.com/en/players/de112b84/Jacob-Murphy"
2025,"Newcastle Utd","Premier League","William Osula","DEN","FW","20",2003,14,0,134,1.5,1,0,1,1,0,0,0,0,5,4,17,0.67,0,0.67,0.67,0.67,0.2,0.2,0.1,0.3,0.11,0.1,0.21,0.11,0.21,"https://fbref.com/en/players/7b355808/William-Osula"
2025,"Newcastle Utd","Premier League","Nick Pope","ENG","GK","32",1992,28,28,2520,28,0,0,0,0,0,0,2,0,0,1,0,0,0,0,0,0,0,0,0,0,0,0,0,0,0,"https://fbref.com/en/players/4b40d9ca/Nick-Pope"
2025,"Newcastle Utd","Premier League","Fabian Schär","SUI","DF","32",1991,34,33,2934,32.6,4,0,4,4,0,0,9,1,18,118,22,0.12,0,0.12,0.12,0.12,3.7,3.7,0.4,4.1,0.11,0.01,0.13,0.11,0.13,"https://fbref.com/en/players/c8aa95da/Fabian-Schar"
2025,"Newcastle Utd","Premier League","Matt Targett","ENG","DF","28",1995,2,0,21,0.2,0,0,0,0,0,0,0,0,0,0,1,0,0,0,0,0,0,0,0,0,0,0,0,0,0,"https://fbref.com/en/players/e514ab62/Matt-Targett"
2025,"Newcastle Utd","Premier League","Sandro Tonali","ITA","MF","24",2000,36,28,2630,29.2,4,2,6,4,0,0,5,0,37,128,53,0.14,0.07,0.21,0.14,0.21,4.4,4.4,2.2,6.6,0.15,0.07,0.22,0.15,0.22,"https://fbref.com/en/players/0db169ae/Sandro-Tonali"
2025,"Newcastle Utd","Premier League","Kieran Trippier","ENG","DF","33",1990,25,14,1309,14.5,0,3,3,0,0,0,1,0,26,117,58,0,0.21,0.21,0,0.21,0.1,0.1,1.4,1.5,0.01,0.1,0.1,0.01,0.1,"https://fbref.com/en/players/21512407/Kieran-Trippier"
2025,"Newcastle Utd","Premier League","Joe Willock","ENG","MF,FW","24",1999,32,11,1086,12.1,0,2,2,0,0,0,4,0,38,41,86,0,0.17,0.17,0,0.17,1.6,1.6,2.1,3.8,0.14,0.18,0.31,0.14,0.31,"https://fbref.com/en/players/a3b03921/Joe-Willock"
2025,"Newcastle Utd","Premier League","Callum Wilson","ENG","FW","32",1992,18,2,370,4.1,0,0,0,0,0,0,1,0,5,4,17,0,0,0,0,0,0.4,0.4,0.1,0.5,0.09,0.03,0.12,0.09,0.12,"https://fbref.com/en/players/c596fcb0/Callum-Wilson"
2025,"Nott'ham Forest","Premier League","Ola Aina","NGA","DF","27",1996,35,35,2995,33.3,2,1,3,2,0,0,5,0,67,107,67,0.06,0.03,0.09,0.06,0.09,0.6,0.6,1.4,2.1,0.02,0.04,0.06,0.02,0.06,"https://fbref.com/en/players/246d153b/Ola-Aina"
2025,"Nott'ham Forest","Premier League","Elliot Anderson","ENG","MF","21",2002,37,33,2728,30.3,2,6,8,2,0,0,10,0,52,143,95,0.07,0.2,0.26,0.07,0.26,2.1,2.1,3.3,5.4,0.07,0.11,0.18,0.07,0.18,"https://fbref.com/en/players/de31038e/Elliot-Anderson"
2025,"Nott'ham Forest","Premier League","Taiwo Awoniyi","NGA","FW","26",1997,26,3,416,4.6,1,0,1,1,0,0,0,0,6,7,20,0.22,0,0.22,0.22,0.22,2.1,2.1,0.1,2.2,0.46,0.02,0.48,0.46,0.48,"https://fbref.com/en/players/e5478b87/Taiwo-Awoniyi"
2025,"Nott'ham Forest","Premier League","Willy Boly","CIV","DF","33",1991,6,1,150,1.7,0,0,0,0,0,0,1,0,0,2,0,0,0,0,0,0,0.1,0.1,0,0.1,0.04,0,0.04,0.04,0.04,"https://fbref.com/en/players/a4ac4b8f/Willy-Boly"
2025,"Nott'ham Forest","Premier League","Danilo","BRA","MF,FW","23",2001,8,5,275,3.1,0,0,0,0,0,0,0,0,2,11,1,0,0,0,0,0,0,0,0,0,0,0,0,0,0,"https://fbref.com/en/players/a816dbfb/Danilo"
2025,"Nott'ham Forest","Premier League","Nicolás Domínguez","ARG","MF,FW","26",1998,34,23,1963,21.8,0,1,1,0,0,0,9,0,16,83,33,0,0.05,0.05,0,0.05,1.5,1.5,1.3,2.8,0.07,0.06,0.13,0.07,0.13,"https://fbref.com/en/players/20b3a502/Nicolas-Dominguez"
2025,"Nott'ham Forest","Premier League","Anthony Elanga","SWE","FW,MF","22",2002,38,31,2501,27.8,6,11,17,6,0,0,1,0,102,63,229,0.22,0.4,0.61,0.22,0.61,4.5,4.5,5.7,10.1,0.16,0.2,0.36,0.16,0.36,"https://fbref.com/en/players/2fba6108/Anthony-Elanga"
2025,"Nott'ham Forest","Premier League","Morgan Gibbs-White","ENG","MF","24",2000,34,34,2803,31.1,7,8,15,7,0,0,11,1,69,164,136,0.22,0.26,0.48,0.22,0.48,6.3,6.3,5,11.2,0.2,0.16,0.36,0.2,0.36,"https://fbref.com/en/players/32f60ed8/Morgan-Gibbs-White"
2025,"Nott'ham Forest","Premier League","Callum Hudson-Odoi","ENG","FW,MF","23",2000,31,25,2194,24.4,5,2,7,5,0,0,2,0,130,71,189,0.21,0.08,0.29,0.21,0.29,2.5,2.5,2.7,5.2,0.1,0.11,0.21,0.1,0.21,"https://fbref.com/en/players/15f3ec41/Callum-Hudson-Odoi"
2025,"Nott'ham Forest","Premier League","Nikola Milenković","SRB","DF","26",1997,37,37,3330,37,5,2,7,5,0,0,4,0,3,51,6,0.14,0.05,0.19,0.14,0.19,4,4,1.1,5.1,0.11,0.03,0.14,0.11,0.14,"https://fbref.com/en/players/bee704fc/Nikola-Milenkovic"
2025,"Nott'ham Forest","Premier League","Morato","BRA","DF","23",2001,26,6,907,10.1,0,0,0,0,0,0,5,0,1,19,1,0,0,0,0,0,0.2,0.2,0,0.2,0.02,0,0.02,0.02,0.02,"https://fbref.com/en/players/0f41e2ee/Morato"
2025,"Nott'ham Forest","Premier League","Álex Moreno","ESP","DF,MF","31",1993,15,11,955,10.6,0,1,1,0,0,0,2,0,26,34,34,0,0.09,0.09,0,0.09,0.2,0.2,1.3,1.4,0.02,0.12,0.13,0.02,0.13,"https://fbref.com/en/players/16e9d0ea/Alex-Moreno"
2025,"Nott'ham Forest","Premier League","Murillo","BRA","DF","22",2002,36,36,3188,35.4,2,0,2,2,0,0,6,0,22,115,5,0.06,0,0.06,0.06,0.06,1.4,1.4,1.2,2.6,0.04,0.03,0.07,0.04,0.07,"https://fbref.com/en/players/1704b0b8/Murillo"
2025,"Nott'ham Forest","Premier League","Ibrahim Sangaré","CIV","MF","26",1997,13,7,590,6.6,0,1,1,0,0,0,3,0,1,27,4,0,0.15,0.15,0,0.15,0,0,0.4,0.4,0,0.06,0.06,0,0.06,"https://fbref.com/en/players/bced0375/Ibrahim-Sangare"
2025,"Nott'ham Forest","Premier League","Matz Sels","BEL","GK","32",1992,38,38,3420,38,0,0,0,0,0,0,4,0,1,2,0,0,0,0,0,0,0,0,0.4,0.4,0,0.01,0.01,0,0.01,"https://fbref.com/en/players/834b5c4c/Matz-Sels"
2025,"Nott'ham Forest","Premier League","Jota Silva","POR","FW,MF","24",1999,31,5,854,9.5,3,1,4,3,0,0,5,0,21,18,59,0.32,0.11,0.42,0.32,0.42,2.1,2.1,2.9,5,0.22,0.3,0.53,0.22,0.53,"https://fbref.com/en/players/4d77e622/Jota-Silva"
2025,"Nott'ham Forest","Premier League","Eric da Silva Moreira","GER","MF,DF","18",2006,2,0,30,0.3,0,0,0,0,0,0,0,0,1,0,1,0,0,0,0,0,0,0,0,0,0,0,0,0,0,"https://fbref.com/en/players/0a4f579a/Eric-da-Silva-Moreira"
2025,"Nott'ham Forest","Premier League","Ramón Sosa","PAR","FW,MF","24",1999,19,1,295,3.3,1,0,1,1,0,0,1,0,12,6,17,0.31,0,0.31,0.31,0.31,1,1,0.5,1.5,0.31,0.15,0.45,0.31,0.45,"https://fbref.com/en/players/2d3417a1/Ramon-Sosa"
2025,"Nott'ham Forest","Premier League","Harry Toffolo","ENG","DF","28",1995,4,1,137,1.5,0,0,0,0,0,0,1,0,0,2,4,0,0,0,0,0,0,0,0,0,0.01,0,0.01,0.01,0.01,"https://fbref.com/en/players/a105d46a/Harry-Toffolo"
2025,"Nott'ham Forest","Premier League","James Ward-Prowse","ENG","MF","29",1994,9,5,400,4.4,0,1,1,0,0,0,2,1,1,16,3,0,0.23,0.23,0,0.23,0.1,0.1,1.1,1.2,0.01,0.25,0.26,0.01,0.26,"https://fbref.com/en/players/3515d404/James-Ward-Prowse"
2025,"Nott'ham Forest","Premier League","Neco Williams","WAL","DF","23",2001,35,28,2594,28.8,1,3,4,1,0,0,7,0,68,89,103,0.03,0.1,0.14,0.03,0.14,2.3,2.3,1.6,3.9,0.08,0.05,0.13,0.08,0.13,"https://fbref.com/en/players/dd323728/Neco-Williams"
2025,"Nott'ham Forest","Premier League","Chris Wood","NZL","FW","32",1991,36,35,2959,32.9,20,3,23,17,3,3,1,0,14,42,94,0.61,0.09,0.7,0.52,0.61,13.4,11,2.6,13.6,0.41,0.08,0.49,0.34,0.42,"https://fbref.com/en/players/4e9a0555/Chris-Wood"
2025,"Nott'ham Forest","Premier League","Ryan Yates","ENG","MF","26",1997,35,18,1915,21.3,2,1,3,2,0,0,10,0,18,53,16,0.09,0.05,0.14,0.09,0.14,2.3,2.3,1.2,3.5,0.11,0.05,0.16,0.11,0.16,"https://fbref.com/en/players/c1fe2a48/Ryan-Yates"
2025,"Southampton","Premier League","Carlos Alcaraz","ARG","MF","21",2002,1,0,10,0.1,0,0,0,0,0,0,0,0,4,6,1,0,0,0,0,0,0.1,0.1,0.1,0.2,0.62,0.86,1.48,0.62,1.48,"https://fbref.com/en/players/4abac767/Carlos-Alcaraz"
2025,"Southampton","Premier League","Samuel Amo-Ameyaw","ENG","FW,DF","18",2006,2,0,28,0.3,0,0,0,0,0,0,1,0,1,0,3,0,0,0,0,0,0,0,0.1,0.1,0.07,0.22,0.29,0.07,0.29,"https://fbref.com/en/players/9eedf0e0/Samuel-Amo-Ameyaw"
2025,"Southampton","Premier League","Cameron Archer","ENG","FW","23",2001,35,13,1441,16,2,0,2,2,0,1,0,0,22,14,66,0.12,0,0.12,0.12,0.12,5.7,4.9,0.5,5.4,0.36,0.03,0.39,0.31,0.34,"https://fbref.com/en/players/05e8ca6d/Cameron-Archer"
2025,"Southampton","Premier League","Joe Aribo","NGA","MF,DF","28",1996,32,21,2013,22.4,3,0,3,3,0,0,1,0,36,75,65,0.13,0,0.13,0.13,0.13,2.7,2.7,1.6,4.3,0.12,0.07,0.19,0.12,0.19,"https://fbref.com/en/players/328f7d51/Joe-Aribo"
2025,"Southampton","Premier League","Adam Armstrong","ENG","FW,MF","27",1997,20,15,1248,13.9,2,2,4,2,0,1,4,0,25,21,79,0.14,0.14,0.29,0.14,0.29,3.3,2.3,1.2,3.5,0.24,0.09,0.32,0.17,0.25,"https://fbref.com/en/players/68c720b5/Adam-Armstrong"
2025,"Southampton","Premier League","Jan Bednarek","POL","DF","28",1996,30,30,2531,28.1,2,0,2,2,0,0,7,0,5,60,2,0.07,0,0.07,0.07,0.07,0.7,0.7,0.5,1.2,0.02,0.02,0.04,0.02,0.04,"https://fbref.com/en/players/4115ce4e/Jan-Bednarek"
2025,"Southampton","Premier League","Armel Bella Kotchap","GER","DF","22",2001,4,2,331,3.7,0,0,0,0,0,0,0,0,0,5,0,0,0,0,0,0,0.3,0.3,0,0.3,0.09,0,0.09,0.09,0.09,"https://fbref.com/en/players/a39d11bc/Armel-Bella-Kotchap"
2025,"Southampton","Premier League","James Bree","ENG","DF","26",1997,17,13,1075,11.9,0,1,1,0,0,0,0,0,13,34,43,0,0.08,0.08,0,0.08,0.1,0.1,0.9,1,0.01,0.08,0.08,0.01,0.08,"https://fbref.com/en/players/c07b7c5c/James-Bree"
2025,"Southampton","Premier League","Ben Brereton","CHI","FW","25",1999,10,4,449,5,0,0,0,0,0,0,1,0,12,9,42,0,0,0,0,0,0.9,0.9,0.1,1,0.18,0.02,0.2,0.18,0.2,"https://fbref.com/en/players/57827369/Ben-Brereton"
2025,"Southampton","Premier League","Maxwel Cornet","CIV","FW","27",1996,2,1,72,0.8,0,0,0,0,0,0,1,0,1,0,5,0,0,0,0,0,0.2,0.2,0,0.2,0.2,0,0.2,0.2,0.2,"https://fbref.com/en/players/beb391dd/Maxwel-Cornet"
2025,"Southampton","Premier League","Tyler Dibling","ENG","FW,MF","18",2006,33,20,1874,20.8,2,0,2,2,0,0,6,0,69,64,96,0.1,0,0.1,0.1,0.1,2.5,2.5,1.5,4.1,0.12,0.07,0.2,0.12,0.2,"https://fbref.com/en/players/bdcc89ae/Tyler-Dibling"
2025,"Southampton","Premier League","Flynn Downes","ENG","MF","25",1999,27,25,2151,23.9,1,0,1,1,0,0,12,0,29,66,29,0.04,0,0.04,0.04,0.04,0.6,0.6,1.1,1.7,0.03,0.05,0.07,0.03,0.07,"https://fbref.com/en/players/69fdb896/Flynn-Downes"
2025,"Southampton","Premier League","Samuel Edozie","ENG","DF,FW","21",2003,2,0,65,0.7,0,0,0,0,0,0,1,0,6,4,23,0,0,0,0,0,0,0,0.1,0.1,0,0.14,0.14,0,0.14,"https://fbref.com/en/players/007414dd/Samuel-Edozie"
2025,"Southampton","Premier League","Ronnie Edwards","ENG","DF","21",2003,1,0,12,0.1,0,0,0,0,0,0,0,0,0,0,0,0,0,0,0,0,0,0,0,0,0,0,0,0,0,"https://fbref.com/en/players/be90c4b0/Ronnie-Edwards"
2025,"Southampton","Premier League","Mateus Fernandes","POR","MF","20",2004,36,34,2909,32.3,2,4,6,2,0,0,8,0,76,145,108,0.06,0.12,0.19,0.06,0.19,4,4,3,7,0.12,0.09,0.22,0.12,0.22,"https://fbref.com/en/players/ef491564/Mateus-Fernandes"
2025,"Southampton","Premier League","Ryan Fraser","SCO","FW,DF","30",1994,8,4,306,3.4,0,0,0,0,0,0,0,1,10,8,18,0,0,0,0,0,0,0,0.1,0.1,0.01,0.03,0.04,0.01,0.04,"https://fbref.com/en/players/d56543a0/Ryan-Fraser"
2025,"Southampton","Premier League","Albert Grønbaek","DEN","FW,MF","23",2001,4,2,143,1.6,0,0,0,0,0,0,0,0,1,1,3,0,0,0,0,0,0.1,0.1,0,0.1,0.07,0.01,0.08,0.07,0.08,"https://fbref.com/en/players/0da5076f/Albert-Gronbaek"
2025,"Southampton","Premier League","Taylor Harwood-Bellis","ENG","DF","22",2002,34,32,2825,31.4,1,0,1,1,0,0,9,0,29,125,9,0.03,0,0.03,0.03,0.03,1.8,1.8,1,2.8,0.06,0.03,0.09,0.06,0.09,"https://fbref.com/en/players/47327321/Taylor-Harwood-Bellis"
2025,"Southampton","Premier League","Joachim Kayi Sanda","FRA","DF","17",2006,2,0,14,0.2,0,0,0,0,0,0,0,0,0,1,0,0,0,0,0,0,0,0,0,0,0,0,0,0,0,"https://fbref.com/en/players/e2b2a181/Joachim-Kayi-Sanda"
2025,"Southampton","Premier League","Adam Lallana","ENG","MF","36",1988,14,5,361,4,0,2,2,0,0,0,4,0,6,24,10,0,0.5,0.5,0,0.5,0.2,0.2,0.9,1.1,0.04,0.23,0.27,0.04,0.27,"https://fbref.com/en/players/99813635/Adam-Lallana"
2025,"Southampton","Premier League","Joe Lumley","ENG","GK","29",1995,3,3,270,3,0,0,0,0,0,0,0,0,0,0,0,0,0,0,0,0,0,0,0,0,0,0,0,0,0,"https://fbref.com/en/players/bdf3a08e/Joe-Lumley"
2025,"Southampton","Premier League","Ryan Manning","IRL","DF,MF","28",1996,24,18,1462,16.2,0,1,1,0,0,0,2,0,14,35,74,0,0.06,0.06,0,0.06,0.3,0.3,3.2,3.6,0.02,0.2,0.22,0.02,0.22,"https://fbref.com/en/players/847b53eb/Ryan-Manning"
2025,"Southampton","Premier League","Alex McCarthy","ENG","GK","34",1989,5,5,450,5,0,0,0,0,0,0,0,0,0,0,0,0,0,0,0,0,0,0,0,0,0,0,0,0,0,"https://fbref.com/en/players/36c2ca73/Alex-McCarthy"
2025,"Southampton","Premier League","Paul Onuachu","NGA","FW","30",1994,25,11,1050,11.7,4,1,5,4,0,0,4,0,7,13,40,0.34,0.09,0.43,0.34,0.43,3.6,3.6,0.5,4.1,0.31,0.04,0.35,0.31,0.35,"https://fbref.com/en/players/c06d1086/Paul-Onuachu"
2025,"Southampton","Premier League","Aaron Ramsdale","ENG","GK","26",1998,30,30,2700,30,0,0,0,0,0,0,2,0,0,0,0,0,0,0,0,0,0,0,0,0,0,0,0,0,0,"https://fbref.com/en/players/466fb2c5/Aaron-Ramsdale"
2025,"Southampton","Premier League","Jay Robinson","ENG","MF,FW","17",2007,4,1,137,1.5,0,0,0,0,0,0,0,0,3,1,10,0,0,0,0,0,0,0,0.7,0.7,0.03,0.44,0.47,0.03,0.47,"https://fbref.com/en/players/2a616c85/Jay-Robinson"
2025,"Southampton","Premier League","William Smallbone","IRL","MF","24",2000,18,6,690,7.7,1,0,1,1,0,0,1,0,5,27,25,0.13,0,0.13,0.13,0.13,0.6,0.6,0.7,1.3,0.07,0.1,0.17,0.07,0.17,"https://fbref.com/en/players/5e105217/William-Smallbone"
2025,"Southampton","Premier League","Jack Stephens","ENG","DF","30",1994,19,17,1389,15.4,1,0,1,1,0,0,2,2,14,63,2,0.06,0,0.06,0.06,0.06,0.6,0.6,0.2,0.7,0.04,0.01,0.05,0.04,0.05,"https://fbref.com/en/players/6adbc307/Jack-Stephens"
2025,"Southampton","Premier League","Ross Stewart","SCO","FW","28",1996,12,4,389,4.3,1,0,1,1,0,0,1,0,3,2,10,0.23,0,0.23,0.23,0.23,1.1,1.1,0,1.1,0.25,0,0.25,0.25,0.25,"https://fbref.com/en/players/18986367/Ross-Stewart"
2025,"Southampton","Premier League","Yukinari Sugawara","JPN","DF,MF","24",2000,30,16,1557,17.3,1,1,2,1,0,0,4,0,33,72,78,0.06,0.06,0.12,0.06,0.12,0.5,0.5,2.2,2.7,0.03,0.13,0.16,0.03,0.16,"https://fbref.com/en/players/580bcd18/Yukinari-Sugawara"
2025,"Southampton","Premier League","Kamaldeen Sulemana","GHA","FW,MF","22",2002,26,17,1402,15.6,1,1,2,1,0,0,2,0,63,27,87,0.06,0.06,0.13,0.06,0.13,1.5,1.5,1,2.5,0.1,0.06,0.16,0.1,0.16,"https://fbref.com/en/players/a62f8bf1/Kamaldeen-Sulemana"
2025,"Southampton","Premier League","Charlie Taylor","ENG","DF","30",1993,8,3,356,4,0,0,0,0,0,0,1,0,3,9,7,0,0,0,0,0,0,0,0.1,0.1,0,0.02,0.02,0,0.02,"https://fbref.com/en/players/cc2d7ad5/Charlie-Taylor"
2025,"Southampton","Premier League","Lesley Ugochukwu","FRA","MF","20",2004,26,18,1655,18.4,1,1,2,1,0,0,7,0,29,49,20,0.05,0.05,0.11,0.05,0.11,0.9,0.9,1,1.9,0.05,0.06,0.1,0.05,0.1,"https://fbref.com/en/players/1df4a109/Lesley-Ugochukwu"
2025,"Southampton","Premier League","Kyle Walker-Peters","ENG","DF","27",1997,33,33,2918,32.4,0,2,2,0,0,0,5,0,114,139,144,0,0.06,0.06,0,0.06,0.8,0.8,2.8,3.6,0.03,0.09,0.11,0.03,0.11,"https://fbref.com/en/players/984a5a64/Kyle-Walker-Peters"
2025,"Southampton","Premier League","Welington","BRA","DF","23",2001,10,6,482,5.4,0,0,0,0,0,0,1,0,5,11,19,0,0,0,0,0,0,0,0.1,0.1,0.01,0.01,0.02,0.01,0.02,"https://fbref.com/en/players/a7f95b1f/Welington"
2025,"Southampton","Premier League","Nathan Wood-Gordon","ENG","DF","22",2002,11,9,773,8.6,0,0,0,0,0,0,2,0,2,17,0,0,0,0,0,0,0.2,0.2,0,0.3,0.03,0,0.03,0.03,0.03,"https://fbref.com/en/players/4ccf2d5b/Nathan-Wood-Gordon"
2025,"Tottenham","Premier League","Brandon Austin","ENG","GK","25",1999,1,1,90,1,0,0,0,0,0,0,0,0,0,0,0,0,0,0,0,0,0,0,0,0,0,0,0,0,0,"https://fbref.com/en/players/5e253986/Brandon-Austin"
2025,"Tottenham","Premier League","Rodrigo Bentancur","URU","MF","27",1997,26,21,1645,18.3,2,0,2,2,0,0,9,0,28,100,34,0.11,0,0.11,0.11,0.11,1.3,1.3,0.4,1.7,0.07,0.02,0.1,0.07,0.1,"https://fbref.com/en/players/3b8674e6/Rodrigo-Bentancur"
2025,"Tottenham","Premier League","Lucas Bergvall","SWE","MF","18",2006,27,11,1212,13.5,0,1,1,0,0,0,3,0,33,49,31,0,0.07,0.07,0,0.07,0.7,0.7,0.6,1.3,0.05,0.04,0.09,0.05,0.09,"https://fbref.com/en/players/a109e5c8/Lucas-Bergvall"
2025,"Tottenham","Premier League","Yves Bissouma","MLI","MF","27",1996,28,16,1408,15.6,2,0,2,2,0,0,7,0,15,75,3,0.13,0,0.13,0.13,0.13,0.6,0.6,0.3,0.9,0.04,0.02,0.06,0.04,0.06,"https://fbref.com/en/players/6c203af0/Yves-Bissouma"
2025,"Tottenham","Premier League","Kevin Danso","AUT","DF","25",1998,10,9,842,9.4,0,0,0,0,0,0,0,0,11,19,1,0,0,0,0,0,0.4,0.4,0.1,0.5,0.04,0.01,0.05,0.04,0.05,"https://fbref.com/en/players/6e33125f/Kevin-Danso"
2025,"Tottenham","Premier League","Ben Davies","WAL","DF","31",1993,17,14,1331,14.8,0,0,0,0,0,0,5,0,14,52,6,0,0,0,0,0,0.3,0.3,0.2,0.5,0.02,0.01,0.03,0.02,0.03,"https://fbref.com/en/players/44781702/Ben-Davies"
2025,"Tottenham","Premier League","Alfie Dorrington","ENG","DF","19",2005,1,0,14,0.2,0,0,0,0,0,0,0,0,0,0,0,0,0,0,0,0,0,0,0,0,0,0,0,0,0,"https://fbref.com/en/players/ac1ef440/Alfie-Dorrington"
2025,"Tottenham","Premier League","Radu Drăgușin","ROU","DF","22",2002,16,14,1252,13.9,0,0,0,0,0,0,1,0,7,37,2,0,0,0,0,0,0.1,0.1,0.4,0.5,0.01,0.03,0.04,0.01,0.04,"https://fbref.com/en/players/620922ed/Radu-Dragusin"
2025,"Tottenham","Premier League","Fraser Forster","ENG","GK","36",1988,7,7,630,7,0,0,0,0,0,0,0,0,0,0,0,0,0,0,0,0,0,0,0,0,0,0,0,0,0,"https://fbref.com/en/players/c3e39f12/Fraser-Forster"
2025,"Tottenham","Premier League","Archie Gray","ENG","DF,MF","18",2006,28,19,1751,19.5,0,0,0,0,0,0,1,0,7,40,17,0,0,0,0,0,0,0,0.1,0.2,0,0.01,0.01,0,0.01,"https://fbref.com/en/players/f58515f5/Archie-Gray"
2025,"Tottenham","Premier League","Son Heung-min","KOR","FW","32",1992,30,24,2110,23.4,7,9,16,6,1,2,1,0,96,111,265,0.3,0.38,0.68,0.26,0.64,7.2,5.7,8.2,13.9,0.31,0.35,0.66,0.24,0.59,"https://fbref.com/en/players/92e7e919/Son-Heung-min"
2025,"Tottenham","Premier League","Brennan Johnson","WAL","FW","23",2001,33,24,2177,24.2,11,3,14,11,0,0,5,0,60,71,197,0.45,0.12,0.58,0.45,0.58,10.4,10.4,2.3,12.7,0.43,0.09,0.52,0.43,0.52,"https://fbref.com/en/players/0cd31129/Brennan-Johnson"
2025,"Tottenham","Premier League","Antonín Kinský","CZE","GK","21",2003,6,6,540,6,0,0,0,0,0,0,0,0,1,1,0,0,0,0,0,0,0,0,0.1,0.1,0,0.01,0.01,0,0.01,"https://fbref.com/en/players/b38ac6a4/Antonin-Kinsky"
2025,"Tottenham","Premier League","Dejan Kulusevski","SWE","MF,FW","24",2000,32,27,2389,26.5,7,4,11,7,0,0,3,0,120,124,210,0.26,0.15,0.41,0.26,0.41,4.2,4.2,6.2,10.4,0.16,0.23,0.39,0.16,0.39,"https://fbref.com/en/players/df3cda47/Dejan-Kulusevski"
2025,"Tottenham","Premier League","Will Lankshear","ENG","FW,MF","19",2005,3,0,11,0.1,0,0,0,0,0,0,0,0,0,0,1,0,0,0,0,0,0,0,0,0,0,0,0,0,0,"https://fbref.com/en/players/92df535b/Will-Lankshear"
2025,"Tottenham","Premier League","James Maddison","ENG","MF","27",1996,31,21,1809,20.1,9,7,16,9,0,0,6,0,45,164,95,0.45,0.35,0.8,0.45,0.8,5.8,5.8,4.2,10,0.29,0.21,0.5,0.29,0.5,"https://fbref.com/en/players/ee38d9c5/James-Maddison"
2025,"Tottenham","Premier League","Pape Matar Sarr","SEN","MF","21",2002,36,22,1913,21.3,3,2,5,3,0,0,6,0,33,88,53,0.14,0.09,0.24,0.14,0.24,3.7,3.7,1.6,5.3,0.17,0.08,0.25,0.17,0.25,"https://fbref.com/en/players/feb5d972/Pape-Matar-Sarr"
2025,"Tottenham","Premier League","Mikey Moore","ENG","FW","16",2007,10,3,366,4.1,0,1,1,0,0,0,0,0,12,9,40,0,0.25,0.25,0,0.25,0.2,0.2,0.3,0.5,0.05,0.08,0.13,0.05,0.13,"https://fbref.com/en/players/00953a9d/Mikey-Moore"
2025,"Tottenham","Premier League","Wilson Odobert","FRA","FW,MF","19",2004,16,9,850,9.4,1,0,1,1,0,0,0,0,45,27,66,0.11,0,0.11,0.11,0.11,1.6,1.6,1,2.6,0.17,0.1,0.27,0.17,0.27,"https://fbref.com/en/players/35516eac/Wilson-Odobert"
2025,"Tottenham","Premier League","Pedro Porro","ESP","DF","24",1999,33,28,2610,29,2,6,8,2,0,0,5,0,65,154,109,0.07,0.21,0.28,0.07,0.28,1.6,1.6,5,6.6,0.05,0.17,0.23,0.05,0.23,"https://fbref.com/en/players/27d0a506/Pedro-Porro"
2025,"Tottenham","Premier League","Sergio Reguilón","ESP","DF","27",1996,4,1,196,2.2,0,0,0,0,0,0,2,0,5,13,12,0,0,0,0,0,0.1,0.1,0,0.1,0.05,0.01,0.07,0.05,0.07,"https://fbref.com/en/players/3353737a/Sergio-Reguilon"
2025,"Tottenham","Premier League","Richarlison","BRA","FW","27",1997,15,4,504,5.6,4,1,5,4,0,0,2,0,8,11,22,0.71,0.18,0.89,0.71,0.89,3.7,3.7,0.9,4.6,0.66,0.16,0.82,0.66,0.82,"https://fbref.com/en/players/fa031b34/Richarlison"
2025,"Tottenham","Premier League","Cristian Romero","ARG","DF","26",1998,18,18,1416,15.7,1,0,1,1,0,0,3,0,12,71,3,0.06,0,0.06,0.06,0.06,1.6,1.6,0.6,2.2,0.1,0.04,0.14,0.1,0.14,"https://fbref.com/en/players/a3d94a58/Cristian-Romero"
2025,"Tottenham","Premier League","Dane Scarlett","ENG","FW,MF","20",2004,3,0,34,0.4,0,1,1,0,0,0,0,0,1,1,1,0,2.65,2.65,0,2.65,0,0,0,0.1,0.09,0.12,0.22,0.09,0.22,"https://fbref.com/en/players/21945a9e/Dane-Scarlett"
2025,"Tottenham","Premier League","Dominic Solanke","ENG","FW","26",1997,27,25,2201,24.5,9,3,12,8,1,1,0,0,31,47,88,0.37,0.12,0.49,0.33,0.45,10.9,10.1,2.9,13.1,0.45,0.12,0.57,0.41,0.54,"https://fbref.com/en/players/e77dc3b2/Dominic-Solanke"
2025,"Tottenham","Premier League","Djed Spence","ENG","DF","23",2000,25,19,1792,19.9,1,2,3,1,0,0,4,1,59,105,70,0.05,0.1,0.15,0.05,0.15,0.6,0.6,1.8,2.3,0.03,0.09,0.12,0.03,0.12,"https://fbref.com/en/players/9bc9a519/Djed-Spence"
2025,"Tottenham","Premier League","Mathys Tel","FRA","FW","19",2005,13,11,911,10.1,2,1,3,1,1,1,2,0,28,21,72,0.2,0.1,0.3,0.1,0.2,3,2.2,2.6,4.7,0.29,0.25,0.55,0.22,0.47,"https://fbref.com/en/players/829aa60c/Mathys-Tel"
2025,"Tottenham","Premier League","Destiny Udogie","ITA","DF","21",2002,25,24,1924,21.4,0,1,1,0,0,0,2,0,54,121,94,0,0.05,0.05,0,0.05,0.3,0.3,1.5,1.8,0.01,0.07,0.08,0.01,0.08,"https://fbref.com/en/players/7cd520e8/Destiny-Udogie"
2025,"Tottenham","Premier League","Micky van de Ven","NED","DF","23",2001,13,12,1015,11.3,0,2,2,0,0,0,4,0,8,51,1,0,0.18,0.18,0,0.18,0.6,0.6,1.2,1.7,0.05,0.1,0.15,0.05,0.15,"https://fbref.com/en/players/8fe2a392/Micky-van-de-Ven"
2025,"Tottenham","Premier League","Guglielmo Vicario","ITA","GK","27",1996,24,24,2160,24,0,0,0,0,0,0,1,0,0,1,0,0,0,0,0,0,0,0,0,0,0,0,0,0,0,"https://fbref.com/en/players/77d6fd4d/Guglielmo-Vicario"
2025,"Tottenham","Premier League","Timo Werner","GER","FW,MF","28",1996,18,4,516,5.7,0,3,3,0,0,0,0,0,42,30,89,0,0.52,0.52,0,0.52,1,1,2.5,3.5,0.17,0.44,0.61,0.17,0.61,"https://fbref.com/en/players/49fe9070/Timo-Werner"
2025,"West Ham","Premier League","Edson Álvarez","MEX","MF","26",1997,28,20,1772,19.7,0,1,1,0,0,0,9,1,24,85,18,0,0.05,0.05,0,0.05,0.4,0.4,0.8,1.2,0.02,0.04,0.06,0.02,0.06,"https://fbref.com/en/players/8b3ab7ad/Edson-Alvarez"
2025,"West Ham","Premier League","Michail Antonio","JAM","FW","34",1990,14,11,836,9.3,1,1,2,1,0,0,1,0,29,18,59,0.11,0.11,0.22,0.11,0.22,2.2,2.2,1.6,3.8,0.24,0.17,0.41,0.24,0.41,"https://fbref.com/en/players/ac05f970/Michail-Antonio"
2025,"West Ham","Premier League","Alphonse Areola","FRA","GK","31",1993,26,25,2260,25.1,0,0,0,0,0,0,0,0,0,1,0,0,0,0,0,0,0,0,0,0,0,0,0,0,0,"https://fbref.com/en/players/2f965a72/Alphonse-Areola"
2025,"West Ham","Premier League","Jarrod Bowen","ENG","FW,MF","27",1996,34,34,2973,33,13,8,21,12,1,1,1,0,109,91,212,0.39,0.24,0.64,0.36,0.61,8.6,7.8,6.8,14.7,0.26,0.21,0.47,0.24,0.44,"https://fbref.com/en/players/79c84d1c/Jarrod-Bowen"
2025,"West Ham","Premier League","Kaelan Casey","ENG","DF","19",2004,1,0,1,0,0,0,0,0,0,0,0,0,0,0,0,0,0,0,0,0,0,0,0,0,0,0,0,0,0,"https://fbref.com/en/players/cd4b2c5f/Kaelan-Casey"
2025,"West Ham","Premier League","Vladimír Coufal","CZE","DF","31",1992,22,11,1067,11.9,0,0,0,0,0,0,5,0,26,39,33,0,0,0,0,0,0.3,0.3,0.7,1,0.03,0.06,0.08,0.03,0.08,"https://fbref.com/en/players/fdf3cb77/Vladimir-Coufal"
2025,"West Ham","Premier League","Aaron Cresswell","ENG","DF","34",1989,18,10,824,9.2,0,0,0,0,0,0,3,0,6,36,4,0,0,0,0,0,0.2,0.2,1.3,1.6,0.03,0.15,0.17,0.03,0.17,"https://fbref.com/en/players/4f974391/Aaron-Cresswell"
2025,"West Ham","Premier League","Łukasz Fabiański","POL","GK","39",1985,14,13,1160,12.9,0,0,0,0,0,0,2,0,0,0,0,0,0,0,0,0,0,0,0,0,0,0,0,0,0,"https://fbref.com/en/players/9328b835/Lukasz-Fabianski"
2025,"West Ham","Premier League","Evan Ferguson","IRL","FW","19",2004,8,1,156,1.7,0,0,0,0,0,0,0,0,1,1,7,0,0,0,0,0,0.6,0.6,0.3,0.9,0.32,0.17,0.5,0.32,0.5,"https://fbref.com/en/players/4596da74/Evan-Ferguson"
2025,"West Ham","Premier League","Niclas Füllkrug","GER","FW","31",1993,18,6,790,8.8,3,2,5,3,0,0,2,0,7,14,31,0.34,0.23,0.57,0.34,0.57,2.2,2.2,1.9,4.1,0.25,0.22,0.46,0.25,0.46,"https://fbref.com/en/players/4f16405e/Niclas-Fullkrug"
2025,"West Ham","Premier League","Luis Guilherme","BRA","MF,FW","18",2006,12,1,150,1.7,0,0,0,0,0,0,0,0,4,5,16,0,0,0,0,0,0.4,0.4,0.1,0.5,0.25,0.05,0.3,0.25,0.3,"https://fbref.com/en/players/b7672d43/Luis-Guilherme"
2025,"West Ham","Premier League","Danny Ings","ENG","FW,MF","32",1992,15,1,284,3.2,1,2,3,1,0,0,0,0,6,5,29,0.32,0.63,0.95,0.32,0.95,2.3,2.3,1.3,3.5,0.72,0.41,1.12,0.72,1.12,"https://fbref.com/en/players/07802f7f/Danny-Ings"
2025,"West Ham","Premier League","Andy Irving","SCO","MF","24",2000,10,1,166,1.8,0,0,0,0,0,0,2,0,0,9,4,0,0,0,0,0,0.1,0.1,0.2,0.4,0.06,0.13,0.19,0.06,0.19,"https://fbref.com/en/players/b1be9fc0/Andy-Irving"
2025,"West Ham","Premier League","Max Kilman","ENG","DF","27",1997,38,38,3348,37.2,0,1,1,0,0,0,5,0,31,113,6,0,0.03,0.03,0,0.03,1.6,1.6,1.2,2.8,0.04,0.03,0.08,0.04,0.08,"https://fbref.com/en/players/d0f72bf1/Max-Kilman"
2025,"West Ham","Premier League","Mohammed Kudus","GHA","FW,MF","23",2000,32,31,2590,28.8,5,3,8,5,0,0,2,1,98,79,216,0.17,0.1,0.28,0.17,0.28,6.9,6.9,3.1,10,0.24,0.11,0.35,0.24,0.35,"https://fbref.com/en/players/b62878a5/Mohammed-Kudus"
2025,"West Ham","Premier League","Konstantinos Mavropanos","GRE","DF","26",1997,33,21,2045,22.7,0,0,0,0,0,0,6,1,17,61,2,0,0,0,0,0,1.5,1.5,0.5,2,0.07,0.02,0.09,0.07,0.09,"https://fbref.com/en/players/00963611/Konstantinos-Mavropanos"
2025,"West Ham","Premier League","Lewis Orford","ENG","MF","18",2006,2,0,49,0.5,0,0,0,0,0,0,0,0,0,0,1,0,0,0,0,0,0,0,0,0,0.05,0.04,0.09,0.05,0.09,"https://fbref.com/en/players/40aaa04c/Lewis-Orford"
2025,"West Ham","Premier League","Emerson Palmieri","ITA","DF","29",1994,31,26,2113,23.5,2,1,3,2,0,0,5,0,47,66,83,0.09,0.04,0.13,0.09,0.13,2,2,1.5,3.4,0.08,0.06,0.15,0.08,0.15,"https://fbref.com/en/players/e0bc6fdc/Emerson-Palmieri"
2025,"West Ham","Premier League","Lucas Paquetá","BRA","MF,FW","26",1997,33,27,2380,26.4,4,0,4,2,2,2,10,0,26,155,85,0.15,0,0.15,0.08,0.08,5.3,3.7,3.1,6.8,0.2,0.12,0.32,0.14,0.26,"https://fbref.com/en/players/9b6f7fd5/Lucas-Paqueta"
2025,"West Ham","Premier League","Guido Rodríguez","ARG","MF","30",1994,23,16,1149,12.8,0,1,1,0,0,0,6,0,4,33,7,0,0.08,0.08,0,0.08,0.2,0.2,0.2,0.4,0.02,0.01,0.03,0.02,0.03,"https://fbref.com/en/players/34e393f2/Guido-Rodriguez"
2025,"West Ham","Premier League","Oliver Scarles","ENG","DF,FW","18",2005,15,7,665,7.4,0,0,0,0,0,0,1,0,12,22,44,0,0,0,0,0,0.1,0.1,0.1,0.2,0.01,0.01,0.03,0.01,0.03,"https://fbref.com/en/players/242e5e6d/Oliver-Scarles"
2025,"West Ham","Premier League","Carlos Soler","ESP","MF,FW","27",1997,31,14,1409,15.7,1,1,2,1,0,0,6,0,17,56,37,0.06,0.06,0.13,0.06,0.13,1.8,1.8,1.4,3.2,0.12,0.09,0.21,0.12,0.21,"https://fbref.com/en/players/fed17f5a/Carlos-Soler"
2025,"West Ham","Premier League","Tomáš Souček","CZE","MF","29",1995,35,30,2567,28.5,9,1,10,9,0,0,8,0,9,74,68,0.32,0.04,0.35,0.32,0.35,6.7,6.7,1,7.8,0.24,0.04,0.27,0.24,0.27,"https://fbref.com/en/players/6613c819/Tomas-Soucek"
2025,"West Ham","Premier League","Crysencio Summerville","NED","FW,MF","22",2001,19,7,786,8.7,1,1,2,1,0,0,2,0,29,18,71,0.11,0.11,0.23,0.11,0.23,1.6,1.6,1.7,3.3,0.19,0.19,0.38,0.19,0.38,"https://fbref.com/en/players/df04eb4b/Crysencio-Summerville"
2025,"West Ham","Premier League","Jean-Clair Todibo","FRA","DF","24",1999,27,20,1825,20.3,0,0,0,0,0,0,3,0,9,38,5,0,0,0,0,0,0.4,0.4,0,0.4,0.02,0,0.02,0.02,0.02,"https://fbref.com/en/players/88f130ed/Jean-Clair-Todibo"
2025,"West Ham","Premier League","Aaron Wan-Bissaka","ENG","DF","26",1997,36,35,3154,35,2,5,7,2,0,0,1,0,110,149,167,0.06,0.14,0.2,0.06,0.2,1.2,1.2,3.5,4.7,0.03,0.1,0.14,0.03,0.14,"https://fbref.com/en/players/9e525177/Aaron-Wan-Bissaka"
2025,"West Ham","Premier League","James Ward-Prowse","ENG","MF","29",1994,15,12,1039,11.5,1,1,2,1,0,0,2,0,11,54,9,0.09,0.09,0.17,0.09,0.17,1.6,1.6,1.9,3.6,0.14,0.17,0.31,0.14,0.31,"https://fbref.com/en/players/3515d404/James-Ward-Prowse"
2025,"Wolves","Premier League","Emmanuel Agbadou","CIV","DF","27",1997,16,16,1410,15.7,1,0,1,1,0,0,3,0,6,31,2,0.06,0,0.06,0.06,0.06,0.8,0.8,0.2,1.1,0.05,0.02,0.07,0.05,0.07,"https://fbref.com/en/players/75f1ed80/Emmanuel-Agbadou"
2025,"Wolves","Premier League","Rayan Aït-Nouri","ALG","DF","23",2001,37,37,3109,34.5,4,7,11,4,0,0,7,1,89,108,176,0.12,0.2,0.32,0.12,0.32,2.7,2.7,5.5,8.2,0.08,0.16,0.24,0.08,0.24,"https://fbref.com/en/players/9b398aea/Rayan-Ait-Nouri"
2025,"Wolves","Premier League","André","BRA","MF","23",2001,33,31,2472,27.5,0,0,0,0,0,0,7,0,10,109,11,0,0,0,0,0,0.4,0.4,0.8,1.3,0.02,0.03,0.05,0.02,0.05,"https://fbref.com/en/players/ec604e2c/Andre"
2025,"Wolves","Premier League","Jean-Ricner Bellegarde","FRA","MF,FW","26",1998,35,20,1677,18.6,2,7,9,2,0,0,3,0,52,43,89,0.11,0.38,0.48,0.11,0.48,1.5,1.5,3.8,5.3,0.08,0.2,0.29,0.08,0.29,"https://fbref.com/en/players/10f0fdd3/Jean-Ricner-Bellegarde"
2025,"Wolves","Premier League","Daniel Bentley","ENG","GK","31",1993,2,2,180,2,0,0,0,0,0,0,0,0,0,0,0,0,0,0,0,0,0,0,0,0,0,0,0,0,0,"https://fbref.com/en/players/68db6358/Daniel-Bentley"
2025,"Wolves","Premier League","Santiago Bueno","URU","DF","25",1998,29,18,1687,18.7,0,0,0,0,0,0,2,0,1,28,1,0,0,0,0,0,0.4,0.4,0,0.4,0.02,0,0.02,0.02,0.02,"https://fbref.com/en/players/edc98fac/Santiago-Bueno"
2025,"Wolves","Premier League","Chiquinho","POR","MF","24",2000,1,0,7,0.1,0,0,0,0,0,0,0,0,0,0,0,0,0,0,0,0,0,0,0,0,0,0.42,0.42,0,0.42,"https://fbref.com/en/players/dc6c2f02/Chiquinho"
2025,"Wolves","Premier League","Matheus Cunha","BRA","MF,FW","25",1999,33,29,2597,28.9,15,6,21,15,0,0,4,0,112,144,161,0.52,0.21,0.73,0.52,0.73,8.6,8.6,7.7,16.4,0.3,0.27,0.57,0.3,0.57,"https://fbref.com/en/players/dc62b55d/Matheus-Cunha"
2025,"Wolves","Premier League","Craig Dawson","ENG","DF","34",1990,15,10,971,10.8,0,0,0,0,0,0,2,0,6,20,5,0,0,0,0,0,0.5,0.5,0,0.5,0.05,0,0.05,0.05,0.05,"https://fbref.com/en/players/3e9e06cb/Craig-Dawson"
2025,"Wolves","Premier League","Nasser Djiga","BFA","DF","21",2002,5,1,66,0.7,0,0,0,0,0,0,0,0,0,3,2,0,0,0,0,0,0,0,0,0,0,0,0,0,0,"https://fbref.com/en/players/1a7a4d84/Nasser-Djiga"
2025,"Wolves","Premier League","Matt Doherty","IRL","DF","32",1992,30,25,2109,23.4,2,1,3,2,0,0,6,0,29,79,41,0.09,0.04,0.13,0.09,0.13,1,1,1.5,2.6,0.04,0.07,0.11,0.04,0.11,"https://fbref.com/en/players/d557d734/Matt-Doherty"
2025,"Wolves","Premier League","Tommy Doyle","ENG","MF","22",2001,24,3,488,5.4,0,1,1,0,0,0,1,0,6,40,4,0,0.18,0.18,0,0.18,0.6,0.6,0.5,1.1,0.1,0.09,0.2,0.1,0.2,"https://fbref.com/en/players/5526deb1/Tommy-Doyle"
2025,"Wolves","Premier League","Carlos Forbs","POR","MF,FW","20",2004,10,1,239,2.7,0,0,0,0,0,0,2,0,10,8,28,0,0,0,0,0,0.1,0.1,0,0.2,0.05,0.01,0.07,0.05,0.07,"https://fbref.com/en/players/8a310070/Carlos-Forbs"
2025,"Wolves","Premier League","João Gomes","BRA","MF","23",2001,36,35,2974,33,3,1,4,3,0,0,11,1,59,165,76,0.09,0.03,0.12,0.09,0.12,2.9,2.9,1.2,4.1,0.09,0.04,0.12,0.09,0.12,"https://fbref.com/en/players/8b57ad2c/Joao-Gomes"
2025,"Wolves","Premier League","Rodrigo Gomes","POR","DF,FW","21",2003,25,7,810,9,2,0,2,2,0,0,0,0,23,27,81,0.22,0,0.22,0.22,0.22,0.7,0.7,0.9,1.6,0.08,0.1,0.18,0.08,0.18,"https://fbref.com/en/players/8dcf77c0/Rodrigo-Gomes"
2025,"Wolves","Premier League","Toti Gomes","POR","DF","25",1999,31,30,2614,29,0,1,1,0,0,0,7,0,27,86,18,0,0.03,0.03,0,0.03,0.7,0.7,0.9,1.7,0.03,0.03,0.06,0.03,0.06,"https://fbref.com/en/players/f0caab96/Toti-Gomes"
2025,"Wolves","Premier League","Gonçalo Guedes","POR","MF,FW","27",1996,29,10,995,11.1,2,4,6,2,0,0,1,0,41,40,79,0.18,0.36,0.54,0.18,0.54,3.2,3.2,1.3,4.5,0.29,0.11,0.4,0.29,0.4,"https://fbref.com/en/players/e6bc67d7/Goncalo-Guedes"
2025,"Wolves","Premier League","Hwang Hee-chan","KOR","MF,FW","28",1996,21,5,661,7.3,2,0,2,2,0,0,0,0,15,12,42,0.27,0,0.27,0.27,0.27,0.8,0.8,0.1,0.9,0.11,0.02,0.13,0.11,0.13,"https://fbref.com/en/players/169fd162/Hwang-Hee-chan"
2025,"Wolves","Premier League","Sam Johnstone","ENG","GK","31",1993,7,7,630,7,0,0,0,0,0,0,0,0,0,0,0,0,0,0,0,0,0,0,0,0,0,0,0,0,0,"https://fbref.com/en/players/9e5708be/Sam-Johnstone"
2025,"Wolves","Premier League","Tom King","WAL","GK","29",1995,1,0,1,0,0,0,0,0,0,0,0,0,0,0,0,0,0,0,0,0,0,0,0,0,0,0,0,0,0,"https://fbref.com/en/players/5791b997/Tom-King"
2025,"Wolves","Premier League","Mario Lemina","GAB","MF,DF","30",1993,17,15,1364,15.2,1,3,4,1,0,0,4,0,8,48,21,0.07,0.2,0.26,0.07,0.26,1.4,1.4,1.1,2.5,0.09,0.07,0.17,0.09,0.17,"https://fbref.com/en/players/2b471f99/Mario-Lemina"
2025,"Wolves","Premier League","Pedro Lima","BRA","DF","18",2006,3,1,70,0.8,0,0,0,0,0,0,0,0,4,4,11,0,0,0,0,0,0.1,0.1,0.1,0.1,0.07,0.09,0.16,0.07,0.16,"https://fbref.com/en/players/b2f4cad5/Pedro-Lima"
2025,"Wolves","Premier League","Mateus Mane","","MF","",NA,1,0,2,0,0,0,0,0,0,0,0,0,0,0,0,0,0,0,0,0,0,0,0,0,0,0,0,0,0,"https://fbref.com/en/players/c15cb409/Mateus-Mane"
2025,"Wolves","Premier League","Yerson Mosquera","COL","DF","23",2001,5,5,441,4.9,0,0,0,0,0,0,2,0,0,7,0,0,0,0,0,0,0.3,0.3,0.1,0.4,0.07,0.02,0.09,0.07,0.09,"https://fbref.com/en/players/1e159d70/Yerson-Mosquera"
2025,"Wolves","Premier League","Marshall Munetsi","ZIM","MF,FW","28",1996,14,12,1078,12,2,1,3,2,0,0,0,0,9,10,35,0.17,0.08,0.25,0.17,0.25,3.3,3.3,1.8,5.1,0.28,0.15,0.42,0.28,0.42,"https://fbref.com/en/players/2acf0cd7/Marshall-Munetsi"
2025,"Wolves","Premier League","Daniel Podence","POR","MF,FW","28",1995,2,0,48,0.5,0,0,0,0,0,0,0,0,1,2,3,0,0,0,0,0,0,0,0,0,0.07,0,0.07,0.07,0.07,"https://fbref.com/en/players/7fcc71d8/Daniel-Podence"
2025,"Wolves","Premier League","Alfie Pond","ENG","DF","20",2004,1,0,1,0,0,0,0,0,0,0,0,0,0,0,0,0,0,0,0,0,0,0,0,0,0,0,0,0,0,"https://fbref.com/en/players/039c3d96/Alfie-Pond"
2025,"Wolves","Premier League","José Sá","POR","GK","31",1993,29,29,2609,29,0,0,0,0,0,0,2,0,0,2,0,0,0,0,0,0,0,0,0.2,0.2,0,0.01,0.01,0,0.01,"https://fbref.com/en/players/903b6e8b/Jose-Sa"
2025,"Wolves","Premier League","Pablo Sarabia","ESP","MF,FW","32",1992,23,7,814,9,3,2,5,3,0,0,3,0,15,60,62,0.33,0.22,0.55,0.33,0.55,2.9,2.9,1.8,4.6,0.32,0.19,0.51,0.32,0.51,"https://fbref.com/en/players/9744ff80/Pablo-Sarabia"
2025,"Wolves","Premier League","Nélson Semedo","POR","DF","30",1993,34,32,2886,32.1,0,4,4,0,0,0,8,0,67,80,119,0,0.12,0.12,0,0.12,0.9,0.9,2.8,3.7,0.03,0.09,0.12,0.03,0.12,"https://fbref.com/en/players/d04b94db/Nelson-Semedo"
2025,"Wolves","Premier League","Jørgen Strand Larsen","NOR","FW","24",2000,35,30,2587,28.7,14,4,18,14,0,0,4,0,17,29,112,0.49,0.14,0.63,0.49,0.63,10.3,10.3,3,13.3,0.36,0.1,0.46,0.36,0.46,"https://fbref.com/en/players/f553b2b3/Jorgen-Strand-Larsen"
2025,"Wolves","Premier League","Boubacar Traoré","MLI","MF","22",2001,1,0,1,0,0,0,0,0,0,0,0,0,0,0,0,0,0,0,0,0,0,0,0,0,0,0,0,0,0,"https://fbref.com/en/players/999ceb5f/Boubacar-Traore"
