"Season_End_Year","Squad","Comp","Player","Nation","Pos","Age","Born","MP_Playing","Starts_Playing","Min_Playing","Mins_Per_90_Playing","Gls","Ast","G+A","G_minus_PK","PK","PKatt","CrdY","CrdR","PrgC_Progression","PrgP_Progression","PrgR_Progression","Gls_Per","Ast_Per","G+A_Per","G_minus_PK_Per","G+A_minus_PK_Per","xG_Expected","npxG_Expected","xAG_Expected","npxG+xAG_Expected","xG_Per","xAG_Per","xG+xAG_Per","npxG_Per","npxG+xAG_Per","Url"
2023,"Arsenal","Premier League","Gabriel Dos Santos","BRA","DF","24",1997,38,38,3409,37.9,3,0,3,3,0,0,5,0,18,153,16,0.08,0,0.08,0.08,0.08,5.1,5.1,0.3,5.3,0.13,0.01,0.14,0.13,0.14,"https://fbref.com/en/players/67ac5bb8/Gabriel-Dos-Santos"
2023,"Arsenal","Premier League","Mohamed Elneny","EGY","MF","30",1992,5,1,113,1.3,0,0,0,0,0,0,0,0,1,2,1,0,0,0,0,0,0,0,0,0,0,0,0,0,0,"https://fbref.com/en/players/47a34c4f/Mohamed-Elneny"
2023,"Arsenal","Premier League","Rob Holding","ENG","DF","26",1995,14,6,566,6.3,1,0,1,1,0,0,0,0,3,24,2,0.16,0,0.16,0.16,0.16,0.3,0.3,0,0.3,0.05,0,0.05,0.05,0.05,"https://fbref.com/en/players/d79a8c87/Rob-Holding"
2023,"Arsenal","Premier League","Gabriel Jesus","BRA","FW","25",1997,26,24,2064,22.9,11,6,17,10,1,1,6,0,44,64,194,0.48,0.26,0.74,0.44,0.7,14,13.2,3.9,17.1,0.61,0.17,0.78,0.58,0.75,"https://fbref.com/en/players/b66315ae/Gabriel-Jesus"
2023,"Arsenal","Premier League","Jorginho","ITA","MF","30",1991,14,9,855,9.5,0,1,1,0,0,0,0,0,15,99,8,0,0.11,0.11,0,0.11,0.2,0.2,0.2,0.4,0.02,0.02,0.04,0.02,0.04,"https://fbref.com/en/players/45db685d/Jorginho"
2023,"Arsenal","Premier League","Jakub Kiwior","POL","DF","22",2000,7,5,427,4.7,1,0,1,1,0,0,0,0,0,6,6,0.21,0,0.21,0.21,0.21,0.1,0.1,0,0.1,0.02,0.01,0.03,0.02,0.03,"https://fbref.com/en/players/dc3e663e/Jakub-Kiwior"
2023,"Arsenal","Premier League","Marquinhos","BRA","MF","19",2003,1,0,1,0,0,0,0,0,0,0,0,0,0,0,0,0,0,0,0,0,0,0,0,0,0,0,0,0,0,"https://fbref.com/en/players/59878425/Marquinhos"
2023,"Arsenal","Premier League","Martinelli","BRA","FW","21",2001,36,34,2789,31,15,5,20,15,0,0,3,0,124,94,350,0.48,0.16,0.65,0.48,0.65,9.3,9.3,9.1,18.4,0.3,0.29,0.59,0.3,0.59,"https://fbref.com/en/players/48a5a5d6/Martinelli"
2023,"Arsenal","Premier League","Reiss Nelson","ENG","FW","22",1999,11,0,212,2.4,3,2,5,3,0,0,0,0,19,6,34,1.27,0.85,2.12,1.27,2.12,1.1,1.1,1.4,2.5,0.46,0.58,1.04,0.46,1.04,"https://fbref.com/en/players/c5bdb6e3/Reiss-Nelson"
2023,"Arsenal","Premier League","Eddie Nketiah","ENG","FW","23",1999,30,9,1089,12.1,4,1,5,4,0,0,3,0,32,15,82,0.33,0.08,0.41,0.33,0.41,8.2,8.2,1.3,9.5,0.68,0.11,0.78,0.68,0.78,"https://fbref.com/en/players/a53649b7/Eddie-Nketiah"
2023,"Arsenal","Premier League","Ethan Nwaneri","ENG","FW","15",2007,1,0,1,0,0,0,0,0,0,0,0,0,0,0,0,0,0,0,0,0,0,0,0,0,0,0,0,0,0,"https://fbref.com/en/players/7f94982c/Ethan-Nwaneri"
2023,"Arsenal","Premier League","Thomas Partey","GHA","MF","29",1993,33,28,2483,27.6,3,0,3,3,0,0,5,0,34,231,35,0.11,0,0.11,0.11,0.11,2.2,2.2,1.5,3.8,0.08,0.06,0.14,0.08,0.14,"https://fbref.com/en/players/529f49ab/Thomas-Partey"
2023,"Arsenal","Premier League","Aaron Ramsdale","ENG","GK","24",1998,38,38,3420,38,0,0,0,0,0,0,1,0,0,8,0,0,0,0,0,0,0,0,0,0,0,0,0,0,0,"https://fbref.com/en/players/466fb2c5/Aaron-Ramsdale"
2023,"Arsenal","Premier League","Bukayo Saka","ENG","FW","20",2001,38,37,3181,35.3,14,11,25,12,2,3,6,0,179,109,520,0.4,0.31,0.71,0.34,0.65,11.2,9.1,8.5,17.6,0.32,0.24,0.56,0.26,0.5,"https://fbref.com/en/players/bc7dc64d/Bukayo-Saka"
2023,"Arsenal","Premier League","William Saliba","FRA","DF","21",2001,27,27,2415,26.8,2,1,3,2,0,0,4,0,13,99,2,0.07,0.04,0.11,0.07,0.11,0.9,0.9,1.2,2.1,0.03,0.04,0.08,0.03,0.08,"https://fbref.com/en/players/972aeb2a/William-Saliba"
2023,"Arsenal","Premier League","Albert Sambi Lokonga","BEL","MF","22",1999,6,2,198,2.2,0,0,0,0,0,0,0,0,0,12,2,0,0,0,0,0,0,0,0,0,0,0.01,0.01,0,0.01,"https://fbref.com/en/players/1b4f1169/Albert-Sambi-Lokonga"
2023,"Arsenal","Premier League","Emile Smith Rowe","ENG","MF,FW","22",2000,12,0,172,1.9,0,2,2,0,0,0,0,0,2,7,11,0,1.05,1.05,0,1.05,0.3,0.3,0.7,1,0.14,0.36,0.5,0.14,0.5,"https://fbref.com/en/players/17695062/Emile-Smith-Rowe"
2023,"Arsenal","Premier League","Cédric Soares","POR","DF","30",1991,2,0,29,0.3,0,0,0,0,0,0,0,0,1,3,0,0,0,0,0,0,0,0,0,0,0,0,0,0,0,"https://fbref.com/en/players/839c14e1/Cedric-Soares"
2023,"Arsenal","Premier League","Kieran Tierney","SCO","DF","25",1997,27,6,795,8.8,0,1,1,0,0,0,0,0,25,36,31,0,0.11,0.11,0,0.11,0.3,0.3,0.3,0.7,0.04,0.04,0.08,0.04,0.08,"https://fbref.com/en/players/fce2302c/Kieran-Tierney"
2023,"Arsenal","Premier League","Takehiro Tomiyasu","JPN","DF","23",1998,21,6,663,7.4,0,1,1,0,0,0,2,0,14,51,28,0,0.14,0.14,0,0.14,0.2,0.2,0.6,0.8,0.03,0.08,0.11,0.03,0.11,"https://fbref.com/en/players/b3af9be1/Takehiro-Tomiyasu"
2023,"Arsenal","Premier League","Leandro Trossard","BEL","FW","27",1994,20,10,931,10.3,1,10,11,1,0,0,0,0,36,57,102,0.1,0.97,1.06,0.1,1.06,1.8,1.8,4.7,6.6,0.18,0.46,0.64,0.18,0.64,"https://fbref.com/en/players/38ceb24a/Leandro-Trossard"
2023,"Arsenal","Premier League","Fabio Vieira","POR","MF,FW","22",2000,22,3,514,5.7,1,2,3,1,0,0,0,0,8,35,40,0.18,0.35,0.53,0.18,0.53,0.8,0.8,2.5,3.3,0.15,0.44,0.58,0.15,0.58,"https://fbref.com/en/players/6412cc03/Fabio-Vieira"
2023,"Arsenal","Premier League","Ben White","ENG","DF","24",1997,38,36,3055,33.9,2,5,7,2,0,0,5,0,64,249,124,0.06,0.15,0.21,0.06,0.21,1.3,1.3,3.2,4.5,0.04,0.09,0.13,0.04,0.13,"https://fbref.com/en/players/35e413f1/Ben-White"
2023,"Arsenal","Premier League","Granit Xhaka","SUI","MF","29",1992,37,36,2993,33.3,7,7,14,7,0,0,4,0,42,196,175,0.21,0.21,0.42,0.21,0.42,4.7,4.7,5.2,9.9,0.14,0.16,0.3,0.14,0.3,"https://fbref.com/en/players/e61b8aee/Granit-Xhaka"
2023,"Arsenal","Premier League","Oleksandr Zinchenko","UKR","DF","25",1996,27,26,2118,23.5,1,2,3,1,0,0,3,0,67,227,68,0.04,0.08,0.13,0.04,0.13,1.4,1.4,1.4,2.8,0.06,0.06,0.12,0.06,0.12,"https://fbref.com/en/players/51cf8561/Oleksandr-Zinchenko"
2023,"Arsenal","Premier League","Martin Ødegaard","NOR","MF","23",1998,37,37,3127,34.7,15,7,22,15,0,0,4,0,83,266,193,0.43,0.2,0.63,0.43,0.63,10,10,8.1,18.1,0.29,0.23,0.52,0.29,0.52,"https://fbref.com/en/players/79300479/Martin-Odegaard"
2023,"Aston Villa","Premier League","Cameron Archer","ENG","FW,MF","21",2001,6,0,49,0.5,0,0,0,0,0,0,0,0,3,0,3,0,0,0,0,0,0,0,0,0,0,0,0,0,0,"https://fbref.com/en/players/05e8ca6d/Cameron-Archer"
2023,"Aston Villa","Premier League","Ludwig Augustinsson","SWE","DF","28",1994,3,1,77,0.9,0,0,0,0,0,0,1,0,0,0,3,0,0,0,0,0,0.1,0.1,0,0.1,0.1,0,0.1,0.1,0.1,"https://fbref.com/en/players/9fec8860/Ludwig-Augustinsson"
2023,"Aston Villa","Premier League","Leon Bailey","JAM","FW,MF","24",1997,33,26,1967,21.9,4,4,8,4,0,0,4,0,85,28,182,0.18,0.18,0.37,0.18,0.37,5.3,5.3,4.8,10.1,0.24,0.22,0.46,0.24,0.46,"https://fbref.com/en/players/3a233281/Leon-Bailey"
2023,"Aston Villa","Premier League","Jan Bednarek","POL","DF","26",1996,3,1,100,1.1,0,0,0,0,0,0,0,0,1,5,0,0,0,0,0,0,0,0,0,0,0,0,0,0,0,"https://fbref.com/en/players/4115ce4e/Jan-Bednarek"
2023,"Aston Villa","Premier League","Emi Buendía","ARG","MF,FW","25",1996,38,27,2412,26.8,5,2,7,5,0,0,0,0,60,138,137,0.19,0.07,0.26,0.19,0.26,6.3,6.3,5.7,12,0.24,0.21,0.45,0.24,0.45,"https://fbref.com/en/players/66b76d44/Emi-Buendia"
2023,"Aston Villa","Premier League","Diego Carlos","BRA","DF","29",1993,3,2,205,2.3,0,0,0,0,0,0,0,0,1,11,0,0,0,0,0,0,0.4,0.4,0,0.4,0.16,0.02,0.18,0.16,0.18,"https://fbref.com/en/players/b4a014b1/Diego-Carlos"
2023,"Aston Villa","Premier League","Matty Cash","POL","DF","24",1997,26,20,1820,20.2,0,1,1,0,0,0,4,0,42,75,57,0,0.05,0.05,0,0.05,0.2,0.2,0.7,0.9,0.01,0.04,0.05,0.01,0.05,"https://fbref.com/en/players/2389cdc2/Matty-Cash"
2023,"Aston Villa","Premier League","Calum Chambers","ENG","DF,MF","27",1995,14,2,353,3.9,0,0,0,0,0,0,2,0,6,16,2,0,0,0,0,0,0.1,0.1,0.3,0.4,0.03,0.07,0.1,0.03,0.1,"https://fbref.com/en/players/dc6f5bdd/Calum-Chambers"
2023,"Aston Villa","Premier League","Philippe Coutinho","BRA","MF,FW","30",1992,20,7,788,8.8,1,0,1,1,0,0,3,0,18,48,68,0.11,0,0.11,0.11,0.11,1.4,1.4,0.5,1.8,0.16,0.05,0.21,0.16,0.21,"https://fbref.com/en/players/0ef89a37/Philippe-Coutinho"
2023,"Aston Villa","Premier League","Leander Dendoncker","BEL","MF","27",1995,20,7,697,7.7,0,0,0,0,0,0,0,0,1,18,2,0,0,0,0,0,0.1,0.1,0.5,0.5,0.01,0.06,0.07,0.01,0.07,"https://fbref.com/en/players/5a7301ae/Leander-Dendoncker"
2023,"Aston Villa","Premier League","Lucas Digne","FRA","DF","29",1993,28,18,1502,16.7,1,0,1,1,0,0,5,0,29,57,89,0.06,0,0.06,0.06,0.06,0.4,0.4,1.9,2.3,0.02,0.11,0.14,0.02,0.14,"https://fbref.com/en/players/1b84dbe1/Lucas-Digne"
2023,"Aston Villa","Premier League","Jhon Durán","COL","FW,MF","18",2003,12,0,136,1.5,0,0,0,0,0,0,1,0,4,4,13,0,0,0,0,0,0.6,0.6,0,0.6,0.37,0.02,0.39,0.37,0.39,"https://fbref.com/en/players/414184f7/Jhon-Duran"
2023,"Aston Villa","Premier League","Danny Ings","ENG","FW","30",1992,18,8,824,9.2,6,0,6,4,2,2,3,0,15,12,46,0.66,0,0.66,0.44,0.44,5.3,3.8,1.2,5,0.59,0.13,0.71,0.41,0.54,"https://fbref.com/en/players/07802f7f/Danny-Ings"
2023,"Aston Villa","Premier League","Boubacar Kamara","FRA","MF","22",1999,24,21,1777,19.7,0,1,1,0,0,0,4,0,16,84,8,0,0.05,0.05,0,0.05,0.2,0.2,0.8,1,0.01,0.04,0.05,0.01,0.05,"https://fbref.com/en/players/cc77354e/Boubacar-Kamara"
2023,"Aston Villa","Premier League","Ezri Konsa","ENG","DF","24",1997,38,37,3322,36.9,0,0,0,0,0,0,6,0,7,56,11,0,0,0,0,0,1.1,1.1,1.3,2.3,0.03,0.03,0.06,0.03,0.06,"https://fbref.com/en/players/0313a347/Ezri-Konsa"
2023,"Aston Villa","Premier League","Douglas Luiz","BRA","MF","24",1998,37,33,2927,32.5,6,6,12,6,0,0,6,1,48,148,35,0.18,0.18,0.37,0.18,0.37,2.8,2.8,4.4,7.2,0.09,0.14,0.22,0.09,0.22,"https://fbref.com/en/players/6f7d826d/Douglas-Luiz"
2023,"Aston Villa","Premier League","Emiliano Martínez","ARG","GK","29",1992,36,36,3139,34.9,0,0,0,0,0,0,7,0,0,0,0,0,0,0,0,0,0,0,0.3,0.3,0,0.01,0.01,0,0.01,"https://fbref.com/en/players/7956236f/Emiliano-Martinez"
2023,"Aston Villa","Premier League","John McGinn","SCO","MF,FW","27",1994,34,30,2693,29.9,1,3,4,1,0,0,7,0,34,140,66,0.03,0.1,0.13,0.03,0.13,2.4,2.4,2.6,5,0.08,0.09,0.17,0.08,0.17,"https://fbref.com/en/players/90f91999/John-McGinn"
2023,"Aston Villa","Premier League","Tyrone Mings","ENG","DF","29",1993,35,35,3150,35,1,2,3,1,0,0,7,0,20,111,7,0.03,0.06,0.09,0.03,0.09,1.2,1.2,1.4,2.6,0.03,0.04,0.07,0.03,0.07,"https://fbref.com/en/players/8397a50c/Tyrone-Mings"
2023,"Aston Villa","Premier League","Álex Moreno","ESP","DF","29",1993,19,14,1329,14.8,0,3,3,0,0,0,3,0,65,37,122,0,0.2,0.2,0,0.2,0.6,0.6,3,3.7,0.04,0.21,0.25,0.04,0.25,"https://fbref.com/en/players/16e9d0ea/Alex-Moreno"
2023,"Aston Villa","Premier League","Robin Olsen","SWE","GK","32",1990,4,2,281,3.1,0,0,0,0,0,0,0,0,0,0,0,0,0,0,0,0,0,0,0,0,0,0,0,0,0,"https://fbref.com/en/players/e7ee38c3/Robin-Olsen"
2023,"Aston Villa","Premier League","Jacob Ramsey","ENG","MF,FW","21",2001,35,31,2636,29.3,6,7,13,6,0,0,5,0,94,98,119,0.2,0.24,0.44,0.2,0.44,5,5,5.1,10.1,0.17,0.17,0.34,0.17,0.34,"https://fbref.com/en/players/1544f145/Jacob-Ramsey"
2023,"Aston Villa","Premier League","Morgan Sanson","FRA","MF","27",1994,2,0,11,0.1,0,0,0,0,0,0,0,0,0,1,0,0,0,0,0,0,0,0,0,0,0,0,0,0,0,"https://fbref.com/en/players/6e7f1353/Morgan-Sanson"
2023,"Aston Villa","Premier League","Bertrand Traoré","BFA","FW,MF","26",1995,8,1,233,2.6,2,0,2,2,0,0,1,0,9,9,28,0.77,0,0.77,0.77,0.77,0.7,0.7,0.1,0.8,0.28,0.03,0.3,0.28,0.3,"https://fbref.com/en/players/c47541e0/Bertrand-Traore"
2023,"Aston Villa","Premier League","Ollie Watkins","ENG","FW","26",1995,37,36,3127,34.7,15,6,21,14,1,2,4,0,50,39,196,0.43,0.17,0.6,0.4,0.58,16.5,14.9,3.8,18.7,0.47,0.11,0.58,0.43,0.54,"https://fbref.com/en/players/aed3a70f/Ollie-Watkins"
2023,"Aston Villa","Premier League","Ashley Young","ENG","DF","37",1985,29,23,2036,22.6,1,0,1,1,0,0,7,0,29,107,33,0.04,0,0.04,0.04,0.04,0.5,0.5,1,1.4,0.02,0.04,0.06,0.02,0.06,"https://fbref.com/en/players/be927d03/Ashley-Young"
2023,"Bournemouth","Premier League","Jaidon Anthony","ENG","MF,FW","22",1999,30,11,1257,14,3,1,4,3,0,0,2,0,31,49,72,0.21,0.07,0.29,0.21,0.29,2.2,2.2,1,3.3,0.16,0.07,0.24,0.16,0.24,"https://fbref.com/en/players/e4238fb1/Jaidon-Anthony"
2023,"Bournemouth","Premier League","Owen Bevan","WAL","DF","18",2003,1,0,9,0.1,0,0,0,0,0,0,0,0,0,0,0,0,0,0,0,0,0,0,0,0,0,0,0,0,0,"https://fbref.com/en/players/87966294/Owen-Bevan"
2023,"Bournemouth","Premier League","Philip Billing","DEN","MF,FW","26",1996,36,34,2764,30.7,7,1,8,7,0,0,5,0,37,80,101,0.23,0.03,0.26,0.23,0.26,4.9,4.9,3.2,8.1,0.16,0.1,0.26,0.16,0.26,"https://fbref.com/en/players/d328a254/Philip-Billing"
2023,"Bournemouth","Premier League","David Brooks","WAL","FW,MF","25",1997,6,2,173,1.9,0,0,0,0,0,0,1,0,5,11,10,0,0,0,0,0,0.3,0.3,0.2,0.5,0.13,0.11,0.25,0.13,0.25,"https://fbref.com/en/players/dc4cae05/David-Brooks"
2023,"Bournemouth","Premier League","Ryan Christie","SCO","MF,FW","27",1995,32,22,1834,20.4,1,1,2,1,0,0,2,0,39,71,71,0.05,0.05,0.1,0.05,0.1,2.8,2.8,2.4,5.1,0.14,0.12,0.25,0.14,0.25,"https://fbref.com/en/players/26ce2263/Ryan-Christie"
2023,"Bournemouth","Premier League","Lewis Cook","ENG","MF","25",1997,28,18,1720,19.1,0,2,2,0,0,0,4,0,9,63,10,0,0.1,0.1,0,0.1,0.2,0.2,2.5,2.8,0.01,0.13,0.14,0.01,0.14,"https://fbref.com/en/players/2afc7272/Lewis-Cook"
2023,"Bournemouth","Premier League","Siriki Dembélé","CIV","FW,MF","25",1996,6,0,110,1.2,0,0,0,0,0,0,0,0,5,4,11,0,0,0,0,0,0.2,0.2,0.3,0.5,0.15,0.25,0.41,0.15,0.41,"https://fbref.com/en/players/11f54bd5/Siriki-Dembele"
2023,"Bournemouth","Premier League","Ryan Fredericks","ENG","DF","29",1992,12,5,533,5.9,0,0,0,0,0,0,1,0,13,15,28,0,0,0,0,0,0,0,0.1,0.1,0,0.02,0.02,0,0.02,"https://fbref.com/en/players/c067631c/Ryan-Fredericks"
2023,"Bournemouth","Premier League","Hamed Junior Traorè","CIV","FW,MF","22",2000,7,5,427,4.7,0,0,0,0,0,0,0,0,19,26,21,0,0,0,0,0,0.9,0.9,1.1,2.1,0.19,0.24,0.43,0.19,0.43,"https://fbref.com/en/players/570bb4b9/Hamed-Junior-Traore"
2023,"Bournemouth","Premier League","Lloyd Kelly","ENG","DF","23",1998,23,23,2040,22.7,0,2,2,0,0,0,3,0,14,47,10,0,0.09,0.09,0,0.09,0.2,0.2,0.5,0.7,0.01,0.02,0.03,0.01,0.03,"https://fbref.com/en/players/f31def1e/Lloyd-Kelly"
2023,"Bournemouth","Premier League","Jefferson Lerma","COL","MF","27",1994,37,37,3252,36.1,5,0,5,5,0,0,7,0,22,142,30,0.14,0,0.14,0.14,0.14,2.6,2.6,2.3,4.9,0.07,0.06,0.14,0.07,0.14,"https://fbref.com/en/players/9b5ce51a/Jefferson-Lerma"
2023,"Bournemouth","Premier League","Jamal Lowe","JAM","MF,FW","28",1994,2,0,12,0.1,0,0,0,0,0,0,0,0,0,1,0,0,0,0,0,0,0,0,0,0,0,0,0,0,0,"https://fbref.com/en/players/b2856bc0/Jamal-Lowe"
2023,"Bournemouth","Premier League","Emiliano Marcondes","DEN","MF","27",1995,1,0,9,0.1,0,0,0,0,0,0,0,0,0,1,0,0,0,0,0,0,0,0,0,0,0,0,0,0,0,"https://fbref.com/en/players/4d960fc3/Emiliano-Marcondes"
2023,"Bournemouth","Premier League","Chris Mepham","WAL","DF","24",1997,26,24,2199,24.4,0,0,0,0,0,0,7,0,2,42,1,0,0,0,0,0,0.7,0.7,0.2,0.9,0.03,0.01,0.04,0.03,0.04,"https://fbref.com/en/players/fed96827/Chris-Mepham"
2023,"Bournemouth","Premier League","Kieffer Moore","WAL","FW","29",1992,27,12,1279,14.2,4,0,4,4,0,0,1,0,10,23,56,0.28,0,0.28,0.28,0.28,4.4,4.4,0.3,4.7,0.31,0.02,0.33,0.31,0.33,"https://fbref.com/en/players/01ce9e70/Kieffer-Moore"
2023,"Bournemouth","Premier League","Neto","BRA","GK","33",1989,27,27,2385,26.5,0,0,0,0,0,0,4,0,0,0,0,0,0,0,0,0,0,0,0,0,0,0,0,0,0,"https://fbref.com/en/players/a9dc785c/Neto"
2023,"Bournemouth","Premier League","Dango Ouattara","BFA","MF,FW","20",2002,19,15,1241,13.8,1,3,4,1,0,0,1,0,39,23,87,0.07,0.22,0.29,0.07,0.29,3.6,3.6,2.5,6.1,0.26,0.18,0.44,0.26,0.44,"https://fbref.com/en/players/2f9e4435/Dango-Ouattara"
2023,"Bournemouth","Premier League","Ben Pearson","ENG","MF","27",1995,7,3,286,3.2,0,0,0,0,0,0,1,0,2,5,4,0,0,0,0,0,0,0,0,0,0.01,0,0.01,0.01,0.01,"https://fbref.com/en/players/a6b461e7/Ben-Pearson"
2023,"Bournemouth","Premier League","Joe Rothwell","ENG","MF","27",1995,20,12,1016,11.3,0,1,1,0,0,0,1,0,12,33,12,0,0.09,0.09,0,0.09,0.2,0.2,1,1.2,0.01,0.09,0.1,0.01,0.1,"https://fbref.com/en/players/10a10454/Joe-Rothwell"
2023,"Bournemouth","Premier League","Antoine Semenyo","GHA","FW,MF","22",2000,11,2,258,2.9,1,0,1,1,0,0,0,0,5,5,11,0.35,0,0.35,0.35,0.35,0.3,0.3,0.1,0.4,0.09,0.03,0.12,0.09,0.12,"https://fbref.com/en/players/efd2ec23/Antoine-Semenyo"
2023,"Bournemouth","Premier League","Marcos Senesi","ARG","DF","25",1997,31,29,2491,27.7,2,0,2,2,0,0,7,0,9,66,3,0.07,0,0.07,0.07,0.07,1.6,1.6,0.5,2.1,0.06,0.02,0.08,0.06,0.08,"https://fbref.com/en/players/35141f4c/Marcos-Senesi"
2023,"Bournemouth","Premier League","Adam Smith","ENG","DF","31",1991,37,34,2943,32.7,0,1,1,0,0,0,11,0,28,83,54,0,0.03,0.03,0,0.03,0.5,0.5,1.3,1.8,0.02,0.04,0.05,0.02,0.05,"https://fbref.com/en/players/20b104bc/Adam-Smith"
2023,"Bournemouth","Premier League","Dominic Solanke","ENG","FW,MF","24",1997,33,32,2860,31.8,6,7,13,6,0,0,2,0,70,47,167,0.19,0.22,0.41,0.19,0.41,9.1,9.1,3.9,13,0.29,0.12,0.41,0.29,0.41,"https://fbref.com/en/players/e77dc3b2/Dominic-Solanke"
2023,"Bournemouth","Premier League","Jack Stacey","ENG","DF","26",1996,10,3,299,3.3,0,0,0,0,0,0,2,0,9,2,15,0,0,0,0,0,0.1,0.1,0,0.1,0.03,0,0.03,0.03,0.03,"https://fbref.com/en/players/558807c0/Jack-Stacey"
2023,"Bournemouth","Premier League","Junior Stanislas","ENG","MF","32",1989,4,0,61,0.7,0,0,0,0,0,0,0,0,0,4,5,0,0,0,0,0,0,0,0.1,0.2,0.05,0.19,0.25,0.05,0.25,"https://fbref.com/en/players/6992791d/Junior-Stanislas"
2023,"Bournemouth","Premier League","Jack Stephens","ENG","DF","28",1994,15,13,1173,13,0,0,0,0,0,0,3,0,7,34,3,0,0,0,0,0,0.4,0.4,0.2,0.6,0.03,0.02,0.05,0.03,0.05,"https://fbref.com/en/players/6adbc307/Jack-Stephens"
2023,"Bournemouth","Premier League","Marcus Tavernier","ENG","MF,FW","23",1999,23,19,1743,19.4,5,4,9,5,0,0,1,0,67,56,137,0.26,0.21,0.46,0.26,0.46,3.1,3.1,2.9,6,0.16,0.15,0.31,0.16,0.31,"https://fbref.com/en/players/5c0da4a4/Marcus-Tavernier"
2023,"Bournemouth","Premier League","Mark Travers","IRL","GK","23",1999,12,11,1035,11.5,0,0,0,0,0,0,0,0,0,0,0,0,0,0,0,0,0,0,0,0,0,0,0,0,0,"https://fbref.com/en/players/fe558029/Mark-Travers"
2023,"Bournemouth","Premier League","Matías Viña","URU","DF","24",1997,12,5,458,5.1,2,0,2,2,0,0,1,0,10,17,19,0.39,0,0.39,0.39,0.39,0.9,0.9,0.2,1,0.17,0.03,0.2,0.17,0.2,"https://fbref.com/en/players/08eb3b58/Matias-Vina"
2023,"Bournemouth","Premier League","Illia Zabarnyi","UKR","DF","19",2002,5,3,299,3.3,0,0,0,0,0,0,0,0,1,11,0,0,0,0,0,0,0,0,0,0,0,0,0,0,0,"https://fbref.com/en/players/88968486/Illia-Zabarnyi"
2023,"Bournemouth","Premier League","Jordan Zemura","ZIM","DF","22",1999,19,17,1454,16.2,0,1,1,0,0,0,1,0,39,45,48,0,0.06,0.06,0,0.06,0.4,0.4,1.9,2.2,0.02,0.11,0.14,0.02,0.14,"https://fbref.com/en/players/e8271ad9/Jordan-Zemura"
2023,"Brentford","Premier League","Kristoffer Ajer","NOR","DF","24",1998,9,9,763,8.5,0,0,0,0,0,0,0,0,10,31,12,0,0,0,0,0,0,0,0,0.1,0,0,0.01,0,0.01,"https://fbref.com/en/players/a8c0acb7/Kristoffer-Ajer"
2023,"Brentford","Premier League","Shandon Baptiste","GRN","MF","24",1998,23,4,618,6.9,0,1,1,0,0,0,3,1,8,39,23,0,0.15,0.15,0,0.15,0.4,0.4,1.1,1.4,0.05,0.16,0.21,0.05,0.21,"https://fbref.com/en/players/2886c9b5/Shandon-Baptiste"
2023,"Brentford","Premier League","Mads Bech Sørensen","DEN","DF,MF","23",1999,4,0,21,0.2,0,0,0,0,0,0,0,0,0,1,0,0,0,0,0,0,0,0,0,0,0,0,0,0,0,"https://fbref.com/en/players/30db8574/Mads-Bech-Sorensen"
2023,"Brentford","Premier League","Sergi Canós","ESP","FW,DF","25",1997,5,0,77,0.9,0,0,0,0,0,0,0,0,4,2,7,0,0,0,0,0,0.1,0.1,0,0.1,0.09,0.03,0.11,0.09,0.11,"https://fbref.com/en/players/1137759d/Sergi-Canos"
2023,"Brentford","Premier League","Mikkel Damsgaard","DEN","MF,FW","22",2000,26,9,988,11,0,0,0,0,0,0,4,0,9,44,45,0,0,0,0,0,2.6,2.6,1.4,4,0.24,0.13,0.36,0.24,0.36,"https://fbref.com/en/players/215f3907/Mikkel-Damsgaard"
2023,"Brentford","Premier League","Josh Dasilva","ENG","MF","23",1998,36,14,1389,15.4,4,2,6,4,0,0,1,0,60,62,69,0.26,0.13,0.39,0.26,0.39,1.5,1.5,1.5,3,0.1,0.09,0.19,0.1,0.19,"https://fbref.com/en/players/60344e4f/Josh-Dasilva"
2023,"Brentford","Premier League","Halil Dervişoğlu","TUR","MF","22",1999,1,0,8,0.1,0,0,0,0,0,0,0,0,0,0,0,0,0,0,0,0,0,0,0,0,0.31,0,0.31,0.31,0.31,"https://fbref.com/en/players/9d8cf204/Halil-Dervisoglu"
2023,"Brentford","Premier League","Saman Ghoddos","IRN","MF,FW","28",1993,15,0,139,1.5,0,0,0,0,0,0,0,0,1,8,6,0,0,0,0,0,0,0,0.4,0.5,0.03,0.27,0.3,0.03,0.3,"https://fbref.com/en/players/f7b1d4e0/Saman-Ghoddos"
2023,"Brentford","Premier League","Rico Henry","ENG","DF","25",1997,37,37,3238,36,0,2,2,0,0,0,4,0,55,107,111,0,0.06,0.06,0,0.06,1.6,1.6,2.7,4.2,0.04,0.07,0.12,0.04,0.12,"https://fbref.com/en/players/8a3c1dc7/Rico-Henry"
2023,"Brentford","Premier League","Aaron Hickey","SCO","DF","20",2002,26,23,1916,21.3,0,1,1,0,0,0,7,0,41,81,47,0,0.05,0.05,0,0.05,0.4,0.4,0.4,0.8,0.02,0.02,0.04,0.02,0.04,"https://fbref.com/en/players/1780bb4a/Aaron-Hickey"
2023,"Brentford","Premier League","Vitaly Janelt","GER","MF,DF","24",1998,35,24,2208,24.5,3,1,4,3,0,0,3,0,14,82,28,0.12,0.04,0.16,0.12,0.16,2.4,2.4,1.4,3.8,0.1,0.06,0.15,0.1,0.15,"https://fbref.com/en/players/8449d35e/Vitaly-Janelt"
2023,"Brentford","Premier League","Pontus Jansson","SWE","DF","31",1991,12,9,724,8,1,0,1,1,0,0,0,0,1,14,0,0.12,0,0.12,0.12,0.12,0.3,0.3,0,0.3,0.04,0,0.04,0.04,0.04,"https://fbref.com/en/players/172e52d8/Pontus-Jansson"
2023,"Brentford","Premier League","Mathias Jensen","DEN","MF","26",1996,37,37,2803,31.1,5,6,11,5,0,0,5,0,21,141,77,0.16,0.19,0.35,0.16,0.35,2.2,2.2,5,7.2,0.07,0.16,0.23,0.07,0.23,"https://fbref.com/en/players/0f134faf/Mathias-Jensen"
2023,"Brentford","Premier League","Mathias Jørgensen","DEN","DF","32",1990,18,11,1103,12.3,0,0,0,0,0,0,2,0,1,35,1,0,0,0,0,0,0.9,0.9,0.2,1.1,0.07,0.01,0.09,0.07,0.09,"https://fbref.com/en/players/0db5d2c8/Mathias-Jorgensen"
2023,"Brentford","Premier League","Keane Lewis-Potter","ENG","FW,MF","21",2001,10,3,321,3.6,0,1,1,0,0,0,0,0,8,6,39,0,0.28,0.28,0,0.28,0.5,0.5,1.2,1.7,0.14,0.35,0.49,0.14,0.49,"https://fbref.com/en/players/41f08ac8/Keane-Lewis-Potter"
2023,"Brentford","Premier League","Bryan Mbeumo","CMR","FW","22",1999,38,36,2906,32.3,9,8,17,8,1,1,5,0,66,88,235,0.28,0.25,0.53,0.25,0.5,9.8,9,7.6,16.5,0.3,0.23,0.54,0.28,0.51,"https://fbref.com/en/players/6afaebf2/Bryan-Mbeumo"
2023,"Brentford","Premier League","Ben Mee","ENG","DF","32",1989,37,37,3269,36.3,3,1,4,3,0,0,2,0,8,84,14,0.08,0.03,0.11,0.08,0.11,3.2,3.2,1.3,4.5,0.09,0.04,0.12,0.09,0.12,"https://fbref.com/en/players/8df7a2fb/Ben-Mee"
2023,"Brentford","Premier League","Christian Nørgaard","DEN","MF","28",1994,22,21,1763,19.6,1,3,4,1,0,0,6,0,4,73,8,0.05,0.15,0.2,0.05,0.2,1.6,1.6,3.1,4.7,0.08,0.16,0.24,0.08,0.24,"https://fbref.com/en/players/df0a4c90/Christian-Norgaard"
2023,"Brentford","Premier League","Frank Onyeka","NGA","MF","24",1998,21,8,848,9.4,0,2,2,0,0,0,0,0,9,28,21,0,0.21,0.21,0,0.21,1,1,0.6,1.7,0.11,0.07,0.18,0.11,0.18,"https://fbref.com/en/players/2944f86f/Frank-Onyeka"
2023,"Brentford","Premier League","Ethan Pinnock","JAM","DF","29",1993,30,30,2700,30,3,0,3,3,0,0,0,0,2,52,16,0.1,0,0.1,0.1,0.1,3,3,1,4,0.1,0.03,0.13,0.1,0.13,"https://fbref.com/en/players/e541326e/Ethan-Pinnock"
2023,"Brentford","Premier League","David Raya","ESP","GK","26",1995,38,38,3420,38,0,0,0,0,0,0,1,0,0,13,0,0,0,0,0,0,0.1,0.1,0.1,0.3,0,0,0.01,0,0.01,"https://fbref.com/en/players/98ea5115/David-Raya"
2023,"Brentford","Premier League","Mads Roerslev","DEN","DF","23",1999,20,12,1108,12.3,0,0,0,0,0,0,0,0,8,19,36,0,0,0,0,0,0.3,0.3,1.2,1.5,0.03,0.1,0.12,0.03,0.12,"https://fbref.com/en/players/57c94db2/Mads-Roerslev"
2023,"Brentford","Premier League","Kevin Schade","GER","FW","20",2001,18,7,732,8.1,0,1,1,0,0,0,2,0,24,15,57,0,0.12,0.12,0,0.12,2.1,2.1,1.1,3.2,0.25,0.14,0.39,0.25,0.39,"https://fbref.com/en/players/52afb588/Kevin-Schade"
2023,"Brentford","Premier League","Ivan Toney","ENG","FW","26",1996,33,33,2951,32.8,20,4,24,14,6,7,9,0,14,79,165,0.61,0.12,0.73,0.43,0.55,18.7,13.2,5.1,18.3,0.57,0.15,0.73,0.4,0.56,"https://fbref.com/en/players/e09f279b/Ivan-Toney"
2023,"Brentford","Premier League","Yoane Wissa","COD","FW","25",1996,38,16,1606,17.8,7,3,10,7,0,0,3,0,24,27,104,0.39,0.17,0.56,0.39,0.56,5.6,5.6,2.5,8.2,0.32,0.14,0.46,0.32,0.46,"https://fbref.com/en/players/2500cef9/Yoane-Wissa"
2023,"Brighton","Premier League","Yasin Ayari","SWE","MF","18",2003,3,1,67,0.7,0,0,0,0,0,0,0,0,0,2,2,0,0,0,0,0,0,0,0.1,0.2,0.03,0.18,0.21,0.03,0.21,"https://fbref.com/en/players/f173303a/Yasin-Ayari"
2023,"Brighton","Premier League","Facundo Buonanotte","ARG","FW,MF","17",2004,13,6,565,6.3,1,1,2,1,0,0,2,0,9,13,42,0.16,0.16,0.32,0.16,0.32,1.4,1.4,0.5,1.9,0.22,0.09,0.31,0.22,0.31,"https://fbref.com/en/players/468a7a91/Facundo-Buonanotte"
2023,"Brighton","Premier League","Moisés Caicedo","ECU","MF","20",2001,37,34,3139,34.9,1,1,2,1,0,0,10,0,38,219,61,0.03,0.03,0.06,0.03,0.06,1.7,1.7,2.7,4.3,0.05,0.08,0.12,0.05,0.12,"https://fbref.com/en/players/16264a81/Moises-Caicedo"
2023,"Brighton","Premier League","Julio César Enciso","PAR","FW,MF","18",2004,20,7,806,9,4,2,6,4,0,0,1,0,39,31,74,0.45,0.22,0.67,0.45,0.67,4,4,1.7,5.7,0.45,0.19,0.64,0.45,0.64,"https://fbref.com/en/players/9cfbad36/Julio-Cesar-Enciso"
2023,"Brighton","Premier League","Levi Colwill","ENG","DF","19",2003,17,13,1220,13.6,0,2,2,0,0,0,1,0,16,70,3,0,0.15,0.15,0,0.15,1.4,1.4,0.5,1.9,0.1,0.04,0.14,0.1,0.14,"https://fbref.com/en/players/700783e7/Levi-Colwill"
2023,"Brighton","Premier League","Lewis Dunk","ENG","DF","30",1991,36,36,3239,36,1,0,1,1,0,0,4,0,19,158,5,0.03,0,0.03,0.03,0.03,1.7,1.7,1,2.7,0.05,0.03,0.07,0.05,0.07,"https://fbref.com/en/players/282f75f3/Lewis-Dunk"
2023,"Brighton","Premier League","Pervis Estupiñán","ECU","DF","24",1998,35,31,2675,29.7,1,5,6,1,0,0,4,0,91,157,183,0.03,0.17,0.2,0.03,0.2,1.7,1.7,5.4,7.1,0.06,0.18,0.24,0.06,0.24,"https://fbref.com/en/players/d38fdf53/Pervis-Estupinan"
2023,"Brighton","Premier League","Evan Ferguson","IRL","FW","17",2004,19,10,950,10.6,6,2,8,6,0,0,1,0,11,14,58,0.57,0.19,0.76,0.57,0.76,5.3,5.3,0.7,6.1,0.51,0.07,0.57,0.51,0.57,"https://fbref.com/en/players/4596da74/Evan-Ferguson"
2023,"Brighton","Premier League","Billy Gilmour","SCO","MF","21",2001,14,7,507,5.6,0,1,1,0,0,0,1,0,5,35,4,0,0.18,0.18,0,0.18,0.5,0.5,0.2,0.8,0.09,0.04,0.13,0.09,0.13,"https://fbref.com/en/players/df10e27c/Billy-Gilmour"
2023,"Brighton","Premier League","Pascal Groß","GER","MF,DF","31",1991,37,37,3239,36,9,8,17,9,0,0,6,0,62,255,209,0.25,0.22,0.47,0.25,0.47,5.4,5.4,10.9,16.3,0.15,0.3,0.45,0.15,0.45,"https://fbref.com/en/players/8aec0537/Pascal-Gross"
2023,"Brighton","Premier League","Jan Paul van Hecke","NED","DF","22",2000,8,3,295,3.3,0,0,0,0,0,0,2,0,3,21,0,0,0,0,0,0,0.6,0.6,0,0.6,0.18,0,0.18,0.18,0.18,"https://fbref.com/en/players/4fd08daa/Jan-Paul-van-Hecke"
2023,"Brighton","Premier League","Jack Hinshelwood","ENG","FW","17",2005,1,0,2,0,0,0,0,0,0,0,0,0,0,0,1,0,0,0,0,0,0,0,0,0,0,0,0,0,0,"https://fbref.com/en/players/e98211e7/Jack-Hinshelwood"
2023,"Brighton","Premier League","Adam Lallana","ENG","MF,FW","34",1988,16,12,722,8,2,1,3,2,0,0,0,0,10,33,43,0.25,0.12,0.37,0.25,0.37,0.9,0.9,1,1.9,0.11,0.12,0.23,0.11,0.23,"https://fbref.com/en/players/99813635/Adam-Lallana"
2023,"Brighton","Premier League","Tariq Lamptey","GHA","DF","21",2000,20,3,453,5,0,0,0,0,0,0,1,0,28,26,58,0,0,0,0,0,0.2,0.2,0.2,0.4,0.04,0.04,0.08,0.04,0.08,"https://fbref.com/en/players/f4e433d4/Tariq-Lamptey"
2023,"Brighton","Premier League","Alexis Mac Allister","ARG","MF","23",1998,35,31,2886,32.1,10,2,12,4,6,6,8,0,69,174,77,0.31,0.06,0.37,0.12,0.19,12.1,7.3,4.3,11.6,0.38,0.13,0.51,0.23,0.36,"https://fbref.com/en/players/83d074ff/Alexis-Mac-Allister"
2023,"Brighton","Premier League","Solly March","ENG","FW,DF","28",1994,33,31,2715,30.2,7,7,14,7,0,0,2,0,110,135,357,0.23,0.23,0.46,0.23,0.46,8.1,8.1,8.4,16.5,0.27,0.28,0.55,0.27,0.55,"https://fbref.com/en/players/bb5fbd2b/Solly-March"
2023,"Brighton","Premier League","Kaoru Mitoma","JPN","FW,MF","25",1997,33,24,2318,25.8,7,5,12,7,0,0,0,0,143,90,260,0.27,0.19,0.47,0.27,0.47,8.1,8.1,6.4,14.5,0.31,0.25,0.56,0.31,0.56,"https://fbref.com/en/players/74618572/Kaoru-Mitoma"
2023,"Brighton","Premier League","Andrew Moran","IRL","FW","18",2003,1,0,12,0.1,0,0,0,0,0,0,0,0,0,0,1,0,0,0,0,0,0,0,0,0,0,0,0,0,0,"https://fbref.com/en/players/c4720845/Andrew-Moran"
2023,"Brighton","Premier League","Enock Mwepu","ZAM","FW,MF","24",1998,6,2,213,2.4,0,1,1,0,0,0,0,0,5,6,17,0,0.42,0.42,0,0.42,0.2,0.2,0.5,0.7,0.09,0.2,0.29,0.09,0.29,"https://fbref.com/en/players/1d5cab82/Enock-Mwepu"
2023,"Brighton","Premier League","Odeluga Offiah","ENG","DF","19",2002,2,0,25,0.3,0,0,0,0,0,0,0,0,1,1,1,0,0,0,0,0,0,0,0,0,0,0,0,0,0,"https://fbref.com/en/players/65c3efa2/Odeluga-Offiah"
2023,"Brighton","Premier League","Cameron Peupion","AUS","MF","19",2002,1,0,6,0.1,0,0,0,0,0,0,0,0,0,0,2,0,0,0,0,0,0.1,0.1,0,0.1,0.9,0,0.9,0.9,0.9,"https://fbref.com/en/players/0bdeb013/Cameron-Peupion"
2023,"Brighton","Premier League","Robert Sanchez","ESP","GK","24",1997,23,23,2070,23,0,0,0,0,0,0,2,0,NA,NA,NA,0,0,0,0,0,NA,NA,NA,NA,NA,NA,NA,NA,NA,"https://fbref.com/en/players/cce694d4/Robert-Sanchez"
2023,"Brighton","Premier League","Jeremy Sarmiento","ECU","MF","20",2002,9,1,176,2,0,1,1,0,0,0,1,0,5,11,20,0,0.51,0.51,0,0.51,0.3,0.3,0.2,0.5,0.17,0.11,0.28,0.17,0.28,"https://fbref.com/en/players/ac0d576d/Jeremy-Sarmiento"
2023,"Brighton","Premier League","Jason Steele","ENG","GK","31",1990,15,15,1350,15,0,1,1,0,0,0,1,0,0,0,0,0,0.07,0.07,0,0.07,0,0,0.1,0.1,0,0.01,0.01,0,0.01,"https://fbref.com/en/players/28300a16/Jason-Steele"
2023,"Brighton","Premier League","Leandro Trossard","BEL","FW,MF","27",1994,16,16,1315,14.6,7,2,9,7,0,0,1,0,40,67,118,0.48,0.14,0.62,0.48,0.62,4.4,4.4,2.1,6.5,0.3,0.14,0.45,0.3,0.45,"https://fbref.com/en/players/38ceb24a/Leandro-Trossard"
2023,"Brighton","Premier League","Deniz Undav","GER","FW,MF","26",1996,22,6,628,7,5,0,5,5,0,0,2,0,12,10,40,0.72,0,0.72,0.72,0.72,4.5,4.5,1.1,5.6,0.65,0.15,0.8,0.65,0.8,"https://fbref.com/en/players/dd549382/Deniz-Undav"
2023,"Brighton","Premier League","Joël Veltman","NED","DF","30",1992,31,25,2188,24.3,1,1,2,1,0,0,6,0,43,153,49,0.04,0.04,0.08,0.04,0.08,1.8,1.8,0.7,2.5,0.07,0.03,0.1,0.07,0.1,"https://fbref.com/en/players/dad4b285/Joel-Veltman"
2023,"Brighton","Premier League","Adam Webster","ENG","DF","27",1995,27,23,1985,22.1,0,0,0,0,0,0,2,0,19,119,9,0,0,0,0,0,1.8,1.8,0.2,1.9,0.08,0.01,0.09,0.08,0.09,"https://fbref.com/en/players/c40b6180/Adam-Webster"
2023,"Brighton","Premier League","Danny Welbeck","ENG","FW","31",1990,31,21,1854,20.6,6,3,9,6,0,0,0,0,31,49,134,0.29,0.15,0.44,0.29,0.44,9.4,9.4,4.3,13.7,0.46,0.21,0.66,0.46,0.66,"https://fbref.com/en/players/ce5143da/Danny-Welbeck"
2023,"Chelsea","Premier League","Kepa Arrizabalaga","ESP","GK","27",1994,29,29,2565,28.5,0,0,0,0,0,0,1,0,0,0,0,0,0,0,0,0,0,0,0,0,0,0,0,0,0,"https://fbref.com/en/players/28d596a0/Kepa-Arrizabalaga"
2023,"Chelsea","Premier League","Pierre-Emerick Aubameyang","GAB","FW","33",1989,15,5,554,6.2,1,0,1,1,0,0,1,0,9,3,29,0.16,0,0.16,0.16,0.16,1.5,1.5,0.4,1.9,0.24,0.07,0.3,0.24,0.3,"https://fbref.com/en/players/d5dd5f1f/Pierre-Emerick-Aubameyang"
2023,"Chelsea","Premier League","César Azpilicueta","ESP","DF","32",1989,25,16,1527,17,0,0,0,0,0,0,3,0,23,71,81,0,0,0,0,0,0.4,0.4,1.1,1.5,0.02,0.07,0.09,0.02,0.09,"https://fbref.com/en/players/53cad200/Cesar-Azpilicueta"
2023,"Chelsea","Premier League","Benoît Badiashile","FRA","DF","21",2001,11,10,905,10.1,1,0,1,1,0,0,2,0,11,56,2,0.1,0,0.1,0.1,0.1,1.2,1.2,0.5,1.6,0.12,0.05,0.16,0.12,0.16,"https://fbref.com/en/players/06df8256/Benoit-Badiashile"
2023,"Chelsea","Premier League","Armando Broja","ALB","FW","20",2001,12,2,294,3.3,1,0,1,1,0,0,0,0,8,4,17,0.31,0,0.31,0.31,0.31,0.8,0.8,0.1,0.9,0.26,0.02,0.27,0.26,0.27,"https://fbref.com/en/players/97220da2/Armando-Broja"
2023,"Chelsea","Premier League","Trevoh Chalobah","ENG","DF","23",1999,25,18,1608,17.9,0,0,0,0,0,0,4,0,17,71,27,0,0,0,0,0,0.9,0.9,0.3,1.2,0.05,0.02,0.06,0.05,0.06,"https://fbref.com/en/players/5515376c/Trevoh-Chalobah"
2023,"Chelsea","Premier League","Ben Chilwell","ENG","DF,MF","25",1996,23,15,1408,15.6,2,2,4,2,0,0,3,0,43,41,131,0.13,0.13,0.26,0.13,0.26,1.4,1.4,2.2,3.7,0.09,0.14,0.23,0.09,0.23,"https://fbref.com/en/players/d2424d1b/Ben-Chilwell"
2023,"Chelsea","Premier League","Carney Chukwuemeka","ENG","MF,FW","18",2003,14,2,354,3.9,0,0,0,0,0,0,0,0,21,23,21,0,0,0,0,0,0.4,0.4,0.6,1,0.09,0.16,0.25,0.09,0.25,"https://fbref.com/en/players/b2f9c73e/Carney-Chukwuemeka"
2023,"Chelsea","Premier League","Marc Cucurella","ESP","DF","24",1998,24,21,1671,18.6,0,2,2,0,0,0,4,0,30,73,65,0,0.11,0.11,0,0.11,0.4,0.4,0.6,1,0.02,0.03,0.06,0.02,0.06,"https://fbref.com/en/players/1daec722/Marc-Cucurella"
2023,"Chelsea","Premier League","David Datro Fofana","CIV","FW","19",2002,3,1,70,0.8,0,0,0,0,0,0,0,0,2,2,9,0,0,0,0,0,0.2,0.2,0.1,0.4,0.31,0.17,0.47,0.31,0.47,"https://fbref.com/en/players/e82900ef/David-Datro-Fofana"
2023,"Chelsea","Premier League","João Félix","POR","FW,MF","22",1999,16,11,941,10.5,4,0,4,4,0,0,1,1,34,47,79,0.38,0,0.38,0.38,0.38,4.9,4.9,0.5,5.4,0.47,0.05,0.52,0.47,0.52,"https://fbref.com/en/players/8aafd64f/Joao-Felix"
2023,"Chelsea","Premier League","Enzo Fernández","ARG","MF","21",2001,18,18,1547,17.2,0,2,2,0,0,0,3,0,22,168,18,0,0.12,0.12,0,0.12,0.8,0.8,2.4,3.2,0.05,0.14,0.19,0.05,0.19,"https://fbref.com/en/players/5ff4ab71/Enzo-Fernandez"
2023,"Chelsea","Premier League","Wesley Fofana","FRA","DF","21",2000,15,12,1183,13.1,1,0,1,1,0,0,3,0,29,43,12,0.08,0,0.08,0.08,0.08,0.7,0.7,0.1,0.8,0.05,0,0.06,0.05,0.06,"https://fbref.com/en/players/132a82f1/Wesley-Fofana"
2023,"Chelsea","Premier League","Conor Gallagher","ENG","MF","22",2000,35,18,1621,18,3,1,4,3,0,0,11,1,40,105,104,0.17,0.06,0.22,0.17,0.22,2.5,2.5,2.3,4.7,0.14,0.13,0.26,0.14,0.26,"https://fbref.com/en/players/c2731c10/Conor-Gallagher"
2023,"Chelsea","Premier League","Lewis Hall","ENG","DF","17",2004,9,8,654,7.3,0,0,0,0,0,0,1,0,19,25,41,0,0,0,0,0,0.9,0.9,2.3,3.1,0.12,0.31,0.43,0.12,0.43,"https://fbref.com/en/players/da011f18/Lewis-Hall"
2023,"Chelsea","Premier League","Kai Havertz","GER","FW,MF","23",1999,35,30,2569,28.5,7,1,8,6,1,1,5,0,59,89,218,0.25,0.04,0.28,0.21,0.25,11.6,10.8,3.7,14.6,0.41,0.13,0.54,0.38,0.51,"https://fbref.com/en/players/fed7cb61/Kai-Havertz"
2023,"Chelsea","Premier League","Omari Hutchinson","ENG","FW","18",2003,1,0,23,0.3,0,0,0,0,0,0,0,0,1,0,1,0,0,0,0,0,0,0,0,0,0,0,0,0,0,"https://fbref.com/en/players/bd9553e6/Omari-Hutchinson"
2023,"Chelsea","Premier League","Reece James","ENG","DF,MF","22",1999,16,14,1244,13.8,1,1,2,1,0,0,4,0,52,90,115,0.07,0.07,0.14,0.07,0.14,1,1,3,4,0.07,0.22,0.29,0.07,0.29,"https://fbref.com/en/players/1265a93a/Reece-James"
2023,"Chelsea","Premier League","Jorginho","ITA","MF","30",1991,18,15,1279,14.2,2,0,2,0,2,2,4,0,13,80,10,0.14,0,0.14,0,0,1.7,0.1,0.4,0.5,0.12,0.03,0.14,0.01,0.03,"https://fbref.com/en/players/45db685d/Jorginho"
2023,"Chelsea","Premier League","N'Golo Kanté","FRA","MF","31",1991,7,6,518,5.8,0,1,1,0,0,0,1,0,19,34,36,0,0.17,0.17,0,0.17,0.3,0.3,1.9,2.2,0.05,0.32,0.38,0.05,0.38,"https://fbref.com/en/players/b9fbae28/NGolo-Kante"
2023,"Chelsea","Premier League","Kalidou Koulibaly","SEN","DF","31",1991,23,20,1800,20,2,1,3,2,0,0,7,1,10,81,4,0.1,0.05,0.15,0.1,0.15,0.9,0.9,0.4,1.4,0.05,0.02,0.07,0.05,0.07,"https://fbref.com/en/players/da974c7b/Kalidou-Koulibaly"
2023,"Chelsea","Premier League","Mateo Kovačić","CRO","MF","28",1994,27,17,1707,19,1,2,3,1,0,0,8,0,37,153,30,0.05,0.11,0.16,0.05,0.16,1.8,1.8,2.1,3.9,0.09,0.11,0.2,0.09,0.2,"https://fbref.com/en/players/79c0821a/Mateo-Kovacic"
2023,"Chelsea","Premier League","Ruben Loftus-Cheek","ENG","MF,DF","26",1996,25,19,1536,17.1,0,1,1,0,0,0,1,0,56,90,86,0,0.06,0.06,0,0.06,0.8,0.8,1.5,2.4,0.05,0.09,0.14,0.05,0.14,"https://fbref.com/en/players/e97fd090/Ruben-Loftus-Cheek"
2023,"Chelsea","Premier League","Noni Madueke","ENG","FW","20",2002,12,7,643,7.1,1,0,1,1,0,0,0,0,48,36,100,0.14,0,0.14,0.14,0.14,0.9,0.9,0.5,1.5,0.13,0.07,0.2,0.13,0.2,"https://fbref.com/en/players/bf34eebd/Noni-Madueke"
2023,"Chelsea","Premier League","Edouard Mendy","SEN","GK","30",1992,10,9,855,9.5,0,0,0,0,0,0,1,0,0,0,0,0,0,0,0,0,0,0,0,0,0,0,0,0,0,"https://fbref.com/en/players/33887998/Edouard-Mendy"
2023,"Chelsea","Premier League","Mason Mount","ENG","MF,FW","23",1999,24,20,1648,18.3,3,2,5,3,0,0,4,0,48,98,114,0.16,0.11,0.27,0.16,0.27,2,2,3,5,0.11,0.16,0.27,0.11,0.27,"https://fbref.com/en/players/9674002f/Mason-Mount"
2023,"Chelsea","Premier League","Mykhailo Mudryk","UKR","FW,MF","21",2001,15,7,657,7.3,0,2,2,0,0,0,1,0,25,20,43,0,0.27,0.27,0,0.27,1.9,1.9,0.9,2.8,0.25,0.13,0.38,0.25,0.38,"https://fbref.com/en/players/049a888d/Mykhailo-Mudryk"
2023,"Chelsea","Premier League","Christian Pulisic","USA","FW,DF","23",1998,24,8,821,9.1,1,1,2,1,0,0,1,0,35,23,76,0.11,0.11,0.22,0.11,0.22,1.7,1.7,0.7,2.4,0.19,0.07,0.26,0.19,0.26,"https://fbref.com/en/players/1bf33a9a/Christian-Pulisic"
2023,"Chelsea","Premier League","Thiago Silva","BRA","DF","37",1984,27,26,2352,26.1,0,2,2,0,0,0,2,0,8,104,2,0,0.08,0.08,0,0.08,1.5,1.5,0.5,2,0.06,0.02,0.08,0.06,0.08,"https://fbref.com/en/players/86e7deaf/Thiago-Silva"
2023,"Chelsea","Premier League","Raheem Sterling","ENG","FW,MF","27",1994,28,23,1891,21,6,3,9,6,0,0,4,0,81,59,186,0.29,0.14,0.43,0.29,0.43,6.2,6.2,4.6,10.8,0.29,0.22,0.51,0.29,0.51,"https://fbref.com/en/players/b400bde0/Raheem-Sterling"
2023,"Chelsea","Premier League","Denis Zakaria","SUI","MF","25",1996,7,5,411,4.6,0,0,0,0,0,0,0,0,9,6,3,0,0,0,0,0,0.2,0.2,0,0.2,0.04,0.01,0.05,0.04,0.05,"https://fbref.com/en/players/384d58d9/Denis-Zakaria"
2023,"Chelsea","Premier League","Hakim Ziyech","MAR","FW,MF","29",1993,18,6,661,7.3,0,3,3,0,0,0,1,0,20,42,69,0,0.41,0.41,0,0.41,0.6,0.6,2.2,2.8,0.08,0.3,0.38,0.08,0.38,"https://fbref.com/en/players/6622454d/Hakim-Ziyech"
2023,"Crystal Palace","Premier League","Naouirou Ahamada","FRA","MF,FW","20",2002,8,0,94,1,0,0,0,0,0,0,1,0,1,2,11,0,0,0,0,0,0.2,0.2,0.1,0.2,0.15,0.07,0.22,0.15,0.22,"https://fbref.com/en/players/a6c58494/Naouirou-Ahamada"
2023,"Crystal Palace","Premier League","Joachim Andersen","DEN","DF","26",1996,32,32,2782,30.9,1,0,1,1,0,0,8,0,16,105,7,0.03,0,0.03,0.03,0.03,1.8,1.8,1.3,3.1,0.06,0.04,0.1,0.06,0.1,"https://fbref.com/en/players/e34fc66d/Joachim-Andersen"
2023,"Crystal Palace","Premier League","Jordan Ayew","GHA","FW,MF","30",1991,38,31,2714,30.2,4,3,7,4,0,0,5,0,83,63,174,0.13,0.1,0.23,0.13,0.23,3.2,3.2,3.2,6.4,0.1,0.11,0.21,0.1,0.21,"https://fbref.com/en/players/da052c14/Jordan-Ayew"
2023,"Crystal Palace","Premier League","Nathaniel Clyne","ENG","DF","31",1991,22,19,1640,18.2,0,0,0,0,0,0,3,0,14,52,29,0,0,0,0,0,0,0,0.7,0.7,0,0.04,0.04,0,0.04,"https://fbref.com/en/players/0442183b/Nathaniel-Clyne"
2023,"Crystal Palace","Premier League","Cheick Doucouré","MLI","MF","22",2000,34,34,2769,30.8,0,3,3,0,0,0,10,1,18,140,17,0,0.1,0.1,0,0.1,1.4,1.4,1.9,3.4,0.05,0.06,0.11,0.05,0.11,"https://fbref.com/en/players/ce4f40c7/Cheick-Doucoure"
2023,"Crystal Palace","Premier League","Malcolm Ebiowei","ENG","MF,FW","18",2003,3,0,34,0.4,0,0,0,0,0,0,0,0,2,2,9,0,0,0,0,0,0,0,0,0,0,0,0,0,0,"https://fbref.com/en/players/fa9fa773/Malcolm-Ebiowei"
2023,"Crystal Palace","Premier League","Odsonne Édouard","FRA","FW","24",1998,35,20,1803,20,5,2,7,5,0,0,3,0,29,32,100,0.25,0.1,0.35,0.25,0.35,4.2,4.2,1.2,5.4,0.21,0.06,0.27,0.21,0.27,"https://fbref.com/en/players/0562b7f1/Odsonne-Edouard"
2023,"Crystal Palace","Premier League","Eberechi Eze","ENG","MF,FW","24",1998,38,30,2636,29.3,10,4,14,9,1,1,3,0,69,131,129,0.34,0.14,0.48,0.31,0.44,7.3,6.5,4.3,10.8,0.25,0.15,0.39,0.22,0.37,"https://fbref.com/en/players/ae4fc6a4/Eberechi-Eze"
2023,"Crystal Palace","Premier League","Vicente Guaita","ESP","GK","35",1987,27,27,2430,27,0,0,0,0,0,0,1,0,0,1,0,0,0,0,0,0,0,0,0,0,0,0,0,0,0,"https://fbref.com/en/players/ab13a5aa/Vicente-Guaita"
2023,"Crystal Palace","Premier League","Marc Guéhi","ENG","DF","22",2000,37,37,3329,37,1,0,1,1,0,0,8,0,17,106,3,0.03,0,0.03,0.03,0.03,1.5,1.5,0.5,1.9,0.04,0.01,0.05,0.04,0.05,"https://fbref.com/en/players/d0706b27/Marc-Guehi"
2023,"Crystal Palace","Premier League","Will Hughes","ENG","MF","27",1995,27,7,842,9.4,1,1,2,1,0,0,4,0,14,32,23,0.11,0.11,0.21,0.11,0.21,0.3,0.3,0.9,1.2,0.04,0.1,0.13,0.04,0.13,"https://fbref.com/en/players/a0666d3e/Will-Hughes"
2023,"Crystal Palace","Premier League","Sam Johnstone","ENG","GK","29",1993,9,9,810,9,0,0,0,0,0,0,1,0,0,0,0,0,0,0,0,0,0,0,0,0,0,0,0,0,0,"https://fbref.com/en/players/9e5708be/Sam-Johnstone"
2023,"Crystal Palace","Premier League","Jean-Philippe Mateta","FRA","FW","25",1997,29,6,770,8.6,2,0,2,2,0,0,3,0,9,6,43,0.23,0,0.23,0.23,0.23,3.4,3.4,0.6,4,0.39,0.07,0.47,0.39,0.47,"https://fbref.com/en/players/50e6dc35/Jean-Philippe-Mateta"
2023,"Crystal Palace","Premier League","James McArthur","SCO","MF","34",1987,4,0,54,0.6,0,0,0,0,0,0,0,0,0,1,0,0,0,0,0,0,0,0,0,0,0,0,0,0,0,"https://fbref.com/en/players/cee31595/James-McArthur"
2023,"Crystal Palace","Premier League","Luka Milivojević","SRB","MF","31",1991,18,5,512,5.7,0,0,0,0,0,0,2,0,2,20,2,0,0,0,0,0,0.3,0.3,0.2,0.5,0.06,0.03,0.09,0.06,0.09,"https://fbref.com/en/players/2ce2508a/Luka-Milivojevic"
2023,"Crystal Palace","Premier League","Tyrick Mitchell","ENG","DF","22",1999,36,34,2891,32.1,0,2,2,0,0,0,5,1,23,106,90,0,0.06,0.06,0,0.06,0.6,0.6,1.2,1.8,0.02,0.04,0.05,0.02,0.05,"https://fbref.com/en/players/5cbd1eb0/Tyrick-Mitchell"
2023,"Crystal Palace","Premier League","Michael Olise","FRA","FW,MF","20",2001,37,31,2749,30.5,2,11,13,2,0,0,2,0,111,133,243,0.07,0.36,0.43,0.07,0.43,2.9,2.9,8.7,11.6,0.09,0.29,0.38,0.09,0.38,"https://fbref.com/en/players/c4486bac/Michael-Olise"
2023,"Crystal Palace","Premier League","David Ozoh","","FW","17",2005,1,0,1,0,0,0,0,0,0,0,0,0,0,0,0,0,0,0,0,0,0,0,0,0,0,0,0,0,0,"https://fbref.com/en/players/d00d45ab/David-Ozoh"
2023,"Crystal Palace","Premier League","Chris Richards","USA","DF","22",2000,9,4,447,5,0,0,0,0,0,0,0,0,4,14,3,0,0,0,0,0,0.7,0.7,0.3,1,0.14,0.05,0.2,0.14,0.2,"https://fbref.com/en/players/0a3d6d2b/Chris-Richards"
2023,"Crystal Palace","Premier League","Jaïro Riedewald","NED","DF,MF","25",1996,6,0,64,0.7,0,0,0,0,0,0,0,0,1,1,1,0,0,0,0,0,0.1,0.1,0,0.1,0.1,0,0.1,0.1,0.1,"https://fbref.com/en/players/7a1f2c08/Jairo-Riedewald"
2023,"Crystal Palace","Premier League","Albert Sambi Lokonga","BEL","MF","22",1999,9,6,536,6,0,0,0,0,0,0,2,0,2,20,2,0,0,0,0,0,0.2,0.2,0,0.2,0.03,0.01,0.03,0.03,0.03,"https://fbref.com/en/players/1b4f1169/Albert-Sambi-Lokonga"
2023,"Crystal Palace","Premier League","Jeffrey Schlupp","GHA","MF,FW","29",1992,34,30,2531,28.1,3,1,4,3,0,0,7,0,32,98,67,0.11,0.04,0.14,0.11,0.14,3.2,3.2,1.4,4.6,0.11,0.05,0.17,0.11,0.17,"https://fbref.com/en/players/3312f911/Jeffrey-Schlupp"
2023,"Crystal Palace","Premier League","James Tomkins","ENG","DF","33",1989,6,3,338,3.8,1,0,1,1,0,0,3,1,1,2,1,0.27,0,0.27,0.27,0.27,1,1,0,1,0.27,0,0.27,0.27,0.27,"https://fbref.com/en/players/e7ca0439/James-Tomkins"
2023,"Crystal Palace","Premier League","Joel Ward","ENG","DF","32",1989,28,24,2256,25.1,1,0,1,1,0,0,6,0,22,101,46,0.04,0,0.04,0.04,0.04,1.1,1.1,0.4,1.5,0.04,0.02,0.06,0.04,0.06,"https://fbref.com/en/players/8a7ff278/Joel-Ward"
2023,"Crystal Palace","Premier League","Joseph Whitworth","ENG","GK","18",2004,2,2,180,2,0,0,0,0,0,0,0,0,0,0,0,0,0,0,0,0,0,0,0,0,0,0,0,0,0,"https://fbref.com/en/players/3f847d95/Joseph-Whitworth"
2023,"Crystal Palace","Premier League","Wilfried Zaha","CIV","FW,MF","29",1992,27,27,2288,25.4,7,2,9,7,0,2,5,0,86,75,238,0.28,0.08,0.35,0.28,0.35,6.5,4.8,2.7,7.5,0.26,0.11,0.36,0.19,0.3,"https://fbref.com/en/players/b2bc3b1f/Wilfried-Zaha"
2023,"Everton","Premier League","Dele Alli","ENG","MF","26",1996,2,0,40,0.4,0,0,0,0,0,0,0,0,0,1,1,0,0,0,0,0,0,0,0,0,0,0,0,0,0,"https://fbref.com/en/players/cea4ee8f/Dele-Alli"
2023,"Everton","Premier League","Asmir Begović","BIH","GK","35",1987,1,1,90,1,0,0,0,0,0,0,0,0,0,0,0,0,0,0,0,0,0,0,0,0,0,0,0,0,0,"https://fbref.com/en/players/7b4de647/Asmir-Begovic"
2023,"Everton","Premier League","Dominic Calvert-Lewin","ENG","FW","25",1997,17,15,1165,12.9,2,1,3,1,1,1,3,0,18,15,56,0.15,0.08,0.23,0.08,0.15,5.8,5,0.8,5.9,0.45,0.06,0.51,0.39,0.45,"https://fbref.com/en/players/59e6e5bf/Dominic-Calvert-Lewin"
2023,"Everton","Premier League","Thomas Cannon","IRL","FW","19",2002,2,0,25,0.3,0,0,0,0,0,0,0,0,1,0,2,0,0,0,0,0,0.1,0.1,0.5,0.6,0.32,1.95,2.27,0.32,2.27,"https://fbref.com/en/players/4506aec5/Thomas-Cannon"
2023,"Everton","Premier League","Conor Coady","ENG","DF","29",1993,24,23,2096,23.3,1,1,2,1,0,0,2,0,4,43,1,0.04,0.04,0.09,0.04,0.09,0.8,0.8,0.3,1.2,0.04,0.01,0.05,0.04,0.05,"https://fbref.com/en/players/2928dca2/Conor-Coady"
2023,"Everton","Premier League","Séamus Coleman","IRL","DF","33",1988,23,20,1656,18.4,1,0,1,1,0,0,1,0,13,61,37,0.05,0,0.05,0.05,0.05,0.4,0.4,0.9,1.2,0.02,0.05,0.07,0.02,0.07,"https://fbref.com/en/players/0420d84f/Seamus-Coleman"
2023,"Everton","Premier League","Tom Davies","ENG","MF","24",1998,19,4,538,6,0,0,0,0,0,0,3,0,2,30,13,0,0,0,0,0,1.2,1.2,0.2,1.3,0.19,0.03,0.22,0.19,0.22,"https://fbref.com/en/players/9228b07c/Tom-Davies"
2023,"Everton","Premier League","Abdoulaye Doucouré","MLI","MF","29",1993,25,17,1533,17,5,2,7,5,0,0,6,1,23,38,66,0.29,0.12,0.41,0.29,0.41,2.4,2.4,2.2,4.6,0.14,0.13,0.27,0.14,0.27,"https://fbref.com/en/players/02b29014/Abdoulaye-Doucoure"
2023,"Everton","Premier League","Idrissa Gana Gueye","SEN","MF","32",1989,33,32,2577,28.6,0,1,1,0,0,0,7,0,27,98,19,0,0.03,0.03,0,0.03,0.7,0.7,1.1,1.8,0.03,0.04,0.06,0.03,0.06,"https://fbref.com/en/players/72c812f3/Idrissa-Gana-Gueye"
2023,"Everton","Premier League","James Garner","ENG","MF,DF","21",2001,16,7,804,8.9,0,1,1,0,0,0,3,0,8,33,18,0,0.11,0.11,0,0.11,0.8,0.8,0.5,1.3,0.09,0.06,0.14,0.09,0.14,"https://fbref.com/en/players/4e015693/James-Garner"
2023,"Everton","Premier League","Ben Godfrey","ENG","DF","24",1998,13,10,802,8.9,0,1,1,0,0,0,2,0,9,19,7,0,0.11,0.11,0,0.11,1.2,1.2,0.2,1.4,0.14,0.02,0.16,0.14,0.16,"https://fbref.com/en/players/9f7c837d/Ben-Godfrey"
2023,"Everton","Premier League","Anthony Gordon","ENG","FW","21",2001,16,12,1095,12.2,3,0,3,3,0,0,6,0,28,19,67,0.25,0,0.25,0.25,0.25,3.3,3.3,0.6,3.9,0.27,0.05,0.32,0.27,0.32,"https://fbref.com/en/players/2bd83368/Anthony-Gordon"
2023,"Everton","Premier League","Demarai Gray","JAM","FW,MF","26",1996,33,27,2507,27.9,4,1,5,2,2,2,3,0,94,46,199,0.14,0.04,0.18,0.07,0.11,6.2,4.7,3.8,8.5,0.22,0.14,0.36,0.17,0.3,"https://fbref.com/en/players/4468ec10/Demarai-Gray"
2023,"Everton","Premier League","Mason Holgate","ENG","DF","25",1996,8,5,507,5.6,0,0,0,0,0,0,3,1,4,14,5,0,0,0,0,0,1,1,0.4,1.4,0.18,0.07,0.25,0.18,0.25,"https://fbref.com/en/players/d0042ab9/Mason-Holgate"
2023,"Everton","Premier League","Alex Iwobi","NGA","MF,FW","26",1996,38,38,3378,37.5,2,7,9,2,0,0,2,0,90,194,145,0.05,0.19,0.24,0.05,0.24,2.5,2.5,6.1,8.5,0.07,0.16,0.23,0.07,0.23,"https://fbref.com/en/players/6ca5ec4b/Alex-Iwobi"
2023,"Everton","Premier League","Michael Keane","ENG","DF","29",1993,12,10,985,10.9,1,2,3,1,0,0,0,0,2,31,4,0.09,0.18,0.27,0.09,0.27,1.3,1.3,0.7,2.1,0.12,0.07,0.19,0.12,0.19,"https://fbref.com/en/players/c5b7c315/Michael-Keane"
2023,"Everton","Premier League","Neal Maupay","FRA","FW","25",1996,27,11,1118,12.4,1,0,1,1,0,0,4,0,8,11,61,0.08,0,0.08,0.08,0.08,4.8,4.8,0.6,5.4,0.39,0.05,0.43,0.39,0.43,"https://fbref.com/en/players/4bcf39f6/Neal-Maupay"
2023,"Everton","Premier League","Dwight McNeil","ENG","FW,MF","22",1999,36,28,2498,27.8,7,3,10,7,0,0,5,0,76,69,128,0.25,0.11,0.36,0.25,0.36,3.5,3.5,6.1,9.6,0.13,0.22,0.35,0.13,0.35,"https://fbref.com/en/players/fc15fb84/Dwight-McNeil"
2023,"Everton","Premier League","Yerry Mina","COL","DF","27",1994,7,7,594,6.6,2,0,2,2,0,0,2,0,1,13,3,0.3,0,0.3,0.3,0.3,1.5,1.5,0.1,1.6,0.22,0.02,0.24,0.22,0.24,"https://fbref.com/en/players/6d5701f2/Yerry-Mina"
2023,"Everton","Premier League","Vitaliy Mykolenko","UKR","DF","23",1999,34,30,2655,29.5,0,0,0,0,0,0,4,0,31,100,72,0,0,0,0,0,0.5,0.5,1.2,1.8,0.02,0.04,0.06,0.02,0.06,"https://fbref.com/en/players/30d4a2e5/Vitaliy-Mykolenko"
2023,"Everton","Premier League","Amadou Onana","BEL","MF","20",2001,33,29,2488,27.6,1,2,3,1,0,0,9,0,27,79,49,0.04,0.07,0.11,0.04,0.11,3,3,2.6,5.6,0.11,0.09,0.2,0.11,0.2,"https://fbref.com/en/players/828657ff/Amadou-Onana"
2023,"Everton","Premier League","Nathan Patterson","SCO","DF,MF","20",2001,19,14,1279,14.2,0,0,0,0,0,0,3,0,16,24,51,0,0,0,0,0,0.5,0.5,0.4,0.9,0.03,0.03,0.07,0.03,0.07,"https://fbref.com/en/players/230f0471/Nathan-Patterson"
2023,"Everton","Premier League","Jordan Pickford","ENG","GK","28",1994,37,37,3330,37,0,1,1,0,0,0,6,0,0,2,0,0,0.03,0.03,0,0.03,0,0,0.1,0.1,0,0,0,0,0,"https://fbref.com/en/players/4806ec67/Jordan-Pickford"
2023,"Everton","Premier League","Isaac Price","NIR","MF","18",2003,1,0,33,0.4,0,0,0,0,0,0,1,0,1,1,0,0,0,0,0,0,0,0,0.1,0.1,0,0.26,0.26,0,0.26,"https://fbref.com/en/players/b9403c99/Isaac-Price"
2023,"Everton","Premier League","Salomón Rondón","VEN","FW","32",1989,7,1,109,1.2,0,0,0,0,0,0,0,0,0,1,7,0,0,0,0,0,0.8,0.8,0.2,1,0.66,0.13,0.79,0.66,0.79,"https://fbref.com/en/players/b318a643/Salomon-Rondon"
2023,"Everton","Premier League","Ellis Simms","ENG","FW","21",2001,11,2,228,2.5,1,0,1,1,0,0,0,0,2,4,19,0.39,0,0.39,0.39,0.39,0.9,0.9,0.1,0.9,0.34,0.03,0.37,0.34,0.37,"https://fbref.com/en/players/26d3b5be/Ellis-Simms"
2023,"Everton","Premier League","James Tarkowski","ENG","DF","29",1992,38,38,3420,38,1,1,2,1,0,0,6,0,13,106,11,0.03,0.03,0.05,0.03,0.05,3.1,3.1,2.9,6,0.08,0.08,0.16,0.08,0.16,"https://fbref.com/en/players/15ea812b/James-Tarkowski"
2023,"Everton","Premier League","Rúben Vinagre","POR","DF,MF","23",1999,2,0,26,0.3,0,0,0,0,0,0,0,0,2,0,1,0,0,0,0,0,0,0,0,0,0,0,0,0,0,"https://fbref.com/en/players/b937e490/Ruben-Vinagre"
2023,"Fulham","Premier League","Tosin Adarabioyo","ENG","DF","24",1997,25,23,2085,23.2,1,0,1,1,0,0,4,0,16,95,3,0.04,0,0.04,0.04,0.04,0.7,0.7,0.4,1.1,0.03,0.02,0.05,0.03,0.05,"https://fbref.com/en/players/c81d773d/Tosin-Adarabioyo"
2023,"Fulham","Premier League","Tom Cairney","SCO","MF","31",1991,33,6,988,11,2,0,2,2,0,0,2,0,34,92,57,0.18,0,0.18,0.18,0.18,1.5,1.5,1.4,2.9,0.13,0.13,0.26,0.13,0.26,"https://fbref.com/en/players/a8748947/Tom-Cairney"
2023,"Fulham","Premier League","Nathaniel Chalobah","ENG","MF","27",1994,4,1,12,0.1,0,0,0,0,0,0,0,1,0,0,0,0,0,0,0,0,0.1,0.1,0,0.1,0.71,0,0.71,0.71,0.71,"https://fbref.com/en/players/422862ea/Nathaniel-Chalobah"
2023,"Fulham","Premier League","Issa Diop","FRA","DF","25",1997,25,21,2012,22.4,1,0,1,1,0,0,2,0,13,70,4,0.04,0,0.04,0.04,0.04,0.3,0.3,0.4,0.7,0.01,0.02,0.03,0.01,0.03,"https://fbref.com/en/players/a712ca2b/Issa-Diop"
2023,"Fulham","Premier League","Shane Duffy","IRL","DF,FW","30",1992,5,0,20,0.2,0,0,0,0,0,0,0,0,0,0,0,0,0,0,0,0,0.2,0.2,0,0.2,0.7,0,0.7,0.7,0.7,"https://fbref.com/en/players/7314bba4/Shane-Duffy"
2023,"Fulham","Premier League","Tyrese Francois","AUS","FW","22",2000,1,0,1,0,0,0,0,0,0,0,0,0,0,0,1,0,0,0,0,0,0,0,0,0,0,0,0,0,0,"https://fbref.com/en/players/6722d4f0/Tyrese-Francois"
2023,"Fulham","Premier League","Luke Harris","WAL","MF,FW","17",2005,3,0,13,0.1,0,0,0,0,0,0,0,0,0,1,0,0,0,0,0,0,0,0,0,0,0,0,0,0,0,"https://fbref.com/en/players/8c3078cd/Luke-Harris"
2023,"Fulham","Premier League","Daniel James","WAL","FW","24",1997,20,5,621,6.9,2,1,3,2,0,0,0,0,24,15,48,0.29,0.14,0.43,0.29,0.43,1.7,1.7,0.7,2.5,0.25,0.11,0.36,0.25,0.36,"https://fbref.com/en/players/c931d9f9/Daniel-James"
2023,"Fulham","Premier League","Neeskens Kebano","COD","FW","30",1992,17,9,764,8.5,0,3,3,0,0,0,0,0,39,24,68,0,0.35,0.35,0,0.35,0.5,0.5,1.5,2,0.06,0.18,0.23,0.06,0.23,"https://fbref.com/en/players/18b999f4/Neeskens-Kebano"
2023,"Fulham","Premier League","Layvin Kurzawa","FRA","DF","29",1992,3,2,135,1.5,0,0,0,0,0,0,1,0,1,2,2,0,0,0,0,0,0,0,0,0,0,0,0,0,0,"https://fbref.com/en/players/41e7ef1c/Layvin-Kurzawa"
2023,"Fulham","Premier League","Bernd Leno","GER","GK","30",1992,36,36,3240,36,0,0,0,0,0,0,3,0,0,0,0,0,0,0,0,0,0,0,0,0,0,0,0,0,0,"https://fbref.com/en/players/2628fd2b/Bernd-Leno"
2023,"Fulham","Premier League","Saša Lukić","SRB","MF","25",1996,12,4,412,4.6,0,0,0,0,0,0,1,0,8,13,5,0,0,0,0,0,0.1,0.1,0,0.1,0.03,0,0.03,0.03,0.03,"https://fbref.com/en/players/c6e8cf1f/Sasa-Lukic"
2023,"Fulham","Premier League","Kevin Mbabu","SUI","DF,FW","27",1995,6,1,144,1.6,0,1,1,0,0,0,1,0,4,8,11,0,0.62,0.62,0,0.62,0,0,0.4,0.4,0,0.25,0.25,0,0.25,"https://fbref.com/en/players/493924a7/Kevin-Mbabu"
2023,"Fulham","Premier League","Aleksandar Mitrović","SRB","FW","27",1994,24,23,2008,22.3,14,1,15,10,4,8,7,0,24,44,97,0.63,0.04,0.67,0.45,0.49,14.9,8.6,2.3,10.9,0.67,0.1,0.77,0.39,0.49,"https://fbref.com/en/players/3925dbd6/Aleksandar-Mitrovic"
2023,"Fulham","Premier League","Josh Onomah","ENG","MF","25",1997,2,0,15,0.2,0,0,0,0,0,0,0,0,1,0,0,0,0,0,0,0,0,0,0,0,0,0,0,0,0,"https://fbref.com/en/players/6612cd8c/Josh-Onomah"
2023,"Fulham","Premier League","João Palhinha","POR","MF","27",1995,35,35,3108,34.5,3,0,3,3,0,0,14,0,8,101,18,0.09,0,0.09,0.09,0.09,2.9,2.9,0.4,3.3,0.08,0.01,0.1,0.08,0.1,"https://fbref.com/en/players/a78ff07f/Joao-Palhinha"
2023,"Fulham","Premier League","Andreas Pereira","BRA","MF","26",1996,33,33,2692,29.9,4,6,10,3,1,1,8,0,53,121,133,0.13,0.2,0.33,0.1,0.3,7.3,6.5,5.2,11.7,0.24,0.17,0.42,0.22,0.39,"https://fbref.com/en/players/6639e500/Andreas-Pereira"
2023,"Fulham","Premier League","Tim Ream","USA","DF","34",1987,33,33,2897,32.2,1,0,1,1,0,0,2,0,28,142,2,0.03,0,0.03,0.03,0.03,0.3,0.3,0.1,0.4,0.01,0,0.01,0.01,0.01,"https://fbref.com/en/players/28b40c9c/Tim-Ream"
2023,"Fulham","Premier League","Harrison Reed","ENG","MF","27",1995,37,35,2866,31.8,3,4,7,3,0,0,5,0,30,102,107,0.09,0.13,0.22,0.09,0.22,1.9,1.9,4.1,6,0.06,0.13,0.19,0.06,0.19,"https://fbref.com/en/players/803ae100/Harrison-Reed"
2023,"Fulham","Premier League","Bobby Reid","JAM","FW,DF","29",1993,36,29,2475,27.5,4,1,5,4,0,0,8,0,46,63,186,0.15,0.04,0.18,0.15,0.18,3.9,3.9,1.7,5.6,0.14,0.06,0.2,0.14,0.2,"https://fbref.com/en/players/0f7533cd/Bobby-Reid"
2023,"Fulham","Premier League","Antonee Robinson","USA","DF","24",1997,35,35,3088,34.3,0,1,1,0,0,0,8,0,112,129,153,0,0.03,0.03,0,0.03,0.1,0.1,1.3,1.4,0,0.04,0.04,0,0.04,"https://fbref.com/en/players/289601e6/Antonee-Robinson"
2023,"Fulham","Premier League","Marek Rodák","SVK","GK","25",1996,2,2,180,2,0,0,0,0,0,0,0,0,0,0,0,0,0,0,0,0,0,0,0,0,0,0,0,0,0,"https://fbref.com/en/players/17acc2ed/Marek-Rodak"
2023,"Fulham","Premier League","Cédric Soares","POR","DF","30",1991,6,2,198,2.2,0,0,0,0,0,0,0,0,4,12,12,0,0,0,0,0,0.1,0.1,0.3,0.4,0.03,0.13,0.16,0.03,0.16,"https://fbref.com/en/players/839c14e1/Cedric-Soares"
2023,"Fulham","Premier League","Manor Solomon","ISR","FW","23",1999,19,4,572,6.4,4,0,4,4,0,0,0,0,16,24,51,0.63,0,0.63,0.63,0.63,1.2,1.2,0.4,1.6,0.19,0.06,0.26,0.19,0.26,"https://fbref.com/en/players/886f9aac/Manor-Solomon"
2023,"Fulham","Premier League","Jay Stansfield","ENG","FW","19",2002,3,1,87,1,0,0,0,0,0,0,0,0,2,0,4,0,0,0,0,0,0.3,0.3,0.1,0.3,0.26,0.09,0.35,0.26,0.35,"https://fbref.com/en/players/b2626673/Jay-Stansfield"
2023,"Fulham","Premier League","Kenny Tete","NED","DF","26",1995,31,29,2569,28.5,1,5,6,1,0,0,8,0,75,103,69,0.04,0.18,0.21,0.04,0.21,0.7,0.7,1.9,2.5,0.02,0.07,0.09,0.02,0.09,"https://fbref.com/en/players/77d7c96f/Kenny-Tete"
2023,"Fulham","Premier League","Carlos Vinícius","BRA","FW","27",1995,28,11,1109,12.3,5,2,7,5,0,0,3,0,9,15,46,0.41,0.16,0.57,0.41,0.57,3.3,3.3,0.8,4.1,0.27,0.06,0.33,0.27,0.33,"https://fbref.com/en/players/8b529245/Carlos-Vinicius"
2023,"Fulham","Premier League","Willian","BRA","FW","33",1988,27,25,2126,23.6,5,5,10,5,0,0,2,0,97,113,152,0.21,0.21,0.42,0.21,0.42,3.4,3.4,4.4,7.8,0.14,0.19,0.33,0.14,0.33,"https://fbref.com/en/players/8b9ebd03/Willian"
2023,"Fulham","Premier League","Harry Wilson","WAL","FW","25",1997,29,13,1100,12.2,2,3,5,2,0,0,1,0,18,37,87,0.16,0.25,0.41,0.16,0.41,2,2,0.9,2.9,0.16,0.07,0.24,0.16,0.24,"https://fbref.com/en/players/c6dc9ecd/Harry-Wilson"
2023,"Leeds United","Premier League","Brenden Aaronson","USA","MF,FW","21",2000,36,28,2372,26.4,1,3,4,1,0,0,2,0,43,86,151,0.04,0.11,0.15,0.04,0.15,3.9,3.9,4.2,8.1,0.15,0.16,0.31,0.15,0.31,"https://fbref.com/en/players/5bc43860/Brenden-Aaronson"
2023,"Leeds United","Premier League","Tyler Adams","USA","MF","23",1999,24,24,2156,24,0,0,0,0,0,0,6,1,19,136,20,0,0,0,0,0,0.1,0.1,1.4,1.5,0,0.06,0.06,0,0.06,"https://fbref.com/en/players/2b09d998/Tyler-Adams"
2023,"Leeds United","Premier League","Luke Ayling","ENG","DF","30",1991,29,22,2054,22.8,2,1,3,2,0,0,3,0,28,77,100,0.09,0.04,0.13,0.09,0.13,3.2,3.2,2,5.2,0.14,0.09,0.23,0.14,0.23,"https://fbref.com/en/players/420d7c7d/Luke-Ayling"
2023,"Leeds United","Premier League","Patrick Bamford","ENG","FW","28",1993,28,18,1515,16.8,4,2,6,4,0,2,3,0,17,23,96,0.24,0.12,0.36,0.24,0.36,8.6,7,1,8,0.51,0.06,0.57,0.42,0.47,"https://fbref.com/en/players/93feac6e/Patrick-Bamford"
2023,"Leeds United","Premier League","Liam Cooper","SCO","DF","30",1991,18,16,1426,15.8,1,0,1,1,0,0,5,0,3,47,2,0.06,0,0.06,0.06,0.06,1,1,0.7,1.7,0.06,0.05,0.11,0.06,0.11,"https://fbref.com/en/players/dc64b8b3/Liam-Cooper"
2023,"Leeds United","Premier League","Cody Drameh","ENG","DF","20",2001,1,1,69,0.8,0,0,0,0,0,0,0,0,0,2,3,0,0,0,0,0,0,0,0,0,0,0,0,0,0,"https://fbref.com/en/players/e0d1510a/Cody-Drameh"
2023,"Leeds United","Premier League","Junior Firpo","ESP","DF","25",1996,19,14,1368,15.2,1,1,2,1,0,0,6,1,20,54,34,0.07,0.07,0.13,0.07,0.13,0.1,0.1,0.8,0.9,0.01,0.05,0.06,0.01,0.06,"https://fbref.com/en/players/24f59bb2/Junior-Firpo"
2023,"Leeds United","Premier League","Adam Forshaw","ENG","MF","30",1991,12,5,479,5.3,0,0,0,0,0,0,0,0,4,33,7,0,0,0,0,0,0,0,0.9,0.9,0.01,0.17,0.18,0.01,0.18,"https://fbref.com/en/players/9f1938ab/Adam-Forshaw"
2023,"Leeds United","Premier League","Joe Gelhardt","ENG","FW","20",2002,15,1,212,2.4,0,2,2,0,0,0,1,0,2,6,21,0,0.85,0.85,0,0.85,0.8,0.8,0.5,1.3,0.36,0.2,0.55,0.36,0.55,"https://fbref.com/en/players/01962d0d/Joe-Gelhardt"
2023,"Leeds United","Premier League","Degnand Gnonto","ITA","FW,MF","18",2003,24,14,1354,15,2,4,6,2,0,0,7,0,66,35,136,0.13,0.27,0.4,0.13,0.4,1.8,1.8,2.2,4,0.12,0.15,0.27,0.12,0.27,"https://fbref.com/en/players/75fdd638/Degnand-Gnonto"
2023,"Leeds United","Premier League","Sam Greenwood","ENG","MF,FW","20",2002,18,3,424,4.7,1,2,3,1,0,0,1,0,7,15,10,0.21,0.42,0.64,0.21,0.64,0.7,0.7,1.1,1.8,0.15,0.24,0.39,0.15,0.39,"https://fbref.com/en/players/f3354c07/Sam-Greenwood"
2023,"Leeds United","Premier League","Darko Gyabi","ENG","FW","18",2004,1,0,8,0.1,0,0,0,0,0,0,0,0,0,2,0,0,0,0,0,0,0.1,0.1,0,0.1,0.72,0,0.72,0.72,0.72,"https://fbref.com/en/players/56d838f7/Darko-Gyabi"
2023,"Leeds United","Premier League","Jack Harrison","ENG","FW,MF","25",1996,36,34,2708,30.1,5,7,12,5,0,0,2,0,103,103,255,0.17,0.23,0.4,0.17,0.4,4.7,4.7,5.1,9.8,0.16,0.17,0.33,0.16,0.33,"https://fbref.com/en/players/aa849a12/Jack-Harrison"
2023,"Leeds United","Premier League","Daniel James","WAL","FW","24",1997,4,2,198,2.2,0,0,0,0,0,0,0,0,6,3,9,0,0,0,0,0,0.3,0.3,0.3,0.6,0.12,0.15,0.27,0.12,0.27,"https://fbref.com/en/players/c931d9f9/Daniel-James"
2023,"Leeds United","Premier League","Mateo Joseph","ENG","FW,MF","18",2003,3,0,26,0.3,0,0,0,0,0,0,0,0,0,0,2,0,0,0,0,0,0.1,0.1,0,0.1,0.4,0,0.4,0.4,0.4,"https://fbref.com/en/players/6ad43f9a/Mateo-Joseph"
2023,"Leeds United","Premier League","Mateusz Klich","POL","MF,FW","32",1990,14,0,280,3.1,0,0,0,0,0,0,2,0,5,16,21,0,0,0,0,0,0.2,0.2,0.2,0.4,0.05,0.06,0.12,0.05,0.12,"https://fbref.com/en/players/282679b4/Mateusz-Klich"
2023,"Leeds United","Premier League","Robin Koch","GER","DF","26",1996,36,36,3175,35.3,0,0,0,0,0,0,7,0,11,114,11,0,0,0,0,0,1.5,1.5,0.4,1.9,0.04,0.01,0.06,0.04,0.06,"https://fbref.com/en/players/ea6bc03a/Robin-Koch"
2023,"Leeds United","Premier League","Diego Llorente","ESP","DF","28",1993,8,7,649,7.2,0,0,0,0,0,0,1,0,2,27,1,0,0,0,0,0,0.7,0.7,0,0.7,0.1,0,0.1,0.1,0.1,"https://fbref.com/en/players/bba30585/Diego-Llorente"
2023,"Leeds United","Premier League","Weston McKennie","USA","MF","23",1998,19,16,1437,16,0,1,1,0,0,0,7,0,14,82,33,0,0.06,0.06,0,0.06,0.8,0.8,0.7,1.4,0.05,0.04,0.09,0.05,0.09,"https://fbref.com/en/players/01c3aff5/Weston-McKennie"
2023,"Leeds United","Premier League","Illan Meslier","FRA","GK","22",2000,34,34,3060,34,0,0,0,0,0,0,3,0,0,0,0,0,0,0,0,0,0.1,0.1,0,0.1,0,0,0,0,0,"https://fbref.com/en/players/6b625ac2/Illan-Meslier"
2023,"Leeds United","Premier League","Rasmus Nissen","DEN","DF","25",1997,26,21,1960,21.8,3,1,4,3,0,0,4,0,15,89,70,0.14,0.05,0.18,0.14,0.18,0.8,0.8,1,1.9,0.04,0.05,0.09,0.04,0.09,"https://fbref.com/en/players/39769cff/Rasmus-Nissen"
2023,"Leeds United","Premier League","Joel Robles","ESP","GK","32",1990,4,4,360,4,0,0,0,0,0,0,1,0,0,0,0,0,0,0,0,0,0,0,0,0,0,0,0,0,0,"https://fbref.com/en/players/cda0b317/Joel-Robles"
2023,"Leeds United","Premier League","Marc Roca","ESP","MF","25",1996,32,29,2315,25.7,1,2,3,1,0,0,7,0,25,172,28,0.04,0.08,0.12,0.04,0.12,2.1,2.1,2.9,5,0.08,0.11,0.19,0.08,0.19,"https://fbref.com/en/players/da27e268/Marc-Roca"
2023,"Leeds United","Premier League","Rodrigo","ESP","FW,MF","31",1991,31,23,1935,21.5,13,1,14,12,1,1,6,0,40,44,143,0.6,0.05,0.65,0.56,0.6,8.1,7.3,1.8,9.1,0.38,0.08,0.46,0.34,0.42,"https://fbref.com/en/players/1fb1c435/Rodrigo"
2023,"Leeds United","Premier League","Georginio Rutter","FRA","FW,MF","20",2002,11,1,273,3,0,1,1,0,0,0,0,0,5,6,21,0,0.33,0.33,0,0.33,0.4,0.4,0.3,0.7,0.13,0.1,0.22,0.13,0.22,"https://fbref.com/en/players/c64c01fc/Georginio-Rutter"
2023,"Leeds United","Premier League","Luis Sinisterra","COL","FW","23",1999,19,13,867,9.6,5,0,5,5,0,0,3,1,30,39,84,0.52,0,0.52,0.52,0.52,3.7,3.7,0.4,4.2,0.39,0.04,0.43,0.39,0.43,"https://fbref.com/en/players/8e16dd48/Luis-Sinisterra"
2023,"Leeds United","Premier League","Pascal Struijk","NED","DF","22",1999,29,26,2200,24.4,2,1,3,2,0,0,5,0,24,119,53,0.08,0.04,0.12,0.08,0.12,1.4,1.4,2.4,3.7,0.06,0.1,0.15,0.06,0.15,"https://fbref.com/en/players/f4d296e4/Pascal-Struijk"
2023,"Leeds United","Premier League","Crysencio Summerville","NED","FW","20",2001,28,12,1426,15.8,4,2,6,4,0,0,4,0,51,45,92,0.25,0.13,0.38,0.25,0.38,2.9,2.9,1.6,4.5,0.18,0.1,0.28,0.18,0.28,"https://fbref.com/en/players/df04eb4b/Crysencio-Summerville"
2023,"Leeds United","Premier League","Maximilian Wöber","AUT","DF","24",1998,16,14,1266,14.1,0,0,0,0,0,0,3,0,15,54,15,0,0,0,0,0,0.7,0.7,0.6,1.4,0.05,0.05,0.1,0.05,0.1,"https://fbref.com/en/players/4b803b3c/Maximilian-Wober"
2023,"Leicester City","Premier League","Marc Albrighton","ENG","FW,MF","32",1989,6,1,237,2.6,1,0,1,1,0,0,0,0,4,7,18,0.38,0,0.38,0.38,0.38,0.3,0.3,0.9,1.3,0.13,0.34,0.48,0.13,0.48,"https://fbref.com/en/players/b827d5b3/Marc-Albrighton"
2023,"Leicester City","Premier League","Daniel Amartey","GHA","DF","27",1994,20,18,1610,17.9,0,0,0,0,0,0,1,0,23,66,5,0,0,0,0,0,1.1,1.1,0.5,1.6,0.06,0.03,0.09,0.06,0.09,"https://fbref.com/en/players/1a4ef233/Daniel-Amartey"
2023,"Leicester City","Premier League","Harvey Barnes","ENG","FW,MF","24",1997,34,32,2711,30.1,13,1,14,13,0,0,3,0,100,79,257,0.43,0.03,0.46,0.43,0.46,8.9,8.9,3.1,12,0.3,0.1,0.4,0.3,0.4,"https://fbref.com/en/players/3ea50f67/Harvey-Barnes"
2023,"Leicester City","Premier League","Victor Bernth Kristiansen","DEN","DF","19",2002,12,11,892,9.9,0,1,1,0,0,0,2,0,17,31,24,0,0.1,0.1,0,0.1,0.1,0.1,0.8,0.9,0.01,0.08,0.1,0.01,0.1,"https://fbref.com/en/players/505486d6/Victor-Bernth-Kristiansen"
2023,"Leicester City","Premier League","Lewis Brunt","ENG","DF","21",2000,1,0,23,0.3,0,0,0,0,0,0,0,0,0,0,2,0,0,0,0,0,0,0,0,0,0,0,0,0,0,"https://fbref.com/en/players/a2081c6b/Lewis-Brunt"
2023,"Leicester City","Premier League","Timothy Castagne","BEL","DF","26",1995,37,36,3254,36.2,2,3,5,2,0,0,3,0,39,106,149,0.06,0.08,0.14,0.06,0.14,2.2,2.2,2.6,4.8,0.06,0.07,0.13,0.06,0.13,"https://fbref.com/en/players/197640fd/Timothy-Castagne"
2023,"Leicester City","Premier League","Patson Daka","ZAM","FW","23",1998,30,13,1187,13.2,4,4,8,4,0,0,2,0,18,17,82,0.3,0.3,0.61,0.3,0.61,3.5,3.5,2.8,6.3,0.27,0.21,0.48,0.27,0.48,"https://fbref.com/en/players/ca45605e/Patson-Daka"
2023,"Leicester City","Premier League","Kiernan Dewsbury-Hall","ENG","MF","23",1998,31,28,2306,25.6,2,2,4,2,0,0,5,1,68,132,91,0.08,0.08,0.16,0.08,0.16,2.4,2.4,3.3,5.6,0.09,0.13,0.22,0.09,0.22,"https://fbref.com/en/players/5c74c0f5/Kiernan-Dewsbury-Hall"
2023,"Leicester City","Premier League","Jonny Evans","NIR","DF","34",1988,13,12,1051,11.7,0,0,0,0,0,0,1,0,6,35,0,0,0,0,0,0,0.2,0.2,0,0.2,0.01,0,0.01,0.01,0.01,"https://fbref.com/en/players/f8fcd2a5/Jonny-Evans"
2023,"Leicester City","Premier League","Wout Faes","BEL","DF","24",1998,31,31,2786,31,1,2,3,1,0,0,6,1,11,74,2,0.03,0.06,0.1,0.03,0.1,1.2,1.2,0.6,1.9,0.04,0.02,0.06,0.04,0.06,"https://fbref.com/en/players/9c221d14/Wout-Faes"
2023,"Leicester City","Premier League","Wesley Fofana","FRA","DF","21",2000,2,2,180,2,0,0,0,0,0,0,1,0,3,6,1,0,0,0,0,0,0.1,0.1,0,0.1,0.06,0,0.06,0.06,0.06,"https://fbref.com/en/players/132a82f1/Wesley-Fofana"
2023,"Leicester City","Premier League","Kelechi Iheanacho","NGA","FW,MF","25",1996,28,11,1127,12.5,5,5,10,4,1,1,0,0,33,27,99,0.4,0.4,0.8,0.32,0.72,7.1,6.3,4,10.4,0.57,0.32,0.89,0.51,0.83,"https://fbref.com/en/players/c92e1a31/Kelechi-Iheanacho"
2023,"Leicester City","Premier League","Daniel Iversen","DEN","GK","25",1997,12,12,1080,12,0,0,0,0,0,0,0,0,0,0,0,0,0,0,0,0,0,0,0,0,0,0,0,0,0,"https://fbref.com/en/players/10d221cd/Daniel-Iversen"
2023,"Leicester City","Premier League","James Justin","ENG","DF","24",1998,14,14,1252,13.9,0,0,0,0,0,0,0,0,20,47,50,0,0,0,0,0,0.3,0.3,0.3,0.6,0.02,0.02,0.05,0.02,0.05,"https://fbref.com/en/players/fb614c44/James-Justin"
2023,"Leicester City","Premier League","James Maddison","ENG","MF,FW","25",1996,30,28,2480,27.6,10,9,19,9,1,2,10,0,77,151,155,0.36,0.33,0.69,0.33,0.65,8.7,6.6,9.3,16,0.31,0.34,0.65,0.24,0.58,"https://fbref.com/en/players/ee38d9c5/James-Maddison"
2023,"Leicester City","Premier League","Nampalys Mendy","SEN","MF","30",1992,19,7,757,8.4,1,0,1,1,0,0,1,0,2,28,4,0.12,0,0.12,0.12,0.12,0.1,0.1,0,0.2,0.02,0,0.02,0.02,0.02,"https://fbref.com/en/players/1598599e/Nampalys-Mendy"
2023,"Leicester City","Premier League","Wilfred Ndidi","NGA","MF","25",1996,27,19,1679,18.7,0,0,0,0,0,0,4,0,11,51,7,0,0,0,0,0,0.2,0.2,0.1,0.3,0.01,0,0.01,0.01,0.01,"https://fbref.com/en/players/6b47c5db/Wilfred-Ndidi"
2023,"Leicester City","Premier League","Ricardo Pereira","POR","DF,MF","28",1993,10,5,454,5,1,1,2,1,0,0,2,0,5,27,14,0.2,0.2,0.4,0.2,0.4,0.1,0.1,0.6,0.7,0.02,0.12,0.14,0.02,0.14,"https://fbref.com/en/players/75a72a99/Ricardo-Pereira"
2023,"Leicester City","Premier League","Ayoze Pérez","ESP","MF,FW","29",1993,8,3,382,4.2,0,1,1,0,0,0,0,0,17,20,43,0,0.24,0.24,0,0.24,1.1,1.1,1.5,2.6,0.27,0.35,0.62,0.27,0.62,"https://fbref.com/en/players/819aa8e7/Ayoze-Perez"
2023,"Leicester City","Premier League","Dennis Praet","BEL","MF,FW","28",1994,22,6,649,7.2,1,0,1,1,0,0,1,0,15,17,42,0.14,0,0.14,0.14,0.14,1,1,0.5,1.5,0.14,0.06,0.21,0.14,0.21,"https://fbref.com/en/players/86695068/Dennis-Praet"
2023,"Leicester City","Premier League","Boubakary Soumaré","FRA","MF","23",1999,26,20,1629,18.1,0,0,0,0,0,0,9,0,17,73,20,0,0,0,0,0,0,0,0.4,0.4,0,0.02,0.02,0,0.02,"https://fbref.com/en/players/ae59b359/Boubakary-Soumare"
2023,"Leicester City","Premier League","Harry Souttar","AUS","DF","23",1998,12,11,992,11,0,1,1,0,0,0,2,0,6,29,4,0,0.09,0.09,0,0.09,1.4,1.4,0.2,1.6,0.13,0.02,0.15,0.13,0.15,"https://fbref.com/en/players/0a6cb1b1/Harry-Souttar"
2023,"Leicester City","Premier League","Çağlar Söyüncü","TUR","DF","26",1996,7,6,529,5.9,1,0,1,1,0,0,2,0,5,12,0,0.17,0,0.17,0.17,0.17,0.4,0.4,0.1,0.5,0.07,0.01,0.08,0.07,0.08,"https://fbref.com/en/players/21166ff4/Caglar-Soyuncu"
2023,"Leicester City","Premier League","Tetê","BRA","FW","22",2000,13,9,734,8.2,1,0,1,1,0,0,0,0,22,26,55,0.12,0,0.12,0.12,0.12,1.8,1.8,0.4,2.2,0.22,0.05,0.27,0.22,0.27,"https://fbref.com/en/players/7120a04d/Tete"
2023,"Leicester City","Premier League","Luke Thomas","ENG","DF","21",2001,17,11,1073,11.9,0,0,0,0,0,0,3,0,10,48,13,0,0,0,0,0,0.1,0.1,0.7,0.8,0.01,0.06,0.07,0.01,0.07,"https://fbref.com/en/players/fc027d02/Luke-Thomas"
2023,"Leicester City","Premier League","Youri Tielemans","BEL","MF","25",1997,31,27,2344,26,3,2,5,2,1,2,4,0,35,181,56,0.12,0.08,0.19,0.08,0.15,2.5,0.9,4.7,5.6,0.1,0.18,0.28,0.04,0.21,"https://fbref.com/en/players/56f7a928/Youri-Tielemans"
2023,"Leicester City","Premier League","Jamie Vardy","ENG","FW","35",1987,37,19,1857,20.6,3,4,7,3,0,1,1,0,16,14,101,0.15,0.19,0.34,0.15,0.34,6.7,5.9,1.4,7.3,0.33,0.07,0.39,0.29,0.35,"https://fbref.com/en/players/45963054/Jamie-Vardy"
2023,"Leicester City","Premier League","Danny Ward","WAL","GK","29",1993,26,26,2340,26,0,0,0,0,0,0,0,0,0,0,0,0,0,0,0,0,0,0,0,0,0,0,0,0,0,"https://fbref.com/en/players/d3ce0e89/Danny-Ward"
2023,"Liverpool","Premier League","Thiago Alcántara","ESP","MF","31",1991,18,14,1254,13.9,0,0,0,0,0,0,2,0,13,120,24,0,0,0,0,0,0.4,0.4,1.1,1.5,0.03,0.08,0.11,0.03,0.11,"https://fbref.com/en/players/77e84962/Thiago-Alcantara"
2023,"Liverpool","Premier League","Trent Alexander-Arnold","ENG","DF","23",1998,37,34,2923,32.5,2,9,11,2,0,0,5,0,43,235,139,0.06,0.28,0.34,0.06,0.34,2.4,2.4,11.5,13.8,0.07,0.35,0.43,0.07,0.43,"https://fbref.com/en/players/cd1acf9d/Trent-Alexander-Arnold"
2023,"Liverpool","Premier League","Alisson","BRA","GK","29",1992,37,37,3330,37,0,1,1,0,0,0,1,0,0,3,0,0,0.03,0.03,0,0.03,0,0,0.3,0.3,0,0.01,0.01,0,0.01,"https://fbref.com/en/players/7a2e46a8/Alisson"
2023,"Liverpool","Premier League","Stefan Bajcetic","ESP","MF","17",2004,11,6,526,5.8,1,0,1,1,0,0,2,0,10,24,1,0.17,0,0.17,0.17,0.17,0.8,0.8,0.4,1.2,0.13,0.06,0.2,0.13,0.2,"https://fbref.com/en/players/32e8417f/Stefan-Bajcetic"
2023,"Liverpool","Premier League","Fabio Carvalho","POR","MF,FW","19",2002,13,4,347,3.9,2,0,2,2,0,0,0,0,9,12,26,0.52,0,0.52,0.52,0.52,1.1,1.1,0.1,1.2,0.29,0.03,0.31,0.29,0.31,"https://fbref.com/en/players/966e28d0/Fabio-Carvalho"
2023,"Liverpool","Premier League","Bobby Clark","ENG","MF","17",2005,1,0,8,0.1,0,0,0,0,0,0,0,0,0,1,2,0,0,0,0,0,0,0,0,0,0,0,0,0,0,"https://fbref.com/en/players/73341ace/Bobby-Clark"
2023,"Liverpool","Premier League","Luis Díaz","COL","FW","25",1997,17,11,996,11.1,4,2,6,4,0,0,2,0,39,49,116,0.36,0.18,0.54,0.36,0.54,2.5,2.5,1.5,4,0.22,0.14,0.36,0.22,0.36,"https://fbref.com/en/players/4a1a9578/Luis-Diaz"
2023,"Liverpool","Premier League","Ben Doak","SCO","FW","16",2005,2,0,26,0.3,0,0,0,0,0,0,0,0,1,1,4,0,0,0,0,0,0,0,0,0,0,0,0,0,0,"https://fbref.com/en/players/733f1a7d/Ben-Doak"
2023,"Liverpool","Premier League","Harvey Elliott","ENG","MF,FW","19",2003,32,18,1613,17.9,1,2,3,1,0,0,2,0,54,142,129,0.06,0.11,0.17,0.06,0.17,2.1,2.1,3.6,5.7,0.12,0.2,0.32,0.12,0.32,"https://fbref.com/en/players/b9e1436c/Harvey-Elliott"
2023,"Liverpool","Premier League","Fabinho","BRA","MF","28",1993,36,31,2671,29.7,0,2,2,0,0,0,11,0,15,161,39,0,0.07,0.07,0,0.07,0.7,0.7,2.1,2.9,0.02,0.07,0.1,0.02,0.1,"https://fbref.com/en/players/7f3b388c/Fabinho"
2023,"Liverpool","Premier League","Roberto Firmino","BRA","FW,MF","30",1991,25,13,1213,13.5,11,4,15,11,0,0,0,0,16,78,96,0.82,0.3,1.11,0.82,1.11,5.5,5.5,2.5,8,0.41,0.19,0.59,0.41,0.59,"https://fbref.com/en/players/4c370d81/Roberto-Firmino"
2023,"Liverpool","Premier League","Cody Gakpo","NED","FW,MF","23",1999,21,17,1458,16.2,7,2,9,7,0,0,0,0,36,50,109,0.43,0.12,0.56,0.43,0.56,6.2,6.2,2.7,8.9,0.38,0.17,0.55,0.38,0.55,"https://fbref.com/en/players/1971591f/Cody-Gakpo"
2023,"Liverpool","Premier League","Joe Gomez","ENG","DF","25",1997,21,15,1466,16.3,0,0,0,0,0,0,3,0,15,108,5,0,0,0,0,0,0.2,0.2,0.2,0.3,0.01,0.01,0.02,0.01,0.02,"https://fbref.com/en/players/7a11550b/Joe-Gomez"
2023,"Liverpool","Premier League","Jordan Henderson","ENG","MF","32",1990,35,23,2074,23,0,2,2,0,0,0,2,0,37,189,90,0,0.09,0.09,0,0.09,1.4,1.4,3.2,4.5,0.06,0.14,0.2,0.06,0.2,"https://fbref.com/en/players/935e6b8f/Jordan-Henderson"
2023,"Liverpool","Premier League","Curtis Jones","ENG","MF","21",2001,18,12,1035,11.5,3,1,4,3,0,0,2,0,31,69,75,0.26,0.09,0.35,0.26,0.35,1.2,1.2,1.1,2.3,0.1,0.1,0.2,0.1,0.2,"https://fbref.com/en/players/4fb9c88f/Curtis-Jones"
2023,"Liverpool","Premier League","Diogo Jota","POR","FW","25",1996,22,12,1131,12.6,7,4,11,7,0,0,2,0,34,30,104,0.56,0.32,0.88,0.56,0.88,6.5,6.5,2.1,8.6,0.52,0.17,0.69,0.52,0.69,"https://fbref.com/en/players/178ae8f8/Diogo-Jota"
2023,"Liverpool","Premier League","Naby Keïta","GUI","MF","27",1995,8,3,293,3.3,0,0,0,0,0,0,1,0,5,15,21,0,0,0,0,0,0.6,0.6,0.7,1.4,0.2,0.22,0.41,0.2,0.41,"https://fbref.com/en/players/f25c8e3a/Naby-Keita"
2023,"Liverpool","Premier League","Caoimhín Kelleher","IRL","GK","23",1998,1,1,90,1,0,0,0,0,0,0,0,0,0,0,0,0,0,0,0,0,0,0,0,0,0,0,0,0,0,"https://fbref.com/en/players/62d7ef38/Caoimhin-Kelleher"
2023,"Liverpool","Premier League","Ibrahima Konaté","FRA","DF","23",1999,18,17,1552,17.2,0,0,0,0,0,0,5,0,7,56,5,0,0,0,0,0,1.2,1.2,0.1,1.4,0.07,0.01,0.08,0.07,0.08,"https://fbref.com/en/players/5ed9b537/Ibrahima-Konate"
2023,"Liverpool","Premier League","Joël Matip","CMR","DF","30",1991,14,12,1092,12.1,1,0,1,1,0,0,3,0,28,59,2,0.08,0,0.08,0.08,0.08,0.7,0.7,0.3,1,0.06,0.02,0.08,0.06,0.08,"https://fbref.com/en/players/b217ef29/Joel-Matip"
2023,"Liverpool","Premier League","James Milner","ENG","MF,DF","36",1986,31,7,913,10.1,0,1,1,0,0,0,2,0,21,70,78,0,0.1,0.1,0,0.1,0.4,0.4,0.9,1.3,0.04,0.09,0.13,0.04,0.13,"https://fbref.com/en/players/2f90f6b8/James-Milner"
2023,"Liverpool","Premier League","Darwin Núñez","URU","FW","23",1999,29,19,1695,18.8,9,3,12,9,0,0,1,1,61,29,181,0.48,0.16,0.64,0.48,0.64,12.1,12.1,5.4,17.5,0.64,0.28,0.93,0.64,0.93,"https://fbref.com/en/players/4d77b365/Darwin-Nunez"
2023,"Liverpool","Premier League","Alex Oxlade-Chamberlain","ENG","FW,MF","28",1993,9,4,335,3.7,1,0,1,1,0,0,0,0,11,14,28,0.27,0,0.27,0.27,0.27,1.3,1.3,0.9,2.2,0.35,0.23,0.58,0.35,0.58,"https://fbref.com/en/players/38c7feef/Alex-Oxlade-Chamberlain"
2023,"Liverpool","Premier League","Nathaniel Phillips","ENG","DF","25",1997,2,1,66,0.7,0,0,0,0,0,0,0,0,0,9,0,0,0,0,0,0,0,0,0,0,0.06,0,0.06,0.06,0.06,"https://fbref.com/en/players/515ebe8d/Nathaniel-Phillips"
2023,"Liverpool","Premier League","Andrew Robertson","SCO","DF","28",1994,34,29,2583,28.7,0,8,8,0,0,0,3,0,80,166,194,0,0.28,0.28,0,0.28,1.3,1.3,6.1,7.4,0.05,0.21,0.26,0.05,0.26,"https://fbref.com/en/players/2e4f5f03/Andrew-Robertson"
2023,"Liverpool","Premier League","Mohamed Salah","EGY","FW","30",1992,38,37,3290,36.6,19,12,31,17,2,4,2,0,120,149,421,0.52,0.33,0.85,0.47,0.79,21.7,18.5,7.7,26.2,0.59,0.21,0.8,0.51,0.72,"https://fbref.com/en/players/e342ad68/Mohamed-Salah"
2023,"Liverpool","Premier League","Kostas Tsimikas","GRE","DF","26",1996,20,9,771,8.6,0,4,4,0,0,0,3,0,23,26,77,0,0.47,0.47,0,0.47,0.6,0.6,1.6,2.3,0.07,0.19,0.26,0.07,0.26,"https://fbref.com/en/players/f315ca93/Kostas-Tsimikas"
2023,"Liverpool","Premier League","Virgil van Dijk","NED","DF","31",1991,32,32,2835,31.5,3,1,4,3,0,0,3,0,10,127,8,0.1,0.03,0.13,0.1,0.13,2.6,2.6,1.2,3.8,0.08,0.04,0.12,0.08,0.12,"https://fbref.com/en/players/e06683ca/Virgil-van-Dijk"
2023,"Manchester City","Premier League","Manuel Akanji","SUI","DF","27",1995,29,24,2287,25.4,0,1,1,0,0,0,2,0,24,116,17,0,0.04,0.04,0,0.04,1.3,1.3,0.4,1.7,0.05,0.02,0.07,0.05,0.07,"https://fbref.com/en/players/89ac64a6/Manuel-Akanji"
2023,"Manchester City","Premier League","Nathan Aké","NED","DF","27",1995,26,22,1873,20.8,1,0,1,1,0,0,2,0,25,140,30,0.05,0,0.05,0.05,0.05,1.6,1.6,0.7,2.3,0.07,0.04,0.11,0.07,0.11,"https://fbref.com/en/players/eaeca114/Nathan-Ake"
2023,"Manchester City","Premier League","Julián Álvarez","ARG","FW,MF","22",2000,31,13,1465,16.3,9,0,9,8,1,1,0,0,38,37,99,0.55,0,0.55,0.49,0.49,7,6.2,1.8,8,0.43,0.11,0.54,0.38,0.49,"https://fbref.com/en/players/15ab5a2b/Julian-Alvarez"
2023,"Manchester City","Premier League","João Cancelo","POR","DF","28",1994,17,16,1274,14.2,2,1,3,2,0,0,3,1,72,106,125,0.14,0.07,0.21,0.14,0.21,0.8,0.8,0.9,1.7,0.06,0.06,0.12,0.06,0.12,"https://fbref.com/en/players/bd6351cd/Joao-Cancelo"
2023,"Manchester City","Premier League","Shea Charles","NIR","DF","18",2003,1,0,28,0.3,0,0,0,0,0,0,0,0,1,1,0,0,0,0,0,0,0,0,0,0,0,0,0,0,0,"https://fbref.com/en/players/5cc3ce65/Shea-Charles"
2023,"Manchester City","Premier League","Kevin De Bruyne","BEL","MF","31",1991,32,28,2417,26.9,7,16,23,7,0,0,1,0,100,246,245,0.26,0.6,0.86,0.26,0.86,5.6,5.6,13.7,19.3,0.21,0.51,0.72,0.21,0.72,"https://fbref.com/en/players/e46012d4/Kevin-De-Bruyne"
2023,"Manchester City","Premier League","Rúben Dias","POR","DF","25",1997,26,22,1998,22.2,0,0,0,0,0,0,3,0,14,98,2,0,0,0,0,0,1.3,1.3,0.6,1.9,0.06,0.03,0.09,0.06,0.09,"https://fbref.com/en/players/31c69ef1/Ruben-Dias"
2023,"Manchester City","Premier League","Ederson","BRA","GK","28",1993,35,35,3150,35,0,1,1,0,0,0,3,0,0,0,0,0,0.03,0.03,0,0.03,0,0,0.2,0.2,0,0.01,0.01,0,0.01,"https://fbref.com/en/players/3bb7b8b4/Ederson"
2023,"Manchester City","Premier League","Phil Foden","ENG","FW","22",2000,32,22,1842,20.5,11,6,17,11,0,0,1,0,68,88,275,0.54,0.29,0.83,0.54,0.83,5.9,5.9,4.7,10.6,0.29,0.23,0.52,0.29,0.52,"https://fbref.com/en/players/ed1e53f3/Phil-Foden"
2023,"Manchester City","Premier League","Sergio Gómez","ESP","DF,MF","21",2000,12,2,349,3.9,0,1,1,0,0,0,0,0,10,18,20,0,0.26,0.26,0,0.26,0.4,0.4,1.2,1.5,0.09,0.3,0.39,0.09,0.39,"https://fbref.com/en/players/01e5f06e/Sergio-Gomez"
2023,"Manchester City","Premier League","Jack Grealish","ENG","FW","26",1995,28,23,2055,22.8,5,7,12,5,0,0,4,0,143,100,310,0.22,0.31,0.53,0.22,0.53,4.6,4.6,7,11.7,0.2,0.31,0.51,0.2,0.51,"https://fbref.com/en/players/b0b4fd3e/Jack-Grealish"
2023,"Manchester City","Premier League","İlkay Gündoğan","GER","MF","31",1990,31,27,2353,26.1,8,4,12,8,0,1,0,0,53,170,124,0.31,0.15,0.46,0.31,0.46,7.5,6.7,3.3,10,0.29,0.13,0.41,0.26,0.38,"https://fbref.com/en/players/819b3158/Ilkay-Gundogan"
2023,"Manchester City","Premier League","Erling Haaland","NOR","FW","22",2000,35,33,2769,30.8,36,8,44,29,7,7,5,0,35,58,151,1.17,0.26,1.43,0.94,1.2,28.4,23.1,5.3,28.4,0.92,0.17,1.1,0.75,0.92,"https://fbref.com/en/players/1f44ac21/Erling-Haaland"
2023,"Manchester City","Premier League","Aymeric Laporte","ESP","DF","28",1994,12,11,993,11,0,0,0,0,0,0,0,0,30,85,11,0,0,0,0,0,0.5,0.5,0.2,0.7,0.04,0.02,0.06,0.04,0.06,"https://fbref.com/en/players/119b9a8e/Aymeric-Laporte"
2023,"Manchester City","Premier League","Rico Lewis","ENG","DF,MF","17",2004,14,10,903,10,0,0,0,0,0,0,1,0,22,48,26,0,0,0,0,0,0.2,0.2,1.5,1.7,0.02,0.15,0.17,0.02,0.17,"https://fbref.com/en/players/b57e066e/Rico-Lewis"
2023,"Manchester City","Premier League","Riyad Mahrez","ALG","FW,MF","31",1991,30,22,1920,21.3,5,10,15,4,1,1,2,0,78,76,242,0.23,0.47,0.7,0.19,0.66,5.5,4.7,7,11.8,0.26,0.33,0.59,0.22,0.55,"https://fbref.com/en/players/892d5bb1/Riyad-Mahrez"
2023,"Manchester City","Premier League","Stefan Ortega","GER","GK","29",1992,3,3,270,3,0,0,0,0,0,0,0,0,0,0,0,0,0,0,0,0,0,0,0,0,0,0,0,0,0,"https://fbref.com/en/players/c1242d4e/Stefan-Ortega"
2023,"Manchester City","Premier League","Cole Palmer","ENG","MF,FW","20",2002,14,2,370,4.1,0,1,1,0,0,0,1,0,29,13,40,0,0.24,0.24,0,0.24,1.2,1.2,0.6,1.8,0.3,0.14,0.44,0.3,0.44,"https://fbref.com/en/players/dc7f8a28/Cole-Palmer"
2023,"Manchester City","Premier League","Máximo Perrone","ARG","MF","19",2003,1,0,19,0.2,0,0,0,0,0,0,0,0,0,2,1,0,0,0,0,0,0,0,0,0,0,0,0,0,0,"https://fbref.com/en/players/53552942/Maximo-Perrone"
2023,"Manchester City","Premier League","Kalvin Phillips","ENG","MF","26",1995,12,2,300,3.3,0,0,0,0,0,0,1,0,1,18,2,0,0,0,0,0,0.3,0.3,0.2,0.5,0.1,0.05,0.14,0.1,0.14,"https://fbref.com/en/players/4f565d77/Kalvin-Phillips"
2023,"Manchester City","Premier League","Rodri","ESP","MF","26",1996,36,34,2911,32.3,2,6,8,2,0,0,5,0,76,260,37,0.06,0.19,0.25,0.06,0.25,4.6,4.6,4.1,8.7,0.14,0.13,0.27,0.14,0.27,"https://fbref.com/en/players/6434f10d/Rodri"
2023,"Manchester City","Premier League","Bernardo Silva","POR","MF,FW","27",1994,34,24,2205,24.5,4,5,9,4,0,0,5,0,90,130,188,0.16,0.2,0.37,0.16,0.37,2.2,2.2,3.3,5.4,0.09,0.13,0.22,0.09,0.22,"https://fbref.com/en/players/3eb22ec9/Bernardo-Silva"
2023,"Manchester City","Premier League","John Stones","ENG","DF,MF","28",1994,23,21,1846,20.5,2,2,4,2,0,0,2,0,28,101,34,0.1,0.1,0.2,0.1,0.2,1,1,1.4,2.4,0.05,0.07,0.12,0.05,0.12,"https://fbref.com/en/players/5eecec3d/John-Stones"
2023,"Manchester City","Premier League","Kyle Walker","ENG","DF","32",1990,27,22,1958,21.8,0,0,0,0,0,0,3,0,50,162,75,0,0,0,0,0,0.4,0.4,0.2,0.7,0.02,0.01,0.03,0.02,0.03,"https://fbref.com/en/players/86dd77d1/Kyle-Walker"
2023,"Manchester Utd","Premier League","Antony","BRA","FW","22",2000,25,23,1802,20,4,2,6,4,0,0,5,0,95,74,168,0.2,0.1,0.3,0.2,0.3,6.6,6.6,2.9,9.4,0.33,0.14,0.47,0.33,0.47,"https://fbref.com/en/players/99127249/Antony"
2023,"Manchester Utd","Premier League","Donny van de Beek","NED","MF","25",1997,7,2,167,1.9,0,0,0,0,0,0,0,0,2,6,20,0,0,0,0,0,0.1,0.1,0.1,0.2,0.05,0.06,0.11,0.05,0.11,"https://fbref.com/en/players/50dc94ce/Donny-van-de-Beek"
2023,"Manchester Utd","Premier League","Casemiro","BRA","MF","30",1992,28,24,2124,23.6,4,3,7,4,0,0,7,2,14,152,34,0.17,0.13,0.3,0.17,0.3,3.4,3.4,3.1,6.5,0.14,0.13,0.28,0.14,0.28,"https://fbref.com/en/players/4d224fe8/Casemiro"
2023,"Manchester Utd","Premier League","Diogo Dalot","POR","DF","23",1999,26,24,2154,23.9,1,2,3,1,0,0,6,0,46,92,85,0.04,0.08,0.13,0.04,0.13,2.5,2.5,1.9,4.4,0.1,0.08,0.18,0.1,0.18,"https://fbref.com/en/players/d9565625/Diogo-Dalot"
2023,"Manchester Utd","Premier League","Anthony Elanga","SWE","FW","20",2002,16,5,426,4.7,0,1,1,0,0,0,0,0,12,8,28,0,0.21,0.21,0,0.21,0.7,0.7,0.9,1.6,0.15,0.19,0.34,0.15,0.34,"https://fbref.com/en/players/2fba6108/Anthony-Elanga"
2023,"Manchester Utd","Premier League","Christian Eriksen","DEN","MF","30",1992,28,25,2048,22.8,1,8,9,1,0,0,3,0,23,164,66,0.04,0.35,0.4,0.04,0.4,5,5,4.2,9.2,0.22,0.19,0.4,0.22,0.4,"https://fbref.com/en/players/980522ec/Christian-Eriksen"
2023,"Manchester Utd","Premier League","Bruno Fernandes","POR","MF,FW","27",1994,37,37,3316,36.8,8,8,16,6,2,2,6,0,89,263,231,0.22,0.22,0.43,0.16,0.38,9.3,7.7,16.7,24.4,0.25,0.45,0.71,0.21,0.66,"https://fbref.com/en/players/507c7bdf/Bruno-Fernandes"
2023,"Manchester Utd","Premier League","Fred","BRA","MF","29",1993,35,12,1249,13.9,2,2,4,2,0,0,6,0,10,76,50,0.14,0.14,0.29,0.14,0.29,2,2,2.9,4.9,0.14,0.21,0.35,0.14,0.35,"https://fbref.com/en/players/b853e0ad/Fred"
2023,"Manchester Utd","Premier League","Alejandro Garnacho","ARG","FW,MF","18",2004,19,5,569,6.3,3,2,5,3,0,0,3,0,33,12,85,0.47,0.32,0.79,0.47,0.79,3,3,1,4.1,0.48,0.16,0.64,0.48,0.64,"https://fbref.com/en/players/7aa8adfe/Alejandro-Garnacho"
2023,"Manchester Utd","Premier League","David de Gea","ESP","GK","31",1990,38,38,3420,38,0,0,0,0,0,0,0,0,0,0,0,0,0,0,0,0,0,0,0.1,0.1,0,0,0,0,0,"https://fbref.com/en/players/7ba6d84e/David-de-Gea"
2023,"Manchester Utd","Premier League","Victor Lindelöf","SWE","DF","28",1994,20,14,1365,15.2,0,0,0,0,0,0,1,0,3,36,1,0,0,0,0,0,0.3,0.3,0.1,0.4,0.02,0.01,0.03,0.02,0.03,"https://fbref.com/en/players/f5deef4c/Victor-Lindelof"
2023,"Manchester Utd","Premier League","Harry Maguire","ENG","DF","29",1993,16,8,767,8.5,0,0,0,0,0,0,4,0,8,26,4,0,0,0,0,0,0.3,0.3,0,0.4,0.04,0,0.04,0.04,0.04,"https://fbref.com/en/players/d8931174/Harry-Maguire"
2023,"Manchester Utd","Premier League","Kobbie Mainoo","ENG","MF","17",2005,1,0,11,0.1,0,0,0,0,0,0,0,0,2,1,1,0,0,0,0,0,0,0,0,0,0,0,0,0,0,"https://fbref.com/en/players/c6220452/Kobbie-Mainoo"
2023,"Manchester Utd","Premier League","Tyrell Malacia","NED","DF","22",1999,22,14,1396,15.5,0,0,0,0,0,0,6,0,19,44,33,0,0,0,0,0,0.2,0.2,0.7,0.9,0.02,0.04,0.06,0.02,0.06,"https://fbref.com/en/players/6b6c793c/Tyrell-Malacia"
2023,"Manchester Utd","Premier League","Anthony Martial","FRA","FW","26",1995,21,11,978,10.9,6,2,8,5,1,1,0,0,18,35,87,0.55,0.18,0.74,0.46,0.64,6.2,5.5,1.4,6.9,0.58,0.13,0.7,0.5,0.63,"https://fbref.com/en/players/8b788c01/Anthony-Martial"
2023,"Manchester Utd","Premier League","Lisandro Martínez","ARG","DF","24",1998,27,24,2114,23.5,1,0,1,1,0,0,6,0,12,83,2,0.04,0,0.04,0.04,0.04,0.5,0.5,0.3,0.8,0.02,0.01,0.03,0.02,0.03,"https://fbref.com/en/players/bac46a10/Lisandro-Martinez"
2023,"Manchester Utd","Premier League","Scott McTominay","SCO","MF","25",1996,24,10,1160,12.9,1,0,1,1,0,0,8,0,20,33,19,0.08,0,0.08,0.08,0.08,1.9,1.9,0.6,2.5,0.15,0.04,0.19,0.15,0.19,"https://fbref.com/en/players/d93c2511/Scott-McTominay"
2023,"Manchester Utd","Premier League","Facundo Pellistri","URU","FW,MF","20",2001,4,0,64,0.7,0,0,0,0,0,0,0,0,1,1,2,0,0,0,0,0,0,0,0,0,0,0,0,0,0,"https://fbref.com/en/players/ac7e7b1c/Facundo-Pellistri"
2023,"Manchester Utd","Premier League","Marcus Rashford","ENG","FW","24",1997,35,32,2879,32,17,5,22,17,0,0,2,0,85,88,245,0.53,0.16,0.69,0.53,0.69,15.4,15.4,3.4,18.8,0.48,0.11,0.59,0.48,0.59,"https://fbref.com/en/players/a1d5bd30/Marcus-Rashford"
2023,"Manchester Utd","Premier League","Cristiano Ronaldo","POR","FW","37",1985,10,4,525,5.8,1,0,1,1,0,0,2,0,9,12,33,0.17,0,0.17,0.17,0.17,1.9,1.9,0.4,2.3,0.32,0.07,0.4,0.32,0.4,"https://fbref.com/en/players/dea698d9/Cristiano-Ronaldo"
2023,"Manchester Utd","Premier League","Marcel Sabitzer","AUT","MF","28",1994,11,7,627,7,0,1,1,0,0,0,1,0,8,38,26,0,0.14,0.14,0,0.14,0.7,0.7,0.9,1.7,0.11,0.13,0.24,0.11,0.24,"https://fbref.com/en/players/e280527c/Marcel-Sabitzer"
2023,"Manchester Utd","Premier League","Jadon Sancho","ENG","FW,MF","22",2000,26,21,1686,18.7,6,3,9,6,0,0,0,0,88,76,173,0.32,0.16,0.48,0.32,0.48,4.2,4.2,5,9.2,0.22,0.27,0.49,0.22,0.49,"https://fbref.com/en/players/dbf053da/Jadon-Sancho"
2023,"Manchester Utd","Premier League","Luke Shaw","ENG","DF","27",1995,31,30,2552,28.4,1,2,3,1,0,0,8,0,53,140,76,0.04,0.07,0.11,0.04,0.11,1.1,1.1,3.6,4.7,0.04,0.13,0.16,0.04,0.16,"https://fbref.com/en/players/9c94165b/Luke-Shaw"
2023,"Manchester Utd","Premier League","Raphaël Varane","FRA","DF","29",1993,24,22,1911,21.2,0,0,0,0,0,0,1,0,17,63,4,0,0,0,0,0,0.7,0.7,0.2,0.9,0.03,0.01,0.04,0.03,0.04,"https://fbref.com/en/players/9f8e9423/Raphael-Varane"
2023,"Manchester Utd","Premier League","Aaron Wan-Bissaka","ENG","DF","24",1997,19,16,1435,15.9,0,0,0,0,0,0,2,0,41,55,64,0,0,0,0,0,1.2,1.2,1,2.2,0.07,0.06,0.14,0.07,0.14,"https://fbref.com/en/players/9e525177/Aaron-Wan-Bissaka"
2023,"Manchester Utd","Premier League","Wout Weghorst","NED","FW,MF","29",1992,17,10,797,8.9,0,1,1,0,0,0,1,0,3,17,41,0,0.11,0.11,0,0.11,2,2,1.2,3.2,0.23,0.13,0.36,0.23,0.36,"https://fbref.com/en/players/c4e87b8b/Wout-Weghorst"
2023,"Newcastle Utd","Premier League","Miguel Almirón","PAR","FW","28",1994,34,29,2491,27.7,11,2,13,11,0,0,2,0,77,124,264,0.4,0.07,0.47,0.4,0.47,8,8,3.2,11.1,0.29,0.11,0.4,0.29,0.4,"https://fbref.com/en/players/862a1c15/Miguel-Almiron"
2023,"Newcastle Utd","Premier League","Elliot Anderson","SCO","MF,FW","19",2002,22,3,410,4.6,0,1,1,0,0,0,0,0,23,24,35,0,0.22,0.22,0,0.22,1,1,1.3,2.3,0.22,0.28,0.51,0.22,0.51,"https://fbref.com/en/players/de31038e/Elliot-Anderson"
2023,"Newcastle Utd","Premier League","Sven Botman","NED","DF","22",2000,36,35,3127,34.7,0,0,0,0,0,0,2,0,8,87,5,0,0,0,0,0,2.5,2.5,1,3.5,0.07,0.03,0.1,0.07,0.1,"https://fbref.com/en/players/ccce7025/Sven-Botman"
2023,"Newcastle Utd","Premier League","Dan Burn","ENG","DF","30",1992,38,35,3111,34.6,1,0,1,1,0,0,5,0,29,118,46,0.03,0,0.03,0.03,0.03,2.1,2.1,1.3,3.4,0.06,0.04,0.1,0.06,0.1,"https://fbref.com/en/players/b2d31e83/Dan-Burn"
2023,"Newcastle Utd","Premier League","Martin Dúbravka","SVK","GK","33",1989,2,1,157,1.7,0,0,0,0,0,0,0,0,0,0,0,0,0,0,0,0,0,0,0,0,0,0,0,0,0,"https://fbref.com/en/players/3a949a25/Martin-Dubravka"
2023,"Newcastle Utd","Premier League","Ryan Fraser","SCO","FW","28",1994,8,3,313,3.5,0,0,0,0,0,0,1,0,8,9,23,0,0,0,0,0,0.3,0.3,0.4,0.7,0.09,0.11,0.2,0.09,0.2,"https://fbref.com/en/players/d56543a0/Ryan-Fraser"
2023,"Newcastle Utd","Premier League","Anthony Gordon","ENG","FW,MF","21",2001,16,4,487,5.4,1,0,1,1,0,0,1,0,20,15,45,0.18,0,0.18,0.18,0.18,1.7,1.7,0.9,2.6,0.31,0.17,0.48,0.31,0.48,"https://fbref.com/en/players/2bd83368/Anthony-Gordon"
2023,"Newcastle Utd","Premier League","Bruno Guimarães","BRA","MF","24",1997,32,32,2726,30.3,4,5,9,4,0,0,7,0,41,222,42,0.13,0.17,0.3,0.13,0.3,2.8,2.8,4,6.8,0.09,0.13,0.23,0.09,0.23,"https://fbref.com/en/players/82518f62/Bruno-Guimaraes"
2023,"Newcastle Utd","Premier League","Alexander Isak","SWE","FW","22",1999,22,17,1522,16.9,10,1,11,8,2,2,3,0,41,48,122,0.59,0.06,0.65,0.47,0.53,8.2,6.7,2.2,8.9,0.49,0.13,0.62,0.4,0.52,"https://fbref.com/en/players/8e92be30/Alexander-Isak"
2023,"Newcastle Utd","Premier League","Joelinton","BRA","MF,FW","25",1996,32,30,2661,29.6,6,1,7,6,0,0,12,0,64,130,150,0.2,0.03,0.24,0.2,0.24,7.1,7.1,2.4,9.4,0.24,0.08,0.32,0.24,0.32,"https://fbref.com/en/players/c17bfb65/Joelinton"
2023,"Newcastle Utd","Premier League","Emil Krafth","SWE","DF","27",1994,1,0,1,0,0,0,0,0,0,0,0,0,0,0,0,0,0,0,0,0,0,0,0,0,0,0,0,0,0,"https://fbref.com/en/players/77cf6852/Emil-Krafth"
2023,"Newcastle Utd","Premier League","Jamaal Lascelles","ENG","DF","28",1993,7,2,218,2.4,0,0,0,0,0,0,4,0,0,3,0,0,0,0,0,0,0.1,0.1,0,0.1,0.04,0,0.04,0.04,0.04,"https://fbref.com/en/players/450ab6fc/Jamaal-Lascelles"
2023,"Newcastle Utd","Premier League","Jamal Lewis","NIR","DF,FW","24",1998,2,0,11,0.1,0,0,0,0,0,0,0,0,0,1,1,0,0,0,0,0,0,0,0,0,0,0,0,0,0,"https://fbref.com/en/players/efb9215a/Jamal-Lewis"
2023,"Newcastle Utd","Premier League","Sean Longstaff","ENG","MF","24",1997,33,28,2518,28,1,4,5,1,0,0,2,0,21,116,115,0.04,0.14,0.18,0.04,0.18,3.6,3.6,3.3,6.9,0.13,0.12,0.25,0.13,0.25,"https://fbref.com/en/players/a2b105e0/Sean-Longstaff"
2023,"Newcastle Utd","Premier League","Javier Manquillo","ESP","DF","28",1994,4,0,37,0.4,0,0,0,0,0,0,0,0,2,4,1,0,0,0,0,0,0,0,0,0,0,0,0,0,0,"https://fbref.com/en/players/758dd7f0/Javier-Manquillo"
2023,"Newcastle Utd","Premier League","Lewis Miley","ENG","MF","16",2006,1,0,15,0.2,0,0,0,0,0,0,0,0,0,0,0,0,0,0,0,0,0.1,0.1,0,0.1,0.42,0,0.42,0.42,0.42,"https://fbref.com/en/players/2c6835e5/Lewis-Miley"
2023,"Newcastle Utd","Premier League","Jacob Murphy","ENG","FW","27",1995,36,14,1251,13.9,4,2,6,4,0,0,0,0,66,57,141,0.29,0.14,0.43,0.29,0.43,3.3,3.3,2.8,6.1,0.24,0.2,0.44,0.24,0.44,"https://fbref.com/en/players/de112b84/Jacob-Murphy"
2023,"Newcastle Utd","Premier League","Nick Pope","ENG","GK","30",1992,37,37,3261,36.2,0,0,0,0,0,0,3,1,0,1,0,0,0,0,0,0,0,0,0.1,0.1,0,0,0,0,0,"https://fbref.com/en/players/4b40d9ca/Nick-Pope"
2023,"Newcastle Utd","Premier League","Matt Ritchie","SCO","FW,MF","32",1989,7,0,39,0.4,0,0,0,0,0,0,0,0,1,1,9,0,0,0,0,0,0,0,0.1,0.1,0,0.24,0.24,0,0.24,"https://fbref.com/en/players/71ef519e/Matt-Ritchie"
2023,"Newcastle Utd","Premier League","Allan Saint-Maximin","FRA","FW","25",1997,25,12,1120,12.4,1,5,6,1,0,0,1,0,93,69,111,0.08,0.4,0.48,0.08,0.48,1.6,1.6,4.6,6.2,0.13,0.37,0.5,0.13,0.5,"https://fbref.com/en/players/2b16cb1a/Allan-Saint-Maximin"
2023,"Newcastle Utd","Premier League","Fabian Schär","SUI","DF","30",1991,36,36,3206,35.6,1,3,4,1,0,0,7,0,27,139,32,0.03,0.08,0.11,0.03,0.11,4.9,4.9,3.3,8.2,0.14,0.09,0.23,0.14,0.23,"https://fbref.com/en/players/c8aa95da/Fabian-Schar"
2023,"Newcastle Utd","Premier League","Jonjo Shelvey","ENG","MF","30",1992,3,0,37,0.4,0,0,0,0,0,0,0,0,0,3,0,0,0,0,0,0,0,0,0,0,0,0,0,0,0,"https://fbref.com/en/players/3727dd3c/Jonjo-Shelvey"
2023,"Newcastle Utd","Premier League","Matt Targett","ENG","DF","26",1995,17,6,610,6.8,0,0,0,0,0,0,1,0,3,43,13,0,0,0,0,0,0,0,0.4,0.4,0,0.06,0.07,0,0.07,"https://fbref.com/en/players/e514ab62/Matt-Targett"
2023,"Newcastle Utd","Premier League","Kieran Trippier","ENG","DF","31",1990,38,38,3341,37.1,1,7,8,1,0,0,5,0,45,260,151,0.03,0.19,0.22,0.03,0.22,0.9,0.9,12.4,13.3,0.02,0.33,0.36,0.02,0.36,"https://fbref.com/en/players/21512407/Kieran-Trippier"
2023,"Newcastle Utd","Premier League","Joe Willock","ENG","MF","22",1999,35,31,2558,28.4,3,6,9,3,0,0,1,0,97,121,152,0.11,0.21,0.32,0.11,0.32,7,7,6,13,0.25,0.21,0.46,0.25,0.46,"https://fbref.com/en/players/a3b03921/Joe-Willock"
2023,"Newcastle Utd","Premier League","Callum Wilson","ENG","FW","30",1992,31,21,1877,20.9,18,5,23,15,3,3,4,0,27,19,118,0.86,0.24,1.1,0.72,0.96,17.5,15.1,2.7,17.8,0.84,0.13,0.97,0.72,0.85,"https://fbref.com/en/players/c596fcb0/Callum-Wilson"
2023,"Newcastle Utd","Premier League","Chris Wood","NZL","FW","30",1991,18,4,446,5,2,0,2,1,1,1,0,0,1,4,23,0.4,0,0.4,0.2,0.2,1.8,1,0.3,1.3,0.37,0.06,0.43,0.21,0.27,"https://fbref.com/en/players/4e9a0555/Chris-Wood"
2023,"Nott'ham Forest","Premier League","Serge Aurier","CIV","DF","29",1992,24,22,1943,21.6,1,0,1,1,0,0,2,0,37,71,50,0.05,0,0.05,0.05,0.05,0.8,0.8,1,1.8,0.04,0.05,0.08,0.04,0.08,"https://fbref.com/en/players/5c2b4f07/Serge-Aurier"
2023,"Nott'ham Forest","Premier League","Taiwo Awoniyi","NGA","FW","24",1997,27,17,1404,15.6,10,1,11,10,0,0,2,0,18,12,55,0.64,0.06,0.71,0.64,0.71,6.6,6.6,1.1,7.7,0.42,0.07,0.49,0.42,0.49,"https://fbref.com/en/players/e5478b87/Taiwo-Awoniyi"
2023,"Nott'ham Forest","Premier League","André Ayew","GHA","FW,MF","32",1989,13,1,316,3.5,0,0,0,0,0,1,1,0,3,11,16,0,0,0,0,0,1,0.3,0,0.3,0.3,0.01,0.31,0.07,0.08,"https://fbref.com/en/players/5dbefa9d/Andre-Ayew"
2023,"Nott'ham Forest","Premier League","Giulian Biancone","FRA","DF","22",2000,2,0,17,0.2,0,0,0,0,0,0,0,0,2,0,1,0,0,0,0,0,0,0,0,0,0,0,0,0,0,"https://fbref.com/en/players/de40e38c/Giulian-Biancone"
2023,"Nott'ham Forest","Premier League","Willy Boly","CIV","DF","31",1991,11,9,685,7.6,0,1,1,0,0,0,2,0,1,12,0,0,0.13,0.13,0,0.13,0,0,0.2,0.2,0.01,0.03,0.03,0.01,0.03,"https://fbref.com/en/players/a4ac4b8f/Willy-Boly"
2023,"Nott'ham Forest","Premier League","Cafú","POR","MF","29",1993,1,0,7,0.1,0,0,0,0,0,0,0,0,0,1,0,0,0,0,0,0,0,0,0,0,0,0,0,0,0,"https://fbref.com/en/players/85322440/Cafu"
2023,"Nott'ham Forest","Premier League","Jack Colback","ENG","MF","32",1989,11,4,497,5.5,0,0,0,0,0,0,0,0,5,16,3,0,0,0,0,0,0,0,0.2,0.2,0,0.03,0.03,0,0.03,"https://fbref.com/en/players/963a9201/Jack-Colback"
2023,"Nott'ham Forest","Premier League","Steve Cook","ENG","DF","31",1991,12,11,957,10.6,0,0,0,0,0,0,4,0,1,19,0,0,0,0,0,0,0.1,0.1,0.6,0.7,0.01,0.05,0.07,0.01,0.07,"https://fbref.com/en/players/3e5e4e63/Steve-Cook"
2023,"Nott'ham Forest","Premier League","Danilo","BRA","MF","21",2001,13,12,976,10.8,3,2,5,3,0,0,1,0,13,34,22,0.28,0.18,0.46,0.28,0.46,1.5,1.5,0.7,2.3,0.14,0.07,0.21,0.14,0.21,"https://fbref.com/en/players/a816dbfb/Danilo"
2023,"Nott'ham Forest","Premier League","Emmanuel Dennis","NGA","FW,MF","24",1997,19,6,720,8,2,2,4,2,0,0,3,0,24,17,63,0.25,0.25,0.5,0.25,0.5,1.9,1.9,0.6,2.4,0.23,0.07,0.3,0.23,0.3,"https://fbref.com/en/players/2c44a35d/Emmanuel-Dennis"
2023,"Nott'ham Forest","Premier League","Felipe","BRA","DF","33",1989,16,15,1418,15.8,0,1,1,0,0,0,4,0,3,22,4,0,0.06,0.06,0,0.06,1.2,1.2,0.9,2.1,0.07,0.06,0.13,0.07,0.13,"https://fbref.com/en/players/51a3c4c8/Felipe"
2023,"Nott'ham Forest","Premier League","Remo Freuler","SUI","MF","30",1992,28,24,2161,24,0,0,0,0,0,0,4,0,7,54,11,0,0,0,0,0,0.4,0.4,0.8,1.2,0.02,0.03,0.05,0.02,0.05,"https://fbref.com/en/players/98d2c2c4/Remo-Freuler"
2023,"Nott'ham Forest","Premier League","Morgan Gibbs-White","ENG","MF,FW","22",2000,35,34,2971,33,5,8,13,3,2,2,5,0,69,131,157,0.15,0.24,0.39,0.09,0.33,6,4.4,8.2,12.7,0.18,0.25,0.43,0.13,0.38,"https://fbref.com/en/players/32f60ed8/Morgan-Gibbs-White"
2023,"Nott'ham Forest","Premier League","Dean Henderson","ENG","GK","25",1997,18,18,1620,18,0,0,0,0,0,0,2,0,0,0,0,0,0,0,0,0,0,0,0,0,0,0,0,0,0,"https://fbref.com/en/players/e5a76dfe/Dean-Henderson"
2023,"Nott'ham Forest","Premier League","Wayne Hennessey","WAL","GK","35",1987,4,3,271,3,0,0,0,0,0,0,0,0,0,0,0,0,0,0,0,0,0,0,0,0,0,0,0,0,0,"https://fbref.com/en/players/76eca7e2/Wayne-Hennessey"
2023,"Nott'ham Forest","Premier League","Brennan Johnson","WAL","FW,MF","21",2001,38,33,2934,32.6,8,3,11,7,1,3,6,0,88,30,155,0.25,0.09,0.34,0.21,0.31,8.6,6.2,3.2,9.4,0.26,0.1,0.36,0.19,0.29,"https://fbref.com/en/players/0cd31129/Brennan-Johnson"
2023,"Nott'ham Forest","Premier League","Cheikhou Kouyaté","SEN","MF","32",1989,21,10,882,9.8,1,0,1,1,0,0,3,0,6,19,14,0.1,0,0.1,0.1,0.1,0.4,0.4,0.7,1.1,0.04,0.07,0.11,0.04,0.11,"https://fbref.com/en/players/8d3c902d/Cheikhou-Kouyate"
2023,"Nott'ham Forest","Premier League","Jesse Lingard","ENG","FW,MF","29",1992,17,12,923,10.3,0,0,0,0,0,0,1,0,11,33,38,0,0,0,0,0,1,1,0.7,1.7,0.1,0.07,0.17,0.1,0.17,"https://fbref.com/en/players/810e3c74/Jesse-Lingard"
2023,"Nott'ham Forest","Premier League","Renan Lodi","BRA","DF","24",1998,28,26,2214,24.6,0,1,1,0,0,0,7,0,24,31,70,0,0.04,0.04,0,0.04,1,1,1.2,2.1,0.04,0.05,0.09,0.04,0.09,"https://fbref.com/en/players/ed9f7cfe/Renan-Lodi"
2023,"Nott'ham Forest","Premier League","Orel Mangala","BEL","MF","24",1998,27,20,1550,17.2,1,1,2,1,0,0,3,0,14,43,8,0.06,0.06,0.12,0.06,0.12,0.6,0.6,0.4,0.9,0.03,0.02,0.06,0.03,0.06,"https://fbref.com/en/players/a572e291/Orel-Mangala"
2023,"Nott'ham Forest","Premier League","Scott McKenna","SCO","DF","25",1996,20,19,1571,17.5,0,0,0,0,0,0,4,0,5,35,2,0,0,0,0,0,0.1,0.1,1,1.1,0,0.06,0.06,0,0.06,"https://fbref.com/en/players/4e5a4cbc/Scott-McKenna"
2023,"Nott'ham Forest","Premier League","Alexander Mighten","ENG","FW","20",2002,1,0,8,0.1,0,0,0,0,0,0,0,0,0,0,1,0,0,0,0,0,0,0,0,0,0,0,0,0,0,"https://fbref.com/en/players/10ec4169/Alexander-Mighten"
2023,"Nott'ham Forest","Premier League","Keylor Navas","CRC","GK","35",1986,17,17,1529,17,0,0,0,0,0,0,2,0,0,1,0,0,0,0,0,0,0,0,0,0,0,0,0,0,0,"https://fbref.com/en/players/ecada4fc/Keylor-Navas"
2023,"Nott'ham Forest","Premier League","Moussa Niakhate","SEN","DF","26",1996,14,14,1163,12.9,0,0,0,0,0,0,1,0,2,15,3,0,0,0,0,0,0.6,0.6,0.1,0.7,0.05,0.01,0.06,0.05,0.06,"https://fbref.com/en/players/00242715/Moussa-Niakhate"
2023,"Nott'ham Forest","Premier League","Lewis O'Brien","ENG","MF","23",1998,13,6,584,6.5,1,0,1,1,0,0,2,0,13,21,3,0.15,0,0.15,0.15,0.15,0.3,0.3,0.2,0.5,0.05,0.03,0.08,0.05,0.08,"https://fbref.com/en/players/089667a5/Lewis-OBrien"
2023,"Nott'ham Forest","Premier League","Gustavo Scarpa","BRA","MF,FW","28",1994,6,2,181,2,0,0,0,0,0,0,1,0,9,12,4,0,0,0,0,0,0.3,0.3,0,0.3,0.13,0.02,0.14,0.13,0.14,"https://fbref.com/en/players/2964fd20/Gustavo-Scarpa"
2023,"Nott'ham Forest","Premier League","Jonjo Shelvey","ENG","MF","30",1992,8,6,540,6,0,0,0,0,0,0,2,0,1,34,0,0,0,0,0,0,0.2,0.2,0.3,0.5,0.03,0.05,0.08,0.03,0.08,"https://fbref.com/en/players/3727dd3c/Jonjo-Shelvey"
2023,"Nott'ham Forest","Premier League","Sam Surridge","ENG","FW","24",1998,20,1,323,3.6,1,0,1,1,0,0,2,0,2,6,17,0.28,0,0.28,0.28,0.28,1.8,1.8,0.1,1.8,0.5,0.02,0.51,0.5,0.51,"https://fbref.com/en/players/b017b770/Sam-Surridge"
2023,"Nott'ham Forest","Premier League","Harry Toffolo","ENG","DF","26",1995,19,9,940,10.4,0,0,0,0,0,0,2,0,8,29,43,0,0,0,0,0,0.3,0.3,0.8,1,0.03,0.07,0.1,0.03,0.1,"https://fbref.com/en/players/a105d46a/Harry-Toffolo"
2023,"Nott'ham Forest","Premier League","Neco Williams","WAL","DF","21",2001,31,20,1882,20.9,1,0,1,1,0,0,7,0,51,33,67,0.05,0,0.05,0.05,0.05,1.3,1.3,1.4,2.7,0.06,0.07,0.13,0.06,0.13,"https://fbref.com/en/players/dd323728/Neco-Williams"
2023,"Nott'ham Forest","Premier League","Chris Wood","NZL","FW","30",1991,7,5,372,4.1,1,0,1,1,0,0,0,0,2,7,12,0.24,0,0.24,0.24,0.24,1,1,0.2,1.2,0.23,0.05,0.28,0.23,0.28,"https://fbref.com/en/players/4e9a0555/Chris-Wood"
2023,"Nott'ham Forest","Premier League","Joe Worrall","ENG","DF","25",1997,30,21,2224,24.7,1,0,1,1,0,0,6,0,5,67,1,0.04,0,0.04,0.04,0.04,0.8,0.8,0.8,1.6,0.03,0.03,0.06,0.03,0.06,"https://fbref.com/en/players/a5212312/Joe-Worrall"
2023,"Nott'ham Forest","Premier League","Ryan Yates","ENG","MF","24",1997,26,21,1837,20.4,0,2,2,0,0,0,5,0,11,43,27,0,0.1,0.1,0,0.1,2.3,2.3,1.2,3.4,0.11,0.06,0.17,0.11,0.17,"https://fbref.com/en/players/c1fe2a48/Ryan-Yates"
2023,"Southampton","Premier League","Che Adams","SCO","FW","26",1996,28,23,1992,22.1,5,3,8,5,0,0,1,0,17,34,115,0.23,0.14,0.36,0.23,0.36,6.6,6.6,2.8,9.4,0.3,0.13,0.42,0.3,0.42,"https://fbref.com/en/players/f2bf1b0f/Che-Adams"
2023,"Southampton","Premier League","Carlos Alcaraz","ARG","MF,FW","19",2002,18,13,1029,11.4,4,2,6,4,0,0,3,0,20,28,32,0.35,0.17,0.52,0.35,0.52,1.9,1.9,0.7,2.6,0.17,0.06,0.23,0.17,0.23,"https://fbref.com/en/players/4abac767/Carlos-Alcaraz"
2023,"Southampton","Premier League","Samuel Amo-Ameyaw","ENG","MF","16",2006,1,0,4,0,0,0,0,0,0,0,0,0,2,1,0,0,0,0,0,0,0,0,0,0,0,0.86,0.86,0,0.86,"https://fbref.com/en/players/9eedf0e0/Samuel-Amo-Ameyaw"
2023,"Southampton","Premier League","Joe Aribo","NGA","MF,FW","26",1996,21,13,1224,13.6,2,0,2,2,0,0,2,0,19,39,64,0.15,0,0.15,0.15,0.15,1.5,1.5,0.8,2.3,0.11,0.06,0.17,0.11,0.17,"https://fbref.com/en/players/328f7d51/Joe-Aribo"
2023,"Southampton","Premier League","Adam Armstrong","ENG","FW,MF","25",1997,30,14,1335,14.8,2,1,3,2,0,0,2,0,39,16,70,0.13,0.07,0.2,0.13,0.2,2.1,2.1,1.3,3.3,0.14,0.09,0.23,0.14,0.23,"https://fbref.com/en/players/68c720b5/Adam-Armstrong"
2023,"Southampton","Premier League","Stuart Armstrong","SCO","MF,FW","30",1992,32,14,1408,15.6,2,1,3,2,0,0,6,0,61,75,88,0.13,0.06,0.19,0.13,0.19,2.4,2.4,2.2,4.7,0.15,0.14,0.3,0.15,0.3,"https://fbref.com/en/players/97333cf5/Stuart-Armstrong"
2023,"Southampton","Premier League","Dominic Ballard","ENG","FW,MF","17",2005,2,0,26,0.3,0,0,0,0,0,0,0,0,1,0,1,0,0,0,0,0,0,0,0,0,0,0,0,0,0,"https://fbref.com/en/players/ed8d597c/Dominic-Ballard"
2023,"Southampton","Premier League","Gavin Bazunu","IRL","GK","20",2002,32,32,2880,32,0,0,0,0,0,0,0,0,0,1,0,0,0,0,0,0,0,0,0.1,0.1,0,0,0,0,0,"https://fbref.com/en/players/c91441dc/Gavin-Bazunu"
2023,"Southampton","Premier League","Jan Bednarek","POL","DF","26",1996,20,20,1672,18.6,0,0,0,0,0,0,5,0,8,45,2,0,0,0,0,0,0.4,0.4,0.1,0.5,0.02,0.01,0.03,0.02,0.03,"https://fbref.com/en/players/4115ce4e/Jan-Bednarek"
2023,"Southampton","Premier League","Armel Bella Kotchap","GER","DF","20",2001,24,24,1879,20.9,0,2,2,0,0,0,4,0,9,39,2,0,0.1,0.1,0,0.1,1,1,1,2.1,0.05,0.05,0.1,0.05,0.1,"https://fbref.com/en/players/a39d11bc/Armel-Bella-Kotchap"
2023,"Southampton","Premier League","James Bree","ENG","DF","24",1997,5,4,367,4.1,0,0,0,0,0,0,1,0,4,5,12,0,0,0,0,0,0,0,0.2,0.3,0.01,0.06,0.06,0.01,0.06,"https://fbref.com/en/players/c07b7c5c/James-Bree"
2023,"Southampton","Premier League","Duje Ćaleta-Car","CRO","DF","25",1996,13,9,946,10.5,1,0,1,1,0,0,2,0,5,33,0,0.1,0,0.1,0.1,0.1,0.8,0.8,0,0.8,0.08,0,0.08,0.08,0.08,"https://fbref.com/en/players/94f8d10c/Duje-Caleta-Car"
2023,"Southampton","Premier League","Ibrahima Diallo","FRA","MF","23",1999,18,11,819,9.1,0,0,0,0,0,0,4,0,9,28,6,0,0,0,0,0,0.2,0.2,0.1,0.3,0.02,0.01,0.04,0.02,0.04,"https://fbref.com/en/players/11ff3d56/Ibrahima-Diallo"
2023,"Southampton","Premier League","Moussa Djenepo","MLI","DF,FW","24",1998,16,7,710,7.9,0,2,2,0,0,0,1,0,27,19,39,0,0.25,0.25,0,0.25,0.2,0.2,0.5,0.7,0.02,0.06,0.09,0.02,0.09,"https://fbref.com/en/players/254147d4/Moussa-Djenepo"
2023,"Southampton","Premier League","Kami Doyle","ENG","MF","16",2005,1,0,7,0.1,0,0,0,0,0,0,0,0,0,0,0,0,0,0,0,0,0,0,0,0,0,0,0,0,0,"https://fbref.com/en/players/65983e4d/Kami-Doyle"
2023,"Southampton","Premier League","Samuel Edozie","ENG","FW,MF","19",2003,17,5,567,6.3,0,0,0,0,0,0,0,0,26,13,39,0,0,0,0,0,0.9,0.9,0.4,1.3,0.14,0.06,0.2,0.14,0.2,"https://fbref.com/en/players/007414dd/Samuel-Edozie"
2023,"Southampton","Premier League","Mohamed Elyounoussi","NOR","MF,FW","27",1994,33,27,2168,24.1,1,1,2,1,0,0,4,0,56,50,98,0.04,0.04,0.08,0.04,0.08,3.5,3.5,2.1,5.6,0.15,0.09,0.23,0.15,0.23,"https://fbref.com/en/players/68dc0dac/Mohamed-Elyounoussi"
2023,"Southampton","Premier League","Juan Larios","ESP","DF","18",2004,5,2,152,1.7,0,0,0,0,0,0,0,0,10,4,1,0,0,0,0,0,0,0,0,0,0,0,0,0,0,"https://fbref.com/en/players/cf7fb13a/Juan-Larios"
2023,"Southampton","Premier League","Roméo Lavia","BEL","MF","18",2004,29,26,2221,24.7,1,0,1,1,0,0,9,0,22,102,14,0.04,0,0.04,0.04,0.04,0.4,0.4,0.6,1,0.02,0.03,0.04,0.02,0.04,"https://fbref.com/en/players/ecad9aa5/Romeo-Lavia"
2023,"Southampton","Premier League","Valentino Livramento","ENG","DF,FW","19",2002,2,0,28,0.3,0,0,0,0,0,0,0,0,0,0,0,0,0,0,0,0,0,0,0,0,0,0,0,0,0,"https://fbref.com/en/players/afed6722/Valentino-Livramento"
2023,"Southampton","Premier League","Lyanco","BRA","DF","25",1997,21,11,1180,13.1,1,1,2,1,0,0,4,0,13,35,4,0.08,0.08,0.15,0.08,0.15,0.6,0.6,0.5,1,0.04,0.04,0.08,0.04,0.08,"https://fbref.com/en/players/b5bf1770/Lyanco"
2023,"Southampton","Premier League","Ainsley Maitland-Niles","ENG","DF,MF","24",1997,22,13,1407,15.6,0,0,0,0,0,0,3,0,15,57,35,0,0,0,0,0,0,0,0.7,0.7,0,0.05,0.05,0,0.05,"https://fbref.com/en/players/e3a5814e/Ainsley-Maitland-Niles"
2023,"Southampton","Premier League","Sekou Mara","FRA","FW,MF","20",2002,22,4,555,6.2,1,2,3,1,0,0,1,0,7,7,27,0.16,0.32,0.49,0.16,0.49,1,1,0.8,1.8,0.17,0.12,0.29,0.17,0.29,"https://fbref.com/en/players/3544641e/Sekou-Mara"
2023,"Southampton","Premier League","Alex McCarthy","ENG","GK","32",1989,6,6,540,6,0,0,0,0,0,0,0,0,0,0,0,0,0,0,0,0,0,0,0,0,0,0,0,0,0,"https://fbref.com/en/players/36c2ca73/Alex-McCarthy"
2023,"Southampton","Premier League","Paul Onuachu","NGA","FW","28",1994,11,4,407,4.5,0,0,0,0,0,0,0,0,1,7,22,0,0,0,0,0,1.3,1.3,0.1,1.4,0.28,0.03,0.31,0.28,0.31,"https://fbref.com/en/players/c06d1086/Paul-Onuachu"
2023,"Southampton","Premier League","Mislav Oršić","CRO","MF","29",1992,1,0,7,0.1,0,0,0,0,0,0,0,0,0,0,0,0,0,0,0,0,0,0,0,0,0,0,0,0,0,"https://fbref.com/en/players/ee950928/Mislav-Orsic"
2023,"Southampton","Premier League","Romain Perraud","FRA","DF","24",1997,29,22,1835,20.4,2,2,4,2,0,0,4,0,33,62,122,0.1,0.1,0.2,0.1,0.2,1.3,1.3,1.9,3.2,0.06,0.09,0.16,0.06,0.16,"https://fbref.com/en/players/6dfd8f05/Romain-Perraud"
2023,"Southampton","Premier League","Nathan Redmond","ENG","DF","28",1994,1,0,1,0,0,0,0,0,0,0,0,0,0,0,1,0,0,0,0,0,0,0,0,0,0,0,0,0,0,"https://fbref.com/en/players/ab651565/Nathan-Redmond"
2023,"Southampton","Premier League","Oriol Romeu","ESP","MF","30",1991,1,1,74,0.8,0,0,0,0,0,0,0,0,2,4,0,0,0,0,0,0,0,0,0,0,0,0,0,0,0,"https://fbref.com/en/players/4b511457/Oriol-Romeu"
2023,"Southampton","Premier League","Mohammed Salisu","GHA","DF","23",1999,22,21,1973,21.9,0,1,1,0,0,0,5,0,5,82,4,0,0.05,0.05,0,0.05,1.5,1.5,0.6,2.1,0.07,0.03,0.1,0.07,0.1,"https://fbref.com/en/players/0b33f6ad/Mohammed-Salisu"
2023,"Southampton","Premier League","Jack Stephens","ENG","DF","28",1994,2,0,46,0.5,0,0,0,0,0,0,0,0,3,3,0,0,0,0,0,0,0,0,0,0,0,0,0,0,0,"https://fbref.com/en/players/6adbc307/Jack-Stephens"
2023,"Southampton","Premier League","Kamaldeen Sulemana","GHA","FW,MF","20",2002,18,10,966,10.7,2,1,3,2,0,0,1,0,32,36,80,0.19,0.09,0.28,0.19,0.28,1.7,1.7,1.3,3,0.16,0.12,0.28,0.16,0.28,"https://fbref.com/en/players/a62f8bf1/Kamaldeen-Sulemana"
2023,"Southampton","Premier League","Valery","ESP","DF,MF","22",1999,1,1,45,0.5,0,0,0,0,0,0,0,0,NA,NA,NA,0,0,0,0,0,NA,NA,NA,NA,NA,NA,NA,NA,NA,"https://fbref.com/en/players/4acd733a/Valery"
2023,"Southampton","Premier League","Theo Walcott","ENG","FW,MF","33",1989,20,13,1129,12.5,2,2,4,2,0,0,1,0,21,14,62,0.16,0.16,0.32,0.16,0.32,2.2,2.2,2,4.2,0.18,0.16,0.33,0.18,0.33,"https://fbref.com/en/players/1ecb65be/Theo-Walcott"
2023,"Southampton","Premier League","Kyle Walker-Peters","ENG","DF","25",1997,31,30,2650,29.4,1,0,1,1,0,0,4,0,102,97,114,0.03,0,0.03,0.03,0.03,1,1,1.4,2.5,0.03,0.05,0.08,0.03,0.08,"https://fbref.com/en/players/984a5a64/Kyle-Walker-Peters"
2023,"Southampton","Premier League","James Ward-Prowse","ENG","MF","27",1994,38,38,3371,37.5,9,4,13,7,2,4,6,0,19,189,58,0.24,0.11,0.35,0.19,0.29,5.7,2.5,6.2,8.7,0.15,0.17,0.32,0.07,0.23,"https://fbref.com/en/players/3515d404/James-Ward-Prowse"
2023,"Tottenham","Premier League","George Abbott","ENG","MF","16",2005,1,0,1,0,0,0,0,0,0,0,0,0,0,0,0,0,0,0,0,0,0,0,0,0,0,0,0,0,0,"https://fbref.com/en/players/56628958/George-Abbott"
2023,"Tottenham","Premier League","Rodrigo Bentancur","URU","MF","25",1997,18,17,1500,16.7,5,2,7,5,0,0,8,0,26,76,19,0.3,0.12,0.42,0.3,0.42,2.2,2.2,0.8,3.1,0.13,0.05,0.18,0.13,0.18,"https://fbref.com/en/players/3b8674e6/Rodrigo-Bentancur"
2023,"Tottenham","Premier League","Yves Bissouma","MLI","MF","25",1996,23,10,1010,11.2,0,0,0,0,0,0,6,0,14,62,10,0,0,0,0,0,0.2,0.2,0.5,0.7,0.02,0.05,0.06,0.02,0.06,"https://fbref.com/en/players/6c203af0/Yves-Bissouma"
2023,"Tottenham","Premier League","Matthew Craig","SCO","MF","19",2003,1,0,14,0.2,0,0,0,0,0,0,0,0,0,0,0,0,0,0,0,0,0,0,0,0,0,0,0,0,0,"https://fbref.com/en/players/bc914523/Matthew-Craig"
2023,"Tottenham","Premier League","Arnaut Danjuma","NED","FW,MF","25",1997,9,1,169,1.9,1,0,1,1,0,0,0,0,5,2,19,0.53,0,0.53,0.53,0.53,0.8,0.8,0,0.8,0.41,0.02,0.43,0.41,0.43,"https://fbref.com/en/players/f08490a6/Arnaut-Danjuma"
2023,"Tottenham","Premier League","Ben Davies","WAL","DF","29",1993,31,26,2288,25.4,2,2,4,2,0,0,4,0,39,107,69,0.08,0.08,0.16,0.08,0.16,1,1,2.5,3.5,0.04,0.1,0.14,0.04,0.14,"https://fbref.com/en/players/44781702/Ben-Davies"
2023,"Tottenham","Premier League","Eric Dier","ENG","DF","28",1994,33,31,2818,31.3,2,1,3,2,0,0,3,0,9,87,14,0.06,0.03,0.1,0.06,0.1,1.6,1.6,1.2,2.8,0.05,0.04,0.09,0.05,0.09,"https://fbref.com/en/players/ac861941/Eric-Dier"
2023,"Tottenham","Premier League","Matt Doherty","IRL","DF,MF","30",1992,12,7,667,7.4,1,0,1,1,0,0,0,0,16,20,57,0.13,0,0.13,0.13,0.13,0.8,0.8,0.3,1,0.1,0.04,0.14,0.1,0.14,"https://fbref.com/en/players/d557d734/Matt-Doherty"
2023,"Tottenham","Premier League","Emerson","BRA","DF","23",1999,26,20,1735,19.3,2,1,3,2,0,0,2,1,47,80,103,0.1,0.05,0.16,0.1,0.16,1.7,1.7,0.6,2.3,0.09,0.03,0.12,0.09,0.12,"https://fbref.com/en/players/df8b52a5/Emerson"
2023,"Tottenham","Premier League","Fraser Forster","ENG","GK","34",1988,14,13,1215,13.5,0,0,0,0,0,0,1,0,0,0,0,0,0,0,0,0,0,0,0,0,0,0,0,0,0,"https://fbref.com/en/players/c3e39f12/Fraser-Forster"
2023,"Tottenham","Premier League","Bryan Gil","ESP","MF,FW","21",2001,4,2,148,1.6,0,1,1,0,0,0,1,0,4,5,15,0,0.61,0.61,0,0.61,0.1,0.1,0.2,0.3,0.06,0.11,0.17,0.06,0.17,"https://fbref.com/en/players/7b5ab7f2/Bryan-Gil"
2023,"Tottenham","Premier League","Son Heung-min","KOR","MF,FW","30",1992,36,33,2888,32.1,10,6,16,10,0,0,2,0,82,79,196,0.31,0.19,0.5,0.31,0.5,10.1,10.1,6.5,16.6,0.31,0.2,0.52,0.31,0.52,"https://fbref.com/en/players/92e7e919/Son-Heung-min"
2023,"Tottenham","Premier League","Pierre Højbjerg","DEN","MF","26",1995,35,35,3131,34.8,4,5,9,4,0,0,5,0,46,235,66,0.11,0.14,0.26,0.11,0.26,2,2,3.1,5.1,0.06,0.09,0.15,0.06,0.15,"https://fbref.com/en/players/8b04d6c1/Pierre-Hojbjerg"
2023,"Tottenham","Premier League","Harry Kane","ENG","FW","29",1993,38,38,3405,37.8,30,3,33,25,5,6,6,0,60,180,193,0.79,0.08,0.87,0.66,0.74,21.5,16.7,7,23.7,0.57,0.18,0.75,0.44,0.63,"https://fbref.com/en/players/21a66f6a/Harry-Kane"
2023,"Tottenham","Premier League","Dejan Kulusevski","SWE","MF,FW","22",2000,30,23,2067,23,2,7,9,2,0,0,2,0,87,67,195,0.09,0.3,0.39,0.09,0.39,2.6,2.6,4.7,7.2,0.11,0.2,0.31,0.11,0.31,"https://fbref.com/en/players/df3cda47/Dejan-Kulusevski"
2023,"Tottenham","Premier League","Clément Lenglet","FRA","DF","27",1995,26,24,2019,22.4,0,2,2,0,0,0,4,0,33,85,7,0,0.09,0.09,0,0.09,1,1,0.6,1.6,0.04,0.03,0.07,0.04,0.07,"https://fbref.com/en/players/4f28a6ff/Clement-Lenglet"
2023,"Tottenham","Premier League","Hugo Lloris","FRA","GK","35",1986,25,25,2205,24.5,0,0,0,0,0,0,0,0,0,0,0,0,0,0,0,0,0,0,0,0,0,0,0,0,0,"https://fbref.com/en/players/8f62b6ee/Hugo-Lloris"
2023,"Tottenham","Premier League","Pape Matar Sarr","SEN","MF,FW","19",2002,11,2,218,2.4,0,1,1,0,0,0,1,0,1,13,0,0,0.41,0.41,0,0.41,0.1,0.1,0.3,0.4,0.03,0.14,0.17,0.03,0.17,"https://fbref.com/en/players/feb5d972/Pape-Matar-Sarr"
2023,"Tottenham","Premier League","Lucas Moura","BRA","MF,DF","29",1992,15,0,153,1.7,1,0,1,1,0,0,0,1,4,13,15,0.59,0,0.59,0.59,0.59,0.5,0.5,0.3,0.9,0.32,0.2,0.52,0.32,0.52,"https://fbref.com/en/players/2b622f01/Lucas-Moura"
2023,"Tottenham","Premier League","Ivan Perišić","CRO","DF,MF","33",1989,34,23,2108,23.4,1,8,9,1,0,0,6,0,87,61,181,0.04,0.34,0.38,0.04,0.38,2.6,2.6,6.1,8.8,0.11,0.26,0.37,0.11,0.37,"https://fbref.com/en/players/6fe90922/Ivan-Perisic"
2023,"Tottenham","Premier League","Pedro Porro","ESP","DF,MF","22",1999,15,13,1131,12.6,3,3,6,3,0,0,0,0,34,39,95,0.24,0.24,0.48,0.24,0.48,1.8,1.8,3,4.8,0.15,0.24,0.38,0.15,0.38,"https://fbref.com/en/players/27d0a506/Pedro-Porro"
2023,"Tottenham","Premier League","Richarlison","BRA","MF,FW","25",1997,27,12,1010,11.2,1,3,4,1,0,0,3,0,33,28,75,0.09,0.27,0.36,0.09,0.36,3.3,3.3,2.2,5.5,0.29,0.2,0.49,0.29,0.49,"https://fbref.com/en/players/fa031b34/Richarlison"
2023,"Tottenham","Premier League","Cristian Romero","ARG","DF","24",1998,27,26,2364,26.3,0,1,1,0,0,0,11,1,19,92,9,0,0.04,0.04,0,0.04,1.5,1.5,1.2,2.6,0.06,0.05,0.1,0.06,0.1,"https://fbref.com/en/players/a3d94a58/Cristian-Romero"
2023,"Tottenham","Premier League","Davinson Sánchez","COL","DF","26",1996,18,8,858,9.5,0,0,0,0,0,0,1,0,5,35,4,0,0,0,0,0,0.6,0.6,0.4,1,0.07,0.04,0.11,0.07,0.11,"https://fbref.com/en/players/da7b447d/Davinson-Sanchez"
2023,"Tottenham","Premier League","Ryan Sessegnon","ENG","DF","22",2000,17,9,813,9,2,0,2,2,0,0,4,0,24,22,64,0.22,0,0.22,0.22,0.22,1.6,1.6,1.1,2.7,0.18,0.12,0.3,0.18,0.3,"https://fbref.com/en/players/6aa3e78b/Ryan-Sessegnon"
2023,"Tottenham","Premier League","Oliver Skipp","ENG","MF","21",2000,23,18,1491,16.6,1,0,1,1,0,0,7,0,14,56,25,0.06,0,0.06,0.06,0.06,0.3,0.3,0.6,0.9,0.02,0.04,0.05,0.02,0.05,"https://fbref.com/en/players/6250083a/Oliver-Skipp"
2023,"Tottenham","Premier League","Djed Spence","ENG","FW,DF","21",2000,4,0,7,0.1,0,0,0,0,0,0,0,0,2,0,2,0,0,0,0,0,0.1,0.1,0,0.1,0.83,0,0.83,0.83,0.83,"https://fbref.com/en/players/9bc9a519/Djed-Spence"
2023,"Tottenham","Premier League","Japhet Tanganga","ENG","DF","23",1999,4,2,146,1.6,0,0,0,0,0,0,0,0,1,5,2,0,0,0,0,0,0,0,0,0,0,0,0,0,0,"https://fbref.com/en/players/e9971f2d/Japhet-Tanganga"
2023,"Tottenham","Premier League","Harvey White","ENG","MF","20",2001,1,0,5,0.1,0,0,0,0,0,0,0,0,0,0,1,0,0,0,0,0,0,0,0,0,0,0,0,0,0,"https://fbref.com/en/players/4d90ce8c/Harvey-White"
2023,"West Ham","Premier League","Nayef Aguerd","MAR","DF","26",1996,18,17,1595,17.7,2,0,2,2,0,0,4,0,2,25,4,0.11,0,0.11,0.11,0.11,2.2,2.2,0.5,2.7,0.13,0.03,0.15,0.13,0.15,"https://fbref.com/en/players/288e1e13/Nayef-Aguerd"
2023,"West Ham","Premier League","Michail Antonio","JAM","FW","32",1990,33,21,1829,20.3,5,3,8,5,0,0,2,0,49,27,120,0.25,0.15,0.39,0.25,0.39,6.6,6.6,1.3,7.8,0.32,0.06,0.38,0.32,0.38,"https://fbref.com/en/players/ac05f970/Michail-Antonio"
2023,"West Ham","Premier League","Alphonse Areola","FRA","GK","29",1993,5,2,309,3.4,0,0,0,0,0,0,0,0,0,0,0,0,0,0,0,0,0,0,0,0,0,0,0,0,0,"https://fbref.com/en/players/2f965a72/Alphonse-Areola"
2023,"West Ham","Premier League","Saïd Benrahma","ALG","FW,MF","26",1995,35,22,2069,23,6,3,9,2,4,4,0,0,109,82,237,0.26,0.13,0.39,0.09,0.22,7,3.9,4.5,8.4,0.31,0.2,0.5,0.17,0.36,"https://fbref.com/en/players/5a04fd92/Said-Benrahma"
2023,"West Ham","Premier League","Jarrod Bowen","ENG","FW,MF","25",1996,38,36,3233,35.9,6,5,11,5,1,2,2,0,102,72,213,0.17,0.14,0.31,0.14,0.28,8.9,7.8,7.4,15.2,0.25,0.2,0.45,0.22,0.42,"https://fbref.com/en/players/79c84d1c/Jarrod-Bowen"
2023,"West Ham","Premier League","Maxwel Cornet","CIV","FW","25",1996,14,2,245,2.7,0,0,0,0,0,0,0,0,9,5,26,0,0,0,0,0,1.3,1.3,0.1,1.3,0.47,0.02,0.49,0.47,0.49,"https://fbref.com/en/players/beb391dd/Maxwel-Cornet"
2023,"West Ham","Premier League","Vladimír Coufal","CZE","DF","29",1992,27,24,2136,23.7,0,1,1,0,0,0,5,0,53,82,109,0,0.04,0.04,0,0.04,0.3,0.3,2.5,2.7,0.01,0.1,0.11,0.01,0.11,"https://fbref.com/en/players/fdf3cb77/Vladimir-Coufal"
2023,"West Ham","Premier League","Conor Coventry","IRL","MF,FW","22",2000,1,0,1,0,0,0,0,0,0,0,0,0,0,0,0,0,0,0,0,0,0,0,0,0,0,0,0,0,0,"https://fbref.com/en/players/a5ca9127/Conor-Coventry"
2023,"West Ham","Premier League","Aaron Cresswell","ENG","DF","32",1989,28,24,2235,24.8,0,1,1,0,0,0,3,0,35,145,82,0,0.04,0.04,0,0.04,0.3,0.3,3.7,4,0.01,0.15,0.16,0.01,0.16,"https://fbref.com/en/players/4f974391/Aaron-Cresswell"
2023,"West Ham","Premier League","Craig Dawson","ENG","DF","32",1990,8,8,720,8,0,0,0,0,0,0,2,0,0,18,1,0,0,0,0,0,0.5,0.5,0.1,0.6,0.06,0.01,0.07,0.06,0.07,"https://fbref.com/en/players/3e9e06cb/Craig-Dawson"
2023,"West Ham","Premier League","Flynn Downes","ENG","MF","23",1999,21,7,762,8.5,0,0,0,0,0,0,2,0,3,22,11,0,0,0,0,0,0.4,0.4,0.1,0.5,0.05,0.01,0.06,0.05,0.06,"https://fbref.com/en/players/69fdb896/Flynn-Downes"
2023,"West Ham","Premier League","Łukasz Fabiański","POL","GK","37",1985,36,36,3111,34.6,0,0,0,0,0,0,1,0,0,0,0,0,0,0,0,0,0,0,0,0,0,0,0,0,0,"https://fbref.com/en/players/9328b835/Lukasz-Fabianski"
2023,"West Ham","Premier League","Pablo Fornals","ESP","FW,MF","26",1996,32,17,1503,16.7,3,1,4,3,0,0,0,0,33,89,101,0.18,0.06,0.24,0.18,0.24,2.2,2.2,1.7,3.9,0.13,0.1,0.24,0.13,0.24,"https://fbref.com/en/players/82927de4/Pablo-Fornals"
2023,"West Ham","Premier League","Danny Ings","ENG","FW","30",1992,17,7,775,8.6,2,2,4,2,0,0,1,0,9,12,44,0.23,0.23,0.46,0.23,0.46,3,3,1,4,0.35,0.12,0.47,0.35,0.47,"https://fbref.com/en/players/07802f7f/Danny-Ings"
2023,"West Ham","Premier League","Ben Johnson","ENG","DF","22",2000,17,9,866,9.6,0,0,0,0,0,0,0,0,15,37,22,0,0,0,0,0,0.1,0.1,0.2,0.3,0.01,0.02,0.03,0.01,0.03,"https://fbref.com/en/players/9319781b/Ben-Johnson"
2023,"West Ham","Premier League","Thilo Kehrer","GER","DF","25",1996,27,25,2230,24.8,0,2,2,0,0,0,4,0,15,60,29,0,0.08,0.08,0,0.08,0.5,0.5,0.6,1.1,0.02,0.03,0.04,0.02,0.04,"https://fbref.com/en/players/51dbeea9/Thilo-Kehrer"
2023,"West Ham","Premier League","Manuel Lanzini","ARG","MF,FW","29",1993,10,2,252,2.8,1,0,1,1,0,0,0,0,2,19,6,0.36,0,0.36,0.36,0.36,0.5,0.5,0.2,0.7,0.19,0.06,0.25,0.19,0.25,"https://fbref.com/en/players/26f6dca8/Manuel-Lanzini"
2023,"West Ham","Premier League","Divin Mubama","ENG","FW","17",2004,3,0,38,0.4,0,0,0,0,0,0,0,0,0,0,1,0,0,0,0,0,0,0,0,0,0,0.07,0.07,0,0.07,"https://fbref.com/en/players/92868cb5/Divin-Mubama"
2023,"West Ham","Premier League","Angelo Ogbonna","ITA","DF","34",1988,16,13,1237,13.7,0,0,0,0,0,0,0,0,0,11,2,0,0,0,0,0,0.3,0.3,0.2,0.5,0.02,0.02,0.03,0.02,0.03,"https://fbref.com/en/players/74b2cd7e/Angelo-Ogbonna"
2023,"West Ham","Premier League","Emerson Palmieri","ITA","DF","27",1994,22,16,1320,14.7,1,0,1,1,0,0,2,0,38,45,57,0.07,0,0.07,0.07,0.07,0.8,0.8,0.9,1.7,0.05,0.06,0.12,0.05,0.12,"https://fbref.com/en/players/e0bc6fdc/Emerson-Palmieri"
2023,"West Ham","Premier League","Lucas Paquetá","BRA","MF","24",1997,28,27,2151,23.9,4,3,7,3,1,1,5,0,25,147,63,0.17,0.13,0.29,0.13,0.25,4.4,3.6,2.5,6.1,0.18,0.1,0.29,0.15,0.25,"https://fbref.com/en/players/9b6f7fd5/Lucas-Paqueta"
2023,"West Ham","Premier League","Declan Rice","ENG","MF","23",1999,37,36,3273,36.4,4,1,5,4,0,1,5,0,88,240,37,0.11,0.03,0.14,0.11,0.14,2.4,1.6,3.2,4.8,0.07,0.09,0.15,0.04,0.13,"https://fbref.com/en/players/1c7012b8/Declan-Rice"
2023,"West Ham","Premier League","Gianluca Scamacca","ITA","FW","23",1999,16,11,926,10.3,3,0,3,3,0,0,3,0,13,17,48,0.29,0,0.29,0.29,0.29,2.5,2.5,0.7,3.1,0.24,0.07,0.31,0.24,0.31,"https://fbref.com/en/players/8790f988/Gianluca-Scamacca"
2023,"West Ham","Premier League","Tomáš Souček","CZE","MF","27",1995,36,32,2815,31.3,2,3,5,2,0,0,3,0,11,88,52,0.06,0.1,0.16,0.06,0.16,4,4,1.9,6,0.13,0.06,0.19,0.13,0.19,"https://fbref.com/en/players/6613c819/Tomas-Soucek"
2023,"West Ham","Premier League","Kurt Zouma","FRA","DF","27",1994,25,24,1989,22.1,2,0,2,2,0,0,0,0,3,31,1,0.09,0,0.09,0.09,0.09,2.2,2.2,0.1,2.3,0.1,0,0.1,0.1,0.1,"https://fbref.com/en/players/ce4246f5/Kurt-Zouma"
2023,"Wolves","Premier League","Rayan Aït Nouri","ALG","DF","21",2001,21,9,1076,12,1,0,1,1,0,0,4,0,30,43,76,0.08,0,0.08,0.08,0.08,0.7,0.7,1,1.7,0.06,0.08,0.14,0.06,0.14,"https://fbref.com/en/players/9b398aea/Rayan-Ait-Nouri"
2023,"Wolves","Premier League","Daniel Bentley","ENG","GK","29",1993,2,2,180,2,0,0,0,0,0,0,0,0,0,0,0,0,0,0,0,0,0,0,0,0,0,0,0,0,0,"https://fbref.com/en/players/68db6358/Daniel-Bentley"
2023,"Wolves","Premier League","Hugo Bueno","ESP","DF","19",2002,21,16,1310,14.6,0,1,1,0,0,0,1,0,52,39,64,0,0.07,0.07,0,0.07,0.2,0.2,1.3,1.5,0.01,0.09,0.1,0.01,0.1,"https://fbref.com/en/players/bfc3b3a0/Hugo-Bueno"
2023,"Wolves","Premier League","Chem Campbell","WAL","FW,MF","19",2002,5,0,74,0.8,0,0,0,0,0,0,0,0,2,4,10,0,0,0,0,0,0.1,0.1,0,0.1,0.12,0,0.12,0.12,0.12,"https://fbref.com/en/players/6f711f67/Chem-Campbell"
2023,"Wolves","Premier League","Jonny Castro","ESP","DF","28",1994,18,14,1261,14,1,0,1,1,0,0,3,1,24,70,46,0.07,0,0.07,0.07,0.07,0.3,0.3,1,1.3,0.02,0.07,0.1,0.02,0.1,"https://fbref.com/en/players/e28868f3/Jonny-Castro"
2023,"Wolves","Premier League","Nathan Collins","IRL","DF","21",2001,26,19,1814,20.2,0,0,0,0,0,0,2,1,11,64,5,0,0,0,0,0,0.2,0.2,0.1,0.3,0.01,0,0.02,0.01,0.02,"https://fbref.com/en/players/a8c19eb8/Nathan-Collins"
2023,"Wolves","Premier League","Diego Costa","ESP","FW","33",1988,23,16,1241,13.8,1,0,1,1,0,0,5,1,19,13,60,0.07,0,0.07,0.07,0.07,3.2,3.2,0.7,3.9,0.23,0.05,0.28,0.23,0.28,"https://fbref.com/en/players/a190d597/Diego-Costa"
2023,"Wolves","Premier League","Matheus Cunha","BRA","FW","23",1999,17,12,965,10.7,2,0,2,2,0,0,1,0,16,14,43,0.19,0,0.19,0.19,0.19,2,2,0.6,2.6,0.19,0.05,0.24,0.19,0.24,"https://fbref.com/en/players/dc62b55d/Matheus-Cunha"
2023,"Wolves","Premier League","Craig Dawson","ENG","DF","32",1990,17,17,1414,15.7,1,0,1,1,0,0,4,0,5,44,1,0.06,0,0.06,0.06,0.06,1,1,0,1,0.06,0,0.06,0.06,0.06,"https://fbref.com/en/players/3e9e06cb/Craig-Dawson"
2023,"Wolves","Premier League","Leander Dendoncker","BEL","MF","27",1995,4,2,214,2.4,0,0,0,0,0,0,0,0,1,6,3,0,0,0,0,0,0.7,0.7,0,0.7,0.27,0.02,0.29,0.27,0.29,"https://fbref.com/en/players/5a7301ae/Leander-Dendoncker"
2023,"Wolves","Premier League","Morgan Gibbs-White","ENG","FW,MF","22",2000,2,2,180,2,0,0,0,0,0,0,1,0,4,12,12,0,0,0,0,0,0.7,0.7,0.1,0.8,0.36,0.04,0.4,0.36,0.4,"https://fbref.com/en/players/32f60ed8/Morgan-Gibbs-White"
2023,"Wolves","Premier League","João Gomes","BRA","MF","21",2001,11,7,653,7.3,1,0,1,1,0,0,5,0,7,19,8,0.14,0,0.14,0.14,0.14,0.3,0.3,0.2,0.4,0.04,0.02,0.06,0.04,0.06,"https://fbref.com/en/players/8b57ad2c/Joao-Gomes"
2023,"Wolves","Premier League","Toti Gomes","POR","DF","23",1999,17,10,984,10.9,1,0,1,1,0,0,6,0,4,27,23,0.09,0,0.09,0.09,0.09,0.4,0.4,0.3,0.7,0.04,0.02,0.06,0.04,0.06,"https://fbref.com/en/players/f0caab96/Toti-Gomes"
2023,"Wolves","Premier League","Gonçalo Guedes","POR","FW,MF","25",1996,13,8,707,7.9,1,1,2,1,0,0,1,0,20,16,54,0.13,0.13,0.25,0.13,0.25,1.2,1.2,0.5,1.7,0.15,0.06,0.22,0.15,0.22,"https://fbref.com/en/players/e6bc67d7/Goncalo-Guedes"
2023,"Wolves","Premier League","Hwang Hee-chan","KOR","FW,MF","26",1996,27,12,1130,12.6,3,1,4,3,0,0,1,0,25,30,60,0.24,0.08,0.32,0.24,0.32,2.9,2.9,1.1,4,0.23,0.09,0.32,0.23,0.32,"https://fbref.com/en/players/169fd162/Hwang-Hee-chan"
2023,"Wolves","Premier League","Joseph Hodge","IRL","MF","19",2002,6,1,175,1.9,0,0,0,0,0,0,1,0,1,8,5,0,0,0,0,0,0.3,0.3,0.1,0.3,0.13,0.03,0.16,0.13,0.16,"https://fbref.com/en/players/bd8a5d95/Joseph-Hodge"
2023,"Wolves","Premier League","Raúl Jiménez","MEX","FW","31",1991,15,8,846,9.4,0,1,1,0,0,0,0,0,5,14,45,0,0.11,0.11,0,0.11,2.6,2.6,1.7,4.3,0.27,0.18,0.46,0.27,0.46,"https://fbref.com/en/players/b561db50/Raul-Jimenez"
2023,"Wolves","Premier League","Sasa Kalajdzic","AUT","FW","25",1997,1,1,45,0.5,0,0,0,0,0,0,0,0,0,0,1,0,0,0,0,0,0.3,0.3,0,0.3,0.53,0,0.53,0.53,0.53,"https://fbref.com/en/players/15f24fe7/Sasa-Kalajdzic"
2023,"Wolves","Premier League","Max Kilman","ENG","DF","25",1997,37,37,3307,36.7,0,0,0,0,0,0,3,0,30,127,5,0,0,0,0,0,1.3,1.3,0.2,1.6,0.04,0.01,0.04,0.04,0.04,"https://fbref.com/en/players/d0f72bf1/Max-Kilman"
2023,"Wolves","Premier League","Dexter Lembikisa","JAM","DF","18",2003,1,0,23,0.3,0,0,0,0,0,0,0,0,2,3,3,0,0,0,0,0,0,0,0,0,0,0,0,0,0,"https://fbref.com/en/players/0bdda685/Dexter-Lembikisa"
2023,"Wolves","Premier League","Mario Lemina","GAB","MF","28",1993,19,17,1299,14.4,0,1,1,0,0,0,4,1,6,42,9,0,0.07,0.07,0,0.07,0.3,0.3,0.3,0.6,0.02,0.02,0.04,0.02,0.04,"https://fbref.com/en/players/2b471f99/Mario-Lemina"
2023,"Wolves","Premier League","João Moutinho","POR","MF","35",1986,31,20,1780,19.8,0,2,2,0,0,0,3,0,23,132,32,0,0.1,0.1,0,0.1,1.3,1.3,2.6,3.9,0.07,0.13,0.2,0.07,0.2,"https://fbref.com/en/players/f5a00fa4/Joao-Moutinho"
2023,"Wolves","Premier League","Pedro Neto","POR","FW,MF","22",2000,18,13,964,10.7,0,0,0,0,0,0,1,0,37,24,111,0,0,0,0,0,1.1,1.1,2.1,3.2,0.1,0.2,0.3,0.1,0.3,"https://fbref.com/en/players/7ba2eaa9/Pedro-Neto"
2023,"Wolves","Premier League","Rúben Neves","POR","MF","25",1997,35,33,3019,33.5,6,1,7,3,3,3,12,0,28,218,18,0.18,0.03,0.21,0.09,0.12,5.2,2.8,1.6,4.4,0.15,0.05,0.2,0.08,0.13,"https://fbref.com/en/players/44bfb6c5/Ruben-Neves"
2023,"Wolves","Premier League","Matheus Nunes","POR","MF","23",1998,34,30,2467,27.4,1,1,2,1,0,0,2,1,59,84,129,0.04,0.04,0.07,0.04,0.07,2.4,2.4,2.2,4.7,0.09,0.08,0.17,0.09,0.17,"https://fbref.com/en/players/e6af02e0/Matheus-Nunes"
2023,"Wolves","Premier League","Daniel Podence","POR","FW,MF","26",1995,32,20,1771,19.7,6,0,6,6,0,0,5,0,43,95,148,0.3,0,0.3,0.3,0.3,3.9,3.9,2.5,6.4,0.2,0.13,0.33,0.2,0.33,"https://fbref.com/en/players/7fcc71d8/Daniel-Podence"
2023,"Wolves","Premier League","Connor Ronan","IRL","MF","24",1998,1,0,1,0,0,0,0,0,0,0,0,0,0,0,1,0,0,0,0,0,0,0,0,0,0,0,0,0,0,"https://fbref.com/en/players/1b804500/Connor-Ronan"
2023,"Wolves","Premier League","José Sá","POR","GK","29",1993,36,36,3240,36,0,0,0,0,0,0,2,0,0,0,0,0,0,0,0,0,0,0,0,0,0,0,0,0,0,"https://fbref.com/en/players/903b6e8b/Jose-Sa"
2023,"Wolves","Premier League","Pablo Sarabia","ESP","FW,MF","30",1992,13,9,765,8.5,1,0,1,1,0,0,3,0,17,41,54,0.12,0,0.12,0.12,0.12,3.1,3.1,0.8,3.9,0.36,0.09,0.46,0.36,0.46,"https://fbref.com/en/players/9744ff80/Pablo-Sarabia"
2023,"Wolves","Premier League","Nélson Semedo","POR","DF","28",1993,36,31,2632,29.2,0,1,1,0,0,0,11,1,50,110,147,0,0.03,0.03,0,0.03,0.4,0.4,0.7,1.2,0.01,0.03,0.04,0.01,0.04,"https://fbref.com/en/players/d04b94db/Nelson-Semedo"
2023,"Wolves","Premier League","Adama Traoré","ESP","FW,MF","26",1996,34,12,1496,16.6,2,1,3,2,0,0,2,0,85,36,156,0.12,0.06,0.18,0.12,0.18,1.4,1.4,3.7,5.1,0.08,0.23,0.31,0.08,0.31,"https://fbref.com/en/players/9a28eba4/Adama-Traore"
2023,"Wolves","Premier League","Boubacar Traoré","MLI","MF","20",2001,10,4,411,4.6,0,1,1,0,0,0,2,0,4,8,2,0,0.22,0.22,0,0.22,0.1,0.1,0.2,0.2,0.01,0.04,0.05,0.01,0.05,"https://fbref.com/en/players/999ceb5f/Boubacar-Traore"
