"Season_End_Year","Squad","Comp","Player","Nation","Pos","Age","Born","MP_Playing","Starts_Playing","Min_Playing","Mins_Per_90_Playing","Gls","Ast","G+A","G_minus_PK","PK","PKatt","CrdY","CrdR","PrgC_Progression","PrgP_Progression","PrgR_Progression","Gls_Per","Ast_Per","G+A_Per","G_minus_PK_Per","G+A_minus_PK_Per","xG_Expected","npxG_Expected","xAG_Expected","npxG+xAG_Expected","xG_Per","xAG_Per","xG+xAG_Per","npxG_Per","npxG+xAG_Per","Url"
2021,"Arsenal","Premier League","Rúnar Alex Rúnarsson","ISL","GK","25",1995,1,0,16,0.2,0,0,0,0,0,0,0,0,0,0,0,0,0,0,0,0,0,0,0,0,0,0,0,0,0,"https://fbref.com/en/players/8fa8f8d2/Runar-Alex-Runarsson"
2021,"Arsenal","Premier League","Pierre-Emerick Aubameyang","GAB","FW","31",1989,29,26,2332,25.9,10,3,13,8,2,2,2,0,65,66,195,0.39,0.12,0.5,0.31,0.42,10.2,8.6,2.4,11,0.39,0.09,0.48,0.33,0.42,"https://fbref.com/en/players/d5dd5f1f/Pierre-Emerick-Aubameyang"
2021,"Arsenal","Premier League","Héctor Bellerín","ESP","DF,MF","25",1995,25,24,2089,23.2,1,2,3,1,0,0,8,0,46,108,142,0.04,0.09,0.13,0.04,0.13,0.8,0.8,2.4,3.2,0.03,0.1,0.14,0.03,0.14,"https://fbref.com/en/players/f874dd44/Hector-Bellerin"
2021,"Arsenal","Premier League","Dani Ceballos","ESP","MF","23",1996,25,17,1615,17.9,0,3,3,0,0,0,4,0,54,150,52,0,0.17,0.17,0,0.17,0.6,0.6,2.6,3.3,0.04,0.15,0.18,0.04,0.18,"https://fbref.com/en/players/c0617e2b/Dani-Ceballos"
2021,"Arsenal","Premier League","Calum Chambers","ENG","DF","25",1995,10,8,753,8.4,0,2,2,0,0,0,0,0,16,40,49,0,0.24,0.24,0,0.24,0.4,0.4,1.1,1.5,0.05,0.13,0.18,0.05,0.18,"https://fbref.com/en/players/dc6f5bdd/Calum-Chambers"
2021,"Arsenal","Premier League","Gabriel Dos Santos","BRA","DF","22",1997,23,22,1996,22.2,2,0,2,2,0,0,4,1,18,80,8,0.09,0,0.09,0.09,0.09,1.3,1.3,0.1,1.4,0.06,0,0.06,0.06,0.06,"https://fbref.com/en/players/67ac5bb8/Gabriel-Dos-Santos"
2021,"Arsenal","Premier League","Mohamed Elneny","EGY","MF","28",1992,23,17,1544,17.2,1,0,1,1,0,0,3,0,17,99,12,0.06,0,0.06,0.06,0.06,0.4,0.4,0.2,0.6,0.02,0.01,0.03,0.02,0.03,"https://fbref.com/en/players/47a34c4f/Mohamed-Elneny"
2021,"Arsenal","Premier League","Rob Holding","ENG","DF","24",1995,30,28,2558,28.4,0,1,1,0,0,0,2,0,10,114,1,0,0.04,0.04,0,0.04,1,1,0.2,1.2,0.04,0.01,0.04,0.04,0.04,"https://fbref.com/en/players/d79a8c87/Rob-Holding"
2021,"Arsenal","Premier League","Sead Kolašinac","BIH","DF","27",1993,1,1,90,1,0,0,0,0,0,0,0,0,2,2,9,0,0,0,0,0,0,0,0,0,0,0,0,0,0,"https://fbref.com/en/players/3935e52e/Sead-Kolasinac"
2021,"Arsenal","Premier League","Alexandre Lacazette","FRA","FW","29",1991,31,22,1923,21.4,13,2,15,10,3,3,3,0,15,55,112,0.61,0.09,0.7,0.47,0.56,11.7,9.3,2.2,11.5,0.55,0.1,0.65,0.43,0.54,"https://fbref.com/en/players/9dbb75ca/Alexandre-Lacazette"
2021,"Arsenal","Premier League","Bernd Leno","GER","GK","28",1992,35,35,3131,34.8,0,0,0,0,0,0,0,1,0,2,0,0,0,0,0,0,0,0,0,0,0,0,0,0,0,"https://fbref.com/en/players/2628fd2b/Bernd-Leno"
2021,"Arsenal","Premier League","David Luiz","BRA","DF","33",1987,20,17,1396,15.5,1,0,1,1,0,0,1,1,22,68,3,0.06,0,0.06,0.06,0.06,0.9,0.9,0.5,1.4,0.06,0.03,0.09,0.06,0.09,"https://fbref.com/en/players/c0e27d1a/David-Luiz"
2021,"Arsenal","Premier League","Ainsley Maitland-Niles","ENG","MF,DF","22",1997,11,5,490,5.4,0,0,0,0,0,0,0,0,12,24,21,0,0,0,0,0,0.1,0.1,0.1,0.2,0.01,0.02,0.04,0.01,0.04,"https://fbref.com/en/players/e3a5814e/Ainsley-Maitland-Niles"
2021,"Arsenal","Premier League","Pablo Marí","ESP","DF","26",1993,10,10,900,10,0,0,0,0,0,0,2,0,4,21,0,0,0,0,0,0,0.1,0.1,0.3,0.3,0.01,0.03,0.03,0.01,0.03,"https://fbref.com/en/players/aa54ec6f/Pablo-Mari"
2021,"Arsenal","Premier League","Martinelli","BRA","FW","19",2001,14,7,589,6.5,2,1,3,2,0,0,0,0,23,8,62,0.31,0.15,0.46,0.31,0.46,3.3,3.3,1.8,5.1,0.5,0.27,0.78,0.5,0.78,"https://fbref.com/en/players/48a5a5d6/Martinelli"
2021,"Arsenal","Premier League","Shkodran Mustafi","GER","DF","28",1992,3,0,47,0.5,0,0,0,0,0,0,0,0,0,7,1,0,0,0,0,0,0,0,0,0,0,0,0,0,0,"https://fbref.com/en/players/3f2d59fe/Shkodran-Mustafi"
2021,"Arsenal","Premier League","Reiss Nelson","ENG","FW,MF","20",1999,2,0,71,0.8,0,0,0,0,0,0,0,0,4,4,6,0,0,0,0,0,0.1,0.1,0,0.1,0.08,0,0.08,0.08,0.08,"https://fbref.com/en/players/c5bdb6e3/Reiss-Nelson"
2021,"Arsenal","Premier League","Eddie Nketiah","ENG","FW","21",1999,17,4,423,4.7,2,1,3,2,0,0,0,0,6,6,29,0.43,0.21,0.64,0.43,0.64,1.8,1.8,0.6,2.4,0.38,0.14,0.51,0.38,0.51,"https://fbref.com/en/players/a53649b7/Eddie-Nketiah"
2021,"Arsenal","Premier League","Thomas Partey","GHA","MF","27",1993,24,18,1534,17,0,2,2,0,0,0,5,0,33,121,18,0,0.12,0.12,0,0.12,1.3,1.3,1,2.4,0.08,0.06,0.14,0.08,0.14,"https://fbref.com/en/players/529f49ab/Thomas-Partey"
2021,"Arsenal","Premier League","Nicolas Pépé","CIV","FW","25",1995,29,16,1616,18,10,1,11,9,1,1,1,1,56,45,199,0.56,0.06,0.61,0.5,0.56,5.8,5,1,6,0.32,0.05,0.38,0.28,0.33,"https://fbref.com/en/players/57e3f0c7/Nicolas-Pepe"
2021,"Arsenal","Premier League","Mathew Ryan","AUS","GK","28",1992,3,3,270,3,0,0,0,0,0,0,0,0,0,0,1,0,0,0,0,0,0,0,0.1,0.1,0,0.02,0.02,0,0.02,"https://fbref.com/en/players/4535e4bb/Mathew-Ryan"
2021,"Arsenal","Premier League","Bukayo Saka","ENG","FW,MF","18",2001,32,30,2553,28.4,5,3,8,5,0,0,1,0,85,101,269,0.18,0.11,0.28,0.18,0.28,6.9,6.9,4.4,11.3,0.24,0.16,0.4,0.24,0.4,"https://fbref.com/en/players/bc7dc64d/Bukayo-Saka"
2021,"Arsenal","Premier League","Emile Smith Rowe","ENG","MF,FW","20",2000,20,18,1440,16,2,4,6,2,0,0,0,0,51,68,113,0.12,0.25,0.37,0.12,0.37,1.8,1.8,3.4,5.1,0.11,0.21,0.32,0.11,0.32,"https://fbref.com/en/players/17695062/Emile-Smith-Rowe"
2021,"Arsenal","Premier League","Cédric Soares","POR","DF","28",1991,10,8,746,8.3,0,1,1,0,0,0,1,0,21,46,40,0,0.12,0.12,0,0.12,0.3,0.3,0.9,1.2,0.03,0.11,0.15,0.03,0.15,"https://fbref.com/en/players/839c14e1/Cedric-Soares"
2021,"Arsenal","Premier League","Kieran Tierney","SCO","DF","23",1997,27,26,2299,25.5,1,3,4,1,0,0,4,0,82,95,194,0.04,0.12,0.16,0.04,0.16,0.5,0.5,3.5,4,0.02,0.14,0.16,0.02,0.16,"https://fbref.com/en/players/fce2302c/Kieran-Tierney"
2021,"Arsenal","Premier League","Willian","BRA","FW","31",1988,25,16,1406,15.6,1,5,6,1,0,0,0,0,51,78,119,0.06,0.32,0.38,0.06,0.38,1.9,1.9,3,5,0.12,0.19,0.32,0.12,0.32,"https://fbref.com/en/players/8b9ebd03/Willian"
2021,"Arsenal","Premier League","Joe Willock","ENG","MF","20",1999,7,2,238,2.6,0,0,0,0,0,0,1,0,8,11,13,0,0,0,0,0,0.3,0.3,0.1,0.3,0.1,0.02,0.12,0.1,0.12,"https://fbref.com/en/players/a3b03921/Joe-Willock"
2021,"Arsenal","Premier League","Granit Xhaka","SUI","MF,DF","27",1992,31,29,2522,28,1,2,3,1,0,0,7,1,41,276,31,0.04,0.07,0.11,0.04,0.11,0.9,0.9,1.5,2.3,0.03,0.05,0.08,0.03,0.08,"https://fbref.com/en/players/e61b8aee/Granit-Xhaka"
2021,"Arsenal","Premier League","Martin Ødegaard","NOR","MF","21",1998,14,9,866,9.6,1,2,3,1,0,0,0,0,16,65,49,0.1,0.21,0.31,0.1,0.31,0.7,0.7,2,2.7,0.08,0.21,0.29,0.08,0.29,"https://fbref.com/en/players/79300479/Martin-Odegaard"
2021,"Aston Villa","Premier League","Ross Barkley","ENG","MF","26",1993,24,18,1531,17,3,1,4,3,0,0,0,0,40,88,73,0.18,0.06,0.24,0.18,0.24,3.1,3.1,4.2,7.3,0.18,0.24,0.43,0.18,0.43,"https://fbref.com/en/players/3a24769f/Ross-Barkley"
2021,"Aston Villa","Premier League","Matty Cash","POL","DF","22",1997,28,28,2372,26.4,0,2,2,0,0,0,8,1,43,76,62,0,0.08,0.08,0,0.08,0.3,0.3,1.7,2,0.01,0.07,0.08,0.01,0.08,"https://fbref.com/en/players/2389cdc2/Matty-Cash"
2021,"Aston Villa","Premier League","Carney Chukwuemeka","ENG","MF,FW","16",2003,2,0,20,0.2,0,0,0,0,0,0,0,0,0,1,1,0,0,0,0,0,0,0,0,0,0.17,0,0.17,0.17,0.17,"https://fbref.com/en/players/b2f9c73e/Carney-Chukwuemeka"
2021,"Aston Villa","Premier League","Keinan Davis","ENG","FW,MF","22",1998,15,1,277,3.1,1,1,2,1,0,0,0,0,7,6,37,0.32,0.32,0.65,0.32,0.65,1.5,1.5,0.6,2.1,0.47,0.19,0.67,0.47,0.67,"https://fbref.com/en/players/9deaf2c8/Keinan-Davis"
2021,"Aston Villa","Premier League","Ahmed Elmohamady","EGY","DF","32",1987,14,8,839,9.3,0,0,0,0,0,0,2,0,10,45,36,0,0,0,0,0,0.4,0.4,1,1.4,0.05,0.11,0.15,0.05,0.15,"https://fbref.com/en/players/615ef733/Ahmed-Elmohamady"
2021,"Aston Villa","Premier League","Anwar El Ghazi","NED","FW","25",1995,28,17,1613,17.9,10,0,10,6,4,4,2,0,50,47,163,0.56,0,0.56,0.33,0.33,8.4,5.3,1.8,7.1,0.47,0.1,0.57,0.3,0.39,"https://fbref.com/en/players/ffa90327/Anwar-El-Ghazi"
2021,"Aston Villa","Premier League","Jack Grealish","ENG","FW,MF","24",1995,26,24,2185,24.3,6,10,16,6,0,0,6,0,172,189,212,0.25,0.41,0.66,0.25,0.66,4.6,4.6,7.4,12,0.19,0.3,0.5,0.19,0.5,"https://fbref.com/en/players/b0b4fd3e/Jack-Grealish"
2021,"Aston Villa","Premier League","Kortney Hause","ENG","DF","25",1995,7,7,630,7,1,0,1,1,0,0,2,0,1,10,0,0.14,0,0.14,0.14,0.14,1,1,0,1,0.15,0,0.15,0.15,0.15,"https://fbref.com/en/players/bf8fad51/Kortney-Hause"
2021,"Aston Villa","Premier League","Conor Hourihane","IRL","MF","29",1991,4,3,225,2.5,1,1,2,1,0,0,0,0,1,23,11,0.4,0.4,0.8,0.4,0.8,0.7,0.7,0.6,1.3,0.26,0.25,0.51,0.26,0.51,"https://fbref.com/en/players/fcab00a0/Conor-Hourihane"
2021,"Aston Villa","Premier League","Ezri Konsa","ENG","DF","22",1997,36,35,3196,35.5,2,0,2,2,0,0,3,0,3,32,5,0.06,0,0.06,0.06,0.06,2.4,2.4,0.1,2.5,0.07,0,0.07,0.07,0.07,"https://fbref.com/en/players/0313a347/Ezri-Konsa"
2021,"Aston Villa","Premier League","Douglas Luiz","BRA","MF","22",1998,33,32,2781,30.9,0,2,2,0,0,0,10,1,47,131,32,0,0.06,0.06,0,0.06,1.2,1.2,1.6,2.8,0.04,0.05,0.09,0.04,0.09,"https://fbref.com/en/players/6f7d826d/Douglas-Luiz"
2021,"Aston Villa","Premier League","Emiliano Martínez","ARG","GK","27",1992,38,38,3420,38,0,0,0,0,0,0,1,0,0,0,0,0,0,0,0,0,0,0,0.1,0.1,0,0,0,0,0,"https://fbref.com/en/players/7956236f/Emiliano-Martinez"
2021,"Aston Villa","Premier League","John McGinn","SCO","MF","25",1994,37,37,3330,37,3,5,8,3,0,0,12,0,33,221,79,0.08,0.14,0.22,0.08,0.22,2.5,2.5,3.6,6.1,0.07,0.1,0.17,0.07,0.17,"https://fbref.com/en/players/90f91999/John-McGinn"
2021,"Aston Villa","Premier League","Tyrone Mings","ENG","DF","27",1993,36,36,3194,35.5,2,2,4,2,0,0,6,1,12,104,5,0.06,0.06,0.11,0.06,0.11,1.9,1.9,0.4,2.4,0.05,0.01,0.07,0.05,0.07,"https://fbref.com/en/players/8397a50c/Tyrone-Mings"
2021,"Aston Villa","Premier League","Wesley Moraes","BRA","FW","23",1996,3,0,18,0.2,0,0,0,0,0,0,0,0,0,0,1,0,0,0,0,0,0,0,0,0,0.23,0,0.23,0.23,0.23,"https://fbref.com/en/players/bfae110f/Wesley-Moraes"
2021,"Aston Villa","Premier League","Marvelous Nakamba","ZIM","MF","26",1994,13,9,749,8.3,0,0,0,0,0,0,3,0,1,9,2,0,0,0,0,0,0,0,0.1,0.1,0.01,0.01,0.01,0.01,0.01,"https://fbref.com/en/players/de5b5570/Marvelous-Nakamba"
2021,"Aston Villa","Premier League","Jaden Philogene Bidace","ENG","FW","18",2002,1,0,1,0,0,0,0,0,0,0,0,0,0,0,0,0,0,0,0,0,0,0,0,0,0,0,0,0,0,"https://fbref.com/en/players/19f4d211/Jaden-Philogene-Bidace"
2021,"Aston Villa","Premier League","Jacob Ramsey","ENG","MF","19",2001,22,6,626,7,0,0,0,0,0,0,0,0,8,23,21,0,0,0,0,0,0.5,0.5,0.3,0.8,0.07,0.04,0.11,0.07,0.11,"https://fbref.com/en/players/1544f145/Jacob-Ramsey"
2021,"Aston Villa","Premier League","Morgan Sanson","FRA","MF","25",1994,9,3,294,3.3,0,0,0,0,0,0,3,0,9,16,13,0,0,0,0,0,0,0,0.1,0.2,0.01,0.04,0.05,0.01,0.05,"https://fbref.com/en/players/6e7f1353/Morgan-Sanson"
2021,"Aston Villa","Premier League","Matt Targett","ENG","DF","24",1995,38,38,3404,37.8,0,2,2,0,0,0,7,0,26,231,156,0,0.05,0.05,0,0.05,0.3,0.3,2.5,2.8,0.01,0.07,0.07,0.01,0.07,"https://fbref.com/en/players/e514ab62/Matt-Targett"
2021,"Aston Villa","Premier League","Neil Taylor","WAL","DF","31",1989,1,0,16,0.2,0,0,0,0,0,0,1,0,0,1,0,0,0,0,0,0,0,0,0,0,0,0,0,0,0,"https://fbref.com/en/players/c2f9d19f/Neil-Taylor"
2021,"Aston Villa","Premier League","Bertrand Traoré","BFA","FW","24",1995,36,29,2317,25.7,7,6,13,7,0,0,1,0,51,77,125,0.27,0.23,0.5,0.27,0.5,6.6,6.6,4.3,10.9,0.26,0.17,0.42,0.26,0.42,"https://fbref.com/en/players/c47541e0/Bertrand-Traore"
2021,"Aston Villa","Premier League","Trézéguet","EGY","FW","25",1994,21,12,1166,13,2,1,3,2,0,0,0,0,31,35,79,0.15,0.08,0.23,0.15,0.23,3.8,3.8,2.1,5.9,0.29,0.16,0.46,0.29,0.46,"https://fbref.com/en/players/3ae14ed1/Trezeguet"
2021,"Aston Villa","Premier League","Ollie Watkins","ENG","FW","24",1995,37,37,3328,37,14,5,19,13,1,2,4,1,84,55,290,0.38,0.14,0.51,0.35,0.49,14.5,13,5.3,18.3,0.39,0.14,0.53,0.35,0.49,"https://fbref.com/en/players/aed3a70f/Ollie-Watkins"
2021,"Brighton","Premier League","Steven Alzate","COL","MF","21",1998,15,10,896,10,1,0,1,1,0,0,2,0,16,39,16,0.1,0,0.1,0.1,0.1,0.8,0.8,0.6,1.4,0.08,0.06,0.14,0.08,0.14,"https://fbref.com/en/players/ad1f61f3/Steven-Alzate"
2021,"Brighton","Premier League","Bernardo","BRA","DF,MF","25",1995,3,2,206,2.3,0,0,0,0,0,0,0,0,2,9,15,0,0,0,0,0,0.4,0.4,0.1,0.5,0.16,0.06,0.22,0.16,0.22,"https://fbref.com/en/players/17370b95/Bernardo"
2021,"Brighton","Premier League","Yves Bissouma","MLI","MF","23",1996,36,35,3111,34.6,1,0,1,1,0,0,8,1,55,146,26,0.03,0,0.03,0.03,0.03,1.4,1.4,0.9,2.3,0.04,0.03,0.07,0.04,0.07,"https://fbref.com/en/players/6c203af0/Yves-Bissouma"
2021,"Brighton","Premier League","Dan Burn","ENG","DF","28",1992,27,23,2061,22.9,1,0,1,1,0,0,5,0,34,87,73,0.04,0,0.04,0.04,0.04,1.5,1.5,0.8,2.3,0.07,0.04,0.1,0.07,0.1,"https://fbref.com/en/players/b2d31e83/Dan-Burn"
2021,"Brighton","Premier League","Aaron Connolly","IRL","FW","20",2000,17,9,791,8.8,2,1,3,2,0,0,0,0,12,4,58,0.23,0.11,0.34,0.23,0.34,4,4,0.2,4.2,0.45,0.02,0.48,0.45,0.48,"https://fbref.com/en/players/27c01749/Aaron-Connolly"
2021,"Brighton","Premier League","Lewis Dunk","ENG","DF","28",1991,33,33,2931,32.6,5,0,5,5,0,0,5,2,27,82,7,0.15,0,0.15,0.15,0.15,2.2,2.2,1.2,3.4,0.07,0.04,0.1,0.07,0.1,"https://fbref.com/en/players/282f75f3/Lewis-Dunk"
2021,"Brighton","Premier League","Pascal Groß","GER","MF,DF","29",1991,34,27,2484,27.6,3,8,11,0,3,4,3,0,57,165,168,0.11,0.29,0.4,0,0.29,4.9,1.7,5.2,6.9,0.18,0.19,0.36,0.06,0.25,"https://fbref.com/en/players/8aec0537/Pascal-Gross"
2021,"Brighton","Premier League","José Izquierdo","COL","DF","28",1992,1,0,9,0.1,0,0,0,0,0,0,0,0,1,0,2,0,0,0,0,0,0,0,0,0,0.24,0,0.24,0.24,0.24,"https://fbref.com/en/players/ca2bc3df/Jose-Izquierdo"
2021,"Brighton","Premier League","Alireza Jahanbakhsh","IRN","FW,MF","26",1993,21,6,528,5.9,0,1,1,0,0,0,3,0,18,28,53,0,0.17,0.17,0,0.17,1.5,1.5,3,4.5,0.26,0.51,0.77,0.26,0.77,"https://fbref.com/en/players/08452314/Alireza-Jahanbakhsh"
2021,"Brighton","Premier League","Reda Khadra","GER","MF","19",2001,1,0,5,0.1,0,0,0,0,0,0,0,0,1,0,1,0,0,0,0,0,0,0,0,0,0,0,0,0,0,"https://fbref.com/en/players/88acf83f/Reda-Khadra"
2021,"Brighton","Premier League","Adam Lallana","ENG","MF,FW","32",1988,30,16,1596,17.7,1,1,2,1,0,0,0,0,33,109,77,0.06,0.06,0.11,0.06,0.11,1.6,1.6,2.6,4.2,0.09,0.14,0.23,0.09,0.23,"https://fbref.com/en/players/99813635/Adam-Lallana"
2021,"Brighton","Premier League","Tariq Lamptey","GHA","DF,MF","19",2000,11,11,886,9.8,1,1,2,1,0,0,4,1,40,26,76,0.1,0.1,0.2,0.1,0.2,0.7,0.7,0.8,1.5,0.07,0.08,0.15,0.07,0.15,"https://fbref.com/en/players/f4e433d4/Tariq-Lamptey"
2021,"Brighton","Premier League","Alexis Mac Allister","ARG","MF,FW","21",1998,21,13,1115,12.4,1,1,2,1,0,0,1,0,15,48,55,0.08,0.08,0.16,0.08,0.16,1.3,1.3,1.5,2.7,0.1,0.12,0.22,0.1,0.22,"https://fbref.com/en/players/83d074ff/Alexis-Mac-Allister"
2021,"Brighton","Premier League","Solly March","ENG","DF,MF","26",1994,21,19,1672,18.6,2,1,3,2,0,0,0,0,74,79,146,0.11,0.05,0.16,0.11,0.16,1.7,1.7,1.5,3.2,0.09,0.08,0.17,0.09,0.17,"https://fbref.com/en/players/bb5fbd2b/Solly-March"
2021,"Brighton","Premier League","Neal Maupay","FRA","FW,MF","23",1996,33,29,2512,27.9,8,2,10,5,3,4,1,1,44,61,181,0.29,0.07,0.36,0.18,0.25,13.2,10.1,3.9,13.9,0.47,0.14,0.61,0.36,0.5,"https://fbref.com/en/players/4bcf39f6/Neal-Maupay"
2021,"Brighton","Premier League","Jakub Moder","POL","DF,MF","21",1999,12,7,647,7.2,0,0,0,0,0,0,0,0,21,30,50,0,0,0,0,0,0.8,0.8,0.2,0.9,0.11,0.02,0.13,0.11,0.13,"https://fbref.com/en/players/f230bc30/Jakub-Moder"
2021,"Brighton","Premier League","Jayson Molumby","IRL","MF","20",1999,1,0,1,0,0,0,0,0,0,0,0,0,0,0,0,0,0,0,0,0,0,0,0,0,0,0,0,0,0,"https://fbref.com/en/players/c908a1bc/Jayson-Molumby"
2021,"Brighton","Premier League","Davy Pröpper","NED","MF","28",1991,7,2,213,2.4,0,0,0,0,0,0,0,0,4,14,8,0,0,0,0,0,0.2,0.2,0,0.2,0.08,0,0.08,0.08,0.08,"https://fbref.com/en/players/fdd85f94/Davy-Propper"
2021,"Brighton","Premier League","Mathew Ryan","AUS","GK","28",1992,11,11,990,11,0,0,0,0,0,0,1,0,0,0,0,0,0,0,0,0,0,0,0,0,0,0,0,0,0,"https://fbref.com/en/players/4535e4bb/Mathew-Ryan"
2021,"Brighton","Premier League","Robert Sánchez","ESP","GK","22",1997,27,27,2430,27,0,0,0,0,0,0,2,0,0,1,0,0,0,0,0,0,0,0,0,0,0,0,0,0,0,"https://fbref.com/en/players/6a713852/Robert-Sanchez"
2021,"Brighton","Premier League","Percy Tau","RSA","FW","26",1994,3,1,103,1.1,0,1,1,0,0,0,0,0,4,1,11,0,0.87,0.87,0,0.87,0,0,0.4,0.4,0,0.36,0.36,0,0.36,"https://fbref.com/en/players/4d0eb7d2/Percy-Tau"
2021,"Brighton","Premier League","Leandro Trossard","BEL","MF,FW","25",1994,35,30,2607,29,5,5,10,5,0,0,2,0,73,142,219,0.17,0.17,0.35,0.17,0.35,4.6,4.6,4.9,9.5,0.16,0.17,0.33,0.16,0.33,"https://fbref.com/en/players/38ceb24a/Leandro-Trossard"
2021,"Brighton","Premier League","Joël Veltman","NED","DF","28",1992,28,25,2281,25.3,1,1,2,1,0,0,3,0,39,136,99,0.04,0.04,0.08,0.04,0.08,1.1,1.1,1.7,2.8,0.04,0.07,0.11,0.04,0.11,"https://fbref.com/en/players/dad4b285/Joel-Veltman"
2021,"Brighton","Premier League","Adam Webster","ENG","DF","25",1995,29,29,2594,28.8,1,0,1,1,0,0,4,0,42,133,4,0.03,0,0.03,0.03,0.03,2,2,0.2,2.2,0.07,0.01,0.08,0.07,0.08,"https://fbref.com/en/players/c40b6180/Adam-Webster"
2021,"Brighton","Premier League","Danny Welbeck","ENG","FW","29",1990,24,17,1545,17.2,6,1,7,6,0,1,0,0,21,25,98,0.35,0.06,0.41,0.35,0.41,6.6,5.8,2.8,8.7,0.39,0.16,0.55,0.34,0.5,"https://fbref.com/en/players/ce5143da/Danny-Welbeck"
2021,"Brighton","Premier League","Ben White","ENG","DF,MF","22",1997,36,36,3191,35.5,0,0,0,0,0,0,5,1,50,149,38,0,0,0,0,0,0.5,0.5,0.9,1.4,0.01,0.03,0.04,0.01,0.04,"https://fbref.com/en/players/35e413f1/Ben-White"
2021,"Brighton","Premier League","Andi Zeqiri","SUI","FW,DF","21",1999,9,0,171,1.9,0,0,0,0,0,0,0,0,2,2,14,0,0,0,0,0,0.7,0.7,0.1,0.8,0.38,0.04,0.42,0.38,0.42,"https://fbref.com/en/players/d01231f0/Andi-Zeqiri"
2021,"Burnley","Premier League","Phil Bardsley","SCO","DF","35",1985,4,3,274,3,0,0,0,0,0,0,2,0,4,10,6,0,0,0,0,0,0.1,0.1,0,0.1,0.03,0,0.03,0.03,0.03,"https://fbref.com/en/players/1ae30132/Phil-Bardsley"
2021,"Burnley","Premier League","Ashley Barnes","ENG","FW","30",1989,22,15,1331,14.8,3,0,3,2,1,1,4,0,8,20,79,0.2,0,0.2,0.14,0.14,4.1,3.3,0.8,4.1,0.27,0.05,0.33,0.22,0.27,"https://fbref.com/en/players/2691c772/Ashley-Barnes"
2021,"Burnley","Premier League","Josh Benson","ENG","MF","20",1999,6,2,264,2.9,0,0,0,0,0,0,0,0,1,6,8,0,0,0,0,0,0.2,0.2,0,0.2,0.07,0,0.07,0.07,0.07,"https://fbref.com/en/players/bf3aeb61/Josh-Benson"
2021,"Burnley","Premier League","Jóhann Berg Guðmundsson","ISL","MF","29",1990,22,16,1363,15.1,2,0,2,2,0,0,2,0,25,31,74,0.13,0,0.13,0.13,0.13,1.2,1.2,0.5,1.7,0.08,0.03,0.11,0.08,0.11,"https://fbref.com/en/players/f72293fc/Johann-Berg-Gudmundsson"
2021,"Burnley","Premier League","Robbie Brady","IRL","MF","28",1992,19,12,1052,11.7,1,1,2,1,0,0,3,0,14,26,40,0.09,0.09,0.17,0.09,0.17,0.8,0.8,0.9,1.7,0.07,0.08,0.15,0.07,0.15,"https://fbref.com/en/players/96bb8cc2/Robbie-Brady"
2021,"Burnley","Premier League","Josh Brownhill","ENG","MF","24",1995,33,32,2813,31.3,0,1,1,0,0,0,2,0,22,83,69,0,0.03,0.03,0,0.03,1.9,1.9,0.7,2.6,0.06,0.02,0.08,0.06,0.08,"https://fbref.com/en/players/47369df8/Josh-Brownhill"
2021,"Burnley","Premier League","Jack Cork","ENG","MF","31",1989,16,15,1350,15,0,0,0,0,0,0,2,0,8,37,13,0,0,0,0,0,0.2,0.2,0.6,0.8,0.02,0.04,0.05,0.02,0.05,"https://fbref.com/en/players/74e12f1e/Jack-Cork"
2021,"Burnley","Premier League","Jimmy Dunne","IRL","DF","22",1997,3,3,270,3,1,0,1,1,0,0,1,0,0,4,1,0.33,0,0.33,0.33,0.33,0.5,0.5,0.1,0.6,0.17,0.04,0.2,0.17,0.2,"https://fbref.com/en/players/1fdfd6da/Jimmy-Dunne"
2021,"Burnley","Premier League","Kevin Long","IRL","DF","29",1990,8,7,637,7.1,0,0,0,0,0,0,2,0,0,15,1,0,0,0,0,0,0.4,0.4,0,0.4,0.06,0,0.06,0.06,0.06,"https://fbref.com/en/players/5a4280b1/Kevin-Long"
2021,"Burnley","Premier League","Matthew Lowton","ENG","DF","31",1989,34,34,3060,34,1,1,2,1,0,0,5,0,49,127,59,0.03,0.03,0.06,0.03,0.06,0.8,0.8,3.1,3.9,0.02,0.09,0.12,0.02,0.12,"https://fbref.com/en/players/9a9c05db/Matthew-Lowton"
2021,"Burnley","Premier League","Dwight McNeil","ENG","MF","20",1999,36,34,3069,34.1,2,5,7,2,0,0,1,0,102,101,102,0.06,0.15,0.21,0.06,0.21,1.1,1.1,6.2,7.2,0.03,0.18,0.21,0.03,0.21,"https://fbref.com/en/players/fc15fb84/Dwight-McNeil"
2021,"Burnley","Premier League","Ben Mee","ENG","DF","30",1989,30,30,2693,29.9,2,0,2,2,0,0,3,0,0,54,3,0.07,0,0.07,0.07,0.07,2.3,2.3,0.3,2.6,0.08,0.01,0.09,0.08,0.09,"https://fbref.com/en/players/8df7a2fb/Ben-Mee"
2021,"Burnley","Premier League","Joel Mumbongo","SWE","FW","21",1999,4,0,40,0.4,0,0,0,0,0,0,1,0,0,0,1,0,0,0,0,0,0,0,0,0,0,0,0,0,0,"https://fbref.com/en/players/f8e588df/Joel-Mumbongo"
2021,"Burnley","Premier League","Will Norris","ENG","GK","26",1993,2,2,180,2,0,0,0,0,0,0,0,0,0,0,0,0,0,0,0,0,0,0,0,0,0,0.02,0.02,0,0.02,"https://fbref.com/en/players/c73ada83/Will-Norris"
2021,"Burnley","Premier League","Bailey Peacock-Farrell","NIR","GK","23",1996,4,4,360,4,0,0,0,0,0,0,0,0,0,0,0,0,0,0,0,0,0,0,0,0,0,0,0,0,0,"https://fbref.com/en/players/4879f8cb/Bailey-Peacock-Farrell"
2021,"Burnley","Premier League","Erik Pieters","NED","DF,MF","31",1988,20,13,1266,14.1,0,1,1,0,0,0,1,0,14,37,16,0,0.07,0.07,0,0.07,0.2,0.2,0.4,0.6,0.01,0.03,0.04,0.01,0.04,"https://fbref.com/en/players/1ef37668/Erik-Pieters"
2021,"Burnley","Premier League","Nick Pope","ENG","GK","28",1992,32,32,2880,32,0,0,0,0,0,0,1,0,0,1,0,0,0,0,0,0,0,0,0.1,0.1,0,0,0,0,0,"https://fbref.com/en/players/4b40d9ca/Nick-Pope"
2021,"Burnley","Premier League","Lewis Richardson","ENG","FW,MF","17",2003,2,0,4,0,0,0,0,0,0,0,0,0,1,0,1,0,0,0,0,0,0,0,0,0,0,0,0,0,0,"https://fbref.com/en/players/4fa62ae4/Lewis-Richardson"
2021,"Burnley","Premier League","Jay Rodriguez","ENG","FW","31",1989,31,12,1265,14.1,1,2,3,1,0,0,3,0,16,23,79,0.07,0.14,0.21,0.07,0.21,3,3,1.1,4.1,0.22,0.08,0.29,0.22,0.29,"https://fbref.com/en/players/4ab53cdb/Jay-Rodriguez"
2021,"Burnley","Premier League","Dale Stephens","ENG","MF","31",1989,7,3,261,2.9,0,0,0,0,0,0,1,0,2,11,1,0,0,0,0,0,0.2,0.2,0,0.2,0.06,0,0.06,0.06,0.06,"https://fbref.com/en/players/653ee42d/Dale-Stephens"
2021,"Burnley","Premier League","James Tarkowski","ENG","DF","27",1992,36,36,3240,36,1,0,1,1,0,0,6,0,4,83,13,0.03,0,0.03,0.03,0.03,3.4,3.4,1.2,4.5,0.09,0.03,0.13,0.09,0.13,"https://fbref.com/en/players/15ea812b/James-Tarkowski"
2021,"Burnley","Premier League","Charlie Taylor","ENG","DF","26",1993,29,28,2426,27,0,1,1,0,0,0,1,0,62,73,68,0,0.04,0.04,0,0.04,0.1,0.1,1.4,1.5,0,0.05,0.06,0,0.06,"https://fbref.com/en/players/cc2d7ad5/Charlie-Taylor"
2021,"Burnley","Premier League","Matěj Vydra","CZE","FW","28",1992,28,15,1371,15.2,3,2,5,3,0,0,0,0,19,19,112,0.2,0.13,0.33,0.2,0.33,5.2,5.2,1.8,7,0.34,0.12,0.46,0.34,0.46,"https://fbref.com/en/players/0d4ceb32/Matej-Vydra"
2021,"Burnley","Premier League","Ashley Westwood","ENG","MF","30",1990,38,38,3410,37.9,3,3,6,3,0,0,7,0,21,231,39,0.08,0.08,0.16,0.08,0.16,1.2,1.2,6.8,8,0.03,0.18,0.21,0.03,0.21,"https://fbref.com/en/players/495945ef/Ashley-Westwood"
2021,"Burnley","Premier League","Chris Wood","NZL","FW","28",1991,33,32,2741,30.5,12,3,15,10,2,2,0,0,17,20,217,0.39,0.1,0.49,0.33,0.43,13,11.4,1.9,13.4,0.43,0.06,0.49,0.38,0.44,"https://fbref.com/en/players/4e9a0555/Chris-Wood"
2021,"Chelsea","Premier League","Tammy Abraham","ENG","FW","22",1997,22,12,1040,11.6,6,1,7,6,0,0,0,0,12,11,66,0.52,0.09,0.61,0.52,0.61,5.9,5.9,0.7,6.6,0.51,0.06,0.57,0.51,0.57,"https://fbref.com/en/players/f586779e/Tammy-Abraham"
2021,"Chelsea","Premier League","Marcos Alonso","ESP","DF","29",1990,13,11,960,10.7,2,0,2,2,0,0,2,0,24,42,74,0.19,0,0.19,0.19,0.19,1.8,1.8,1.3,3.2,0.17,0.13,0.3,0.17,0.3,"https://fbref.com/en/players/f4290206/Marcos-Alonso"
2021,"Chelsea","Premier League","Kepa Arrizabalaga","ESP","GK","25",1994,7,6,585,6.5,0,0,0,0,0,0,1,0,0,2,0,0,0,0,0,0,0,0,0,0,0,0,0,0,0,"https://fbref.com/en/players/28d596a0/Kepa-Arrizabalaga"
2021,"Chelsea","Premier League","César Azpilicueta","ESP","DF","30",1989,26,24,2188,24.3,1,2,3,1,0,0,5,1,37,135,83,0.04,0.08,0.12,0.04,0.12,0.7,0.7,2.5,3.2,0.03,0.1,0.13,0.03,0.13,"https://fbref.com/en/players/53cad200/Cesar-Azpilicueta"
2021,"Chelsea","Premier League","Ross Barkley","ENG","FW,MF","26",1993,2,0,42,0.5,0,0,0,0,0,0,0,0,2,2,1,0,0,0,0,0,0,0,0.1,0.1,0.05,0.19,0.24,0.05,0.24,"https://fbref.com/en/players/3a24769f/Ross-Barkley"
2021,"Chelsea","Premier League","Willy Caballero","ARG","GK","38",1981,1,1,90,1,0,0,0,0,0,0,0,0,0,0,0,0,0,0,0,0,0,0,0,0,0,0,0,0,0,"https://fbref.com/en/players/a179d516/Willy-Caballero"
2021,"Chelsea","Premier League","Ben Chilwell","ENG","DF","23",1996,27,27,2286,25.4,3,5,8,3,0,0,3,0,94,111,186,0.12,0.2,0.31,0.12,0.31,2.4,2.4,2.4,4.9,0.1,0.1,0.19,0.1,0.19,"https://fbref.com/en/players/d2424d1b/Ben-Chilwell"
2021,"Chelsea","Premier League","Andreas Christensen","DEN","DF","24",1996,17,15,1371,15.2,0,0,0,0,0,0,2,1,7,43,1,0,0,0,0,0,0.1,0.1,0.3,0.4,0.01,0.02,0.03,0.01,0.03,"https://fbref.com/en/players/1cb49278/Andreas-Christensen"
2021,"Chelsea","Premier League","Billy Gilmour","SCO","MF","19",2001,5,3,261,2.9,0,0,0,0,0,0,0,0,3,18,1,0,0,0,0,0,0.1,0.1,0.2,0.2,0.02,0.06,0.07,0.02,0.07,"https://fbref.com/en/players/df10e27c/Billy-Gilmour"
2021,"Chelsea","Premier League","Olivier Giroud","FRA","FW","33",1986,17,8,748,8.3,4,0,4,4,0,0,1,0,0,5,40,0.48,0,0.48,0.48,0.48,4.2,4.2,1.1,5.3,0.51,0.13,0.64,0.51,0.64,"https://fbref.com/en/players/16ceb862/Olivier-Giroud"
2021,"Chelsea","Premier League","Kai Havertz","GER","MF,FW","21",1999,27,18,1520,16.9,4,3,7,4,0,0,2,0,47,74,133,0.24,0.18,0.41,0.24,0.41,5.5,5.5,1.3,6.8,0.33,0.08,0.4,0.33,0.4,"https://fbref.com/en/players/fed7cb61/Kai-Havertz"
2021,"Chelsea","Premier League","Callum Hudson-Odoi","ENG","FW,DF","19",2000,23,10,1059,11.8,2,3,5,2,0,0,0,0,89,75,155,0.17,0.25,0.42,0.17,0.42,1.3,1.3,2.8,4.1,0.11,0.24,0.35,0.11,0.35,"https://fbref.com/en/players/15f3ec41/Callum-Hudson-Odoi"
2021,"Chelsea","Premier League","Reece James","ENG","DF","20",1999,32,25,2373,26.4,1,2,3,1,0,0,3,0,80,128,204,0.04,0.08,0.11,0.04,0.11,1.6,1.6,3.5,5.1,0.06,0.13,0.19,0.06,0.19,"https://fbref.com/en/players/1265a93a/Reece-James"
2021,"Chelsea","Premier League","Jorginho","ITA","MF","28",1991,28,23,2010,22.3,7,1,8,0,7,9,2,0,16,145,14,0.31,0.04,0.36,0,0.04,7.3,0.2,1.7,1.8,0.33,0.07,0.4,0.01,0.08,"https://fbref.com/en/players/45db685d/Jorginho"
2021,"Chelsea","Premier League","N'Golo Kanté","FRA","MF","29",1991,30,24,2146,23.8,0,2,2,0,0,0,7,0,38,116,39,0,0.08,0.08,0,0.08,0.6,0.6,1.3,1.9,0.03,0.05,0.08,0.03,0.08,"https://fbref.com/en/players/b9fbae28/NGolo-Kante"
2021,"Chelsea","Premier League","Mateo Kovačić","CRO","MF","26",1994,27,21,1815,20.2,0,1,1,0,0,0,4,0,51,189,37,0,0.05,0.05,0,0.05,1,1,1.7,2.7,0.05,0.08,0.13,0.05,0.13,"https://fbref.com/en/players/79c0821a/Mateo-Kovacic"
2021,"Chelsea","Premier League","Ruben Loftus-Cheek","ENG","FW","24",1996,1,1,60,0.7,0,0,0,0,0,0,0,0,1,0,2,0,0,0,0,0,0,0,0,0,0,0,0,0,0,"https://fbref.com/en/players/e97fd090/Ruben-Loftus-Cheek"
2021,"Chelsea","Premier League","Edouard Mendy","SEN","GK","28",1992,31,31,2745,30.5,0,0,0,0,0,0,2,0,0,0,0,0,0,0,0,0,0,0,0,0,0,0,0,0,0,"https://fbref.com/en/players/33887998/Edouard-Mendy"
2021,"Chelsea","Premier League","Mason Mount","ENG","MF","21",1999,36,32,2890,32.1,6,5,11,5,1,1,2,0,131,233,225,0.19,0.16,0.34,0.16,0.31,6.3,5.5,8.2,13.7,0.2,0.26,0.45,0.17,0.43,"https://fbref.com/en/players/9674002f/Mason-Mount"
2021,"Chelsea","Premier League","Emerson Palmieri","ITA","DF","25",1994,2,0,90,1,0,0,0,0,0,0,0,0,3,0,5,0,0,0,0,0,0,0,0,0,0,0,0,0,0,"https://fbref.com/en/players/e0bc6fdc/Emerson-Palmieri"
2021,"Chelsea","Premier League","Christian Pulisic","USA","FW,MF","21",1998,27,18,1738,19.3,4,2,6,4,0,0,2,0,86,82,160,0.21,0.1,0.31,0.21,0.31,6.1,6.1,2.8,8.9,0.32,0.15,0.46,0.32,0.46,"https://fbref.com/en/players/1bf33a9a/Christian-Pulisic"
2021,"Chelsea","Premier League","Antonio Rüdiger","GER","DF","27",1993,19,19,1710,19,1,0,1,1,0,0,0,0,24,71,6,0.05,0,0.05,0.05,0.05,1.3,1.3,0.4,1.7,0.07,0.02,0.09,0.07,0.09,"https://fbref.com/en/players/18b896d6/Antonio-Rudiger"
2021,"Chelsea","Premier League","Thiago Silva","BRA","DF","35",1984,23,23,1935,21.5,2,0,2,2,0,0,5,1,6,82,1,0.09,0,0.09,0.09,0.09,1.7,1.7,0.3,2,0.08,0.01,0.09,0.08,0.09,"https://fbref.com/en/players/86e7deaf/Thiago-Silva"
2021,"Chelsea","Premier League","Fikayo Tomori","ENG","DF","22",1997,1,0,45,0.5,0,0,0,0,0,0,0,0,0,0,0,0,0,0,0,0,0,0,0,0,0,0,0,0,0,"https://fbref.com/en/players/7edfbb8a/Fikayo-Tomori"
2021,"Chelsea","Premier League","Timo Werner","GER","FW,MF","24",1996,35,29,2602,28.9,6,8,14,6,0,0,2,0,103,69,238,0.21,0.28,0.48,0.21,0.48,11.4,11.4,5.6,17,0.39,0.19,0.59,0.39,0.59,"https://fbref.com/en/players/49fe9070/Timo-Werner"
2021,"Chelsea","Premier League","Hakim Ziyech","MAR","MF,FW","27",1993,23,15,1172,13,2,3,5,2,0,0,3,0,27,91,108,0.15,0.23,0.38,0.15,0.38,1.9,1.9,3.6,5.5,0.15,0.28,0.42,0.15,0.42,"https://fbref.com/en/players/6622454d/Hakim-Ziyech"
2021,"Chelsea","Premier League","Kurt Zouma","FRA","DF","25",1994,24,22,2029,22.5,5,0,5,5,0,0,3,0,14,74,8,0.22,0,0.22,0.22,0.22,2,2,0.1,2.1,0.09,0,0.09,0.09,0.09,"https://fbref.com/en/players/ce4246f5/Kurt-Zouma"
2021,"Crystal Palace","Premier League","Patrick van Aanholt","NED","DF","29",1990,22,20,1777,19.7,0,1,1,0,0,0,2,0,38,103,87,0,0.05,0.05,0,0.05,1.4,1.4,0.7,2.1,0.07,0.04,0.11,0.07,0.11,"https://fbref.com/en/players/5f09991f/Patrick-van-Aanholt"
2021,"Crystal Palace","Premier League","Jordan Ayew","GHA","FW,MF","28",1991,33,23,2096,23.3,1,3,4,1,0,0,4,0,58,35,109,0.04,0.13,0.17,0.04,0.17,2.2,2.2,0.7,2.9,0.09,0.03,0.13,0.09,0.13,"https://fbref.com/en/players/da052c14/Jordan-Ayew"
2021,"Crystal Palace","Premier League","Michy Batshuayi","BEL","FW","26",1993,18,7,728,8.1,2,1,3,2,0,0,0,0,16,13,44,0.25,0.12,0.37,0.25,0.37,1.6,1.6,1.6,3.2,0.19,0.2,0.4,0.19,0.4,"https://fbref.com/en/players/2973d8ff/Michy-Batshuayi"
2021,"Crystal Palace","Premier League","Christian Benteke","BEL","FW","29",1990,30,21,1816,20.2,10,1,11,10,0,0,3,1,14,36,124,0.5,0.05,0.55,0.5,0.55,8.3,8.3,0.9,9.1,0.41,0.04,0.45,0.41,0.45,"https://fbref.com/en/players/ab070c55/Christian-Benteke"
2021,"Crystal Palace","Premier League","Jack Butland","ENG","GK","27",1993,1,1,90,1,0,0,0,0,0,0,0,0,0,0,0,0,0,0,0,0,0,0,0,0,0,0,0,0,0,"https://fbref.com/en/players/cc70a1d5/Jack-Butland"
2021,"Crystal Palace","Premier League","Gary Cahill","ENG","DF","34",1985,20,20,1800,20,1,1,2,1,0,0,3,0,3,46,0,0.05,0.05,0.1,0.05,0.1,0.7,0.7,0.6,1.4,0.04,0.03,0.07,0.04,0.07,"https://fbref.com/en/players/7914b9fe/Gary-Cahill"
2021,"Crystal Palace","Premier League","Nathaniel Clyne","ENG","DF","29",1991,13,13,1145,12.7,0,1,1,0,0,0,2,0,18,42,20,0,0.08,0.08,0,0.08,0.2,0.2,0.2,0.4,0.01,0.02,0.03,0.01,0.03,"https://fbref.com/en/players/0442183b/Nathaniel-Clyne"
2021,"Crystal Palace","Premier League","Scott Dann","ENG","DF","33",1987,15,15,1350,15,1,0,1,1,0,0,1,0,2,34,0,0.07,0,0.07,0.07,0.07,0.3,0.3,0,0.3,0.02,0,0.02,0.02,0.02,"https://fbref.com/en/players/52105203/Scott-Dann"
2021,"Crystal Palace","Premier League","Eberechi Eze","ENG","MF","22",1998,34,29,2559,28.4,4,6,10,4,0,0,3,0,79,127,126,0.14,0.21,0.35,0.14,0.35,2.2,2.2,3.9,6.1,0.08,0.14,0.21,0.08,0.21,"https://fbref.com/en/players/ae4fc6a4/Eberechi-Eze"
2021,"Crystal Palace","Premier League","Vicente Guaita","ESP","GK","33",1987,37,37,3330,37,0,0,0,0,0,0,2,0,0,0,0,0,0,0,0,0,0,0,0,0,0,0,0,0,0,"https://fbref.com/en/players/ab13a5aa/Vicente-Guaita"
2021,"Crystal Palace","Premier League","Martin Kelly","ENG","DF","30",1990,1,0,2,0,0,0,0,0,0,0,0,0,0,0,0,0,0,0,0,0,0,0,0,0,0,0,0,0,0,"https://fbref.com/en/players/d7492450/Martin-Kelly"
2021,"Crystal Palace","Premier League","Cheikhou Kouyaté","SEN","DF","30",1989,36,35,3121,34.7,1,0,1,1,0,0,4,0,6,32,11,0.03,0,0.03,0.03,0.03,0.7,0.7,1,1.6,0.02,0.03,0.05,0.02,0.05,"https://fbref.com/en/players/8d3c902d/Cheikhou-Kouyate"
2021,"Crystal Palace","Premier League","Jean-Philippe Mateta","FRA","FW","23",1997,7,2,221,2.5,1,0,1,1,0,0,0,0,2,3,11,0.41,0,0.41,0.41,0.41,0.3,0.3,0,0.3,0.13,0.01,0.14,0.13,0.14,"https://fbref.com/en/players/50e6dc35/Jean-Philippe-Mateta"
2021,"Crystal Palace","Premier League","James McArthur","SCO","MF","32",1987,18,17,1466,16.3,0,2,2,0,0,0,3,0,15,80,29,0,0.12,0.12,0,0.12,0.3,0.3,1.2,1.5,0.02,0.07,0.09,0.02,0.09,"https://fbref.com/en/players/cee31595/James-McArthur"
2021,"Crystal Palace","Premier League","James McCarthy","IRL","MF","29",1990,16,10,821,9.1,0,0,0,0,0,0,1,0,1,28,4,0,0,0,0,0,0,0,0.3,0.3,0,0.03,0.04,0,0.04,"https://fbref.com/en/players/64b08de7/James-McCarthy"
2021,"Crystal Palace","Premier League","Luka Milivojević","SRB","MF","29",1991,31,27,2359,26.2,1,1,2,0,1,2,8,1,12,120,11,0.04,0.04,0.08,0,0.04,2.4,0.8,1.7,2.5,0.09,0.07,0.16,0.03,0.1,"https://fbref.com/en/players/2ce2508a/Luka-Milivojevic"
2021,"Crystal Palace","Premier League","Tyrick Mitchell","ENG","DF","20",1999,19,19,1710,19,1,1,2,1,0,0,1,0,15,77,30,0.05,0.05,0.11,0.05,0.11,0.8,0.8,0.2,1.1,0.04,0.01,0.06,0.04,0.06,"https://fbref.com/en/players/5cbd1eb0/Tyrick-Mitchell"
2021,"Crystal Palace","Premier League","Jaïro Riedewald","NED","MF","23",1996,33,19,1820,20.2,2,0,2,2,0,0,4,0,15,73,23,0.1,0,0.1,0.1,0.1,0.6,0.6,0.8,1.3,0.03,0.04,0.07,0.03,0.07,"https://fbref.com/en/players/7a1f2c08/Jairo-Riedewald"
2021,"Crystal Palace","Premier League","Mamadou Sakho","FRA","DF","30",1990,4,3,276,3.1,0,0,0,0,0,0,0,0,0,4,2,0,0,0,0,0,0.1,0.1,0,0.1,0.02,0,0.02,0.02,0.02,"https://fbref.com/en/players/87935cf3/Mamadou-Sakho"
2021,"Crystal Palace","Premier League","Jeffrey Schlupp","GHA","MF","27",1992,27,15,1428,15.9,2,3,5,2,0,0,3,0,37,44,75,0.13,0.19,0.32,0.13,0.32,1.9,1.9,2,4,0.12,0.13,0.25,0.12,0.25,"https://fbref.com/en/players/3312f911/Jeffrey-Schlupp"
2021,"Crystal Palace","Premier League","James Tomkins","ENG","DF","31",1989,8,6,553,6.1,0,0,0,0,0,0,1,0,0,5,1,0,0,0,0,0,0.2,0.2,0.3,0.5,0.03,0.05,0.08,0.03,0.08,"https://fbref.com/en/players/e7ca0439/James-Tomkins"
2021,"Crystal Palace","Premier League","Andros Townsend","ENG","MF,FW","29",1991,34,25,2258,25.1,1,5,6,1,0,0,0,0,72,75,112,0.04,0.2,0.24,0.04,0.24,2.3,2.3,4,6.2,0.09,0.16,0.25,0.09,0.25,"https://fbref.com/en/players/b28bbd58/Andros-Townsend"
2021,"Crystal Palace","Premier League","Joel Ward","ENG","DF","30",1989,26,25,2256,25.1,0,1,1,0,0,0,5,0,20,83,35,0,0.04,0.04,0,0.04,0.1,0.1,0.6,0.6,0,0.02,0.02,0,0.02,"https://fbref.com/en/players/8a7ff278/Joel-Ward"
2021,"Crystal Palace","Premier League","Wilfried Zaha","CIV","FW","27",1992,30,29,2612,29,11,2,13,9,2,2,6,0,103,72,259,0.38,0.07,0.45,0.31,0.38,8.1,6.5,3.1,9.6,0.28,0.11,0.39,0.22,0.33,"https://fbref.com/en/players/b2bc3b1f/Wilfried-Zaha"
2021,"Everton","Premier League","Allan","BRA","MF","29",1991,24,23,2051,22.8,0,0,0,0,0,0,6,0,30,92,8,0,0,0,0,0,0.3,0.3,0.8,1.1,0.01,0.03,0.05,0.01,0.05,"https://fbref.com/en/players/cc700722/Allan"
2021,"Everton","Premier League","Bernard","BRA","MF,FW","27",1992,12,3,455,5.1,1,0,1,1,0,0,2,0,13,37,42,0.2,0,0.2,0.2,0.2,0.3,0.3,0.6,0.8,0.05,0.11,0.16,0.05,0.16,"https://fbref.com/en/players/ab4b3e35/Bernard"
2021,"Everton","Premier League","Nathan Broadhead","WAL","FW","22",1998,1,0,3,0,0,0,0,0,0,0,0,0,0,0,0,0,0,0,0,0,0,0,0,0,0,0,0,0,0,"https://fbref.com/en/players/43309491/Nathan-Broadhead"
2021,"Everton","Premier League","Dominic Calvert-Lewin","ENG","FW","23",1997,33,32,2871,31.9,16,0,16,16,0,0,3,0,36,46,160,0.5,0,0.5,0.5,0.5,16.3,16.3,2,18.3,0.51,0.06,0.57,0.51,0.57,"https://fbref.com/en/players/59e6e5bf/Dominic-Calvert-Lewin"
2021,"Everton","Premier League","Séamus Coleman","IRL","DF,MF","31",1988,25,18,1613,17.9,0,3,3,0,0,0,0,0,31,49,90,0,0.17,0.17,0,0.17,0.9,0.9,1.8,2.7,0.05,0.1,0.15,0.05,0.15,"https://fbref.com/en/players/0420d84f/Seamus-Coleman"
2021,"Everton","Premier League","Tom Davies","ENG","MF","22",1998,25,17,1423,15.8,0,1,1,0,0,0,3,0,11,49,17,0,0.06,0.06,0,0.06,0.2,0.2,0.9,1.1,0.01,0.06,0.07,0.01,0.07,"https://fbref.com/en/players/9228b07c/Tom-Davies"
2021,"Everton","Premier League","Fabian Delph","ENG","MF,DF","30",1989,8,2,266,3,0,0,0,0,0,0,1,0,2,11,4,0,0,0,0,0,0,0,0.1,0.1,0.01,0.02,0.03,0.01,0.03,"https://fbref.com/en/players/111c3236/Fabian-Delph"
2021,"Everton","Premier League","Lucas Digne","FRA","DF,MF","27",1993,30,30,2681,29.8,0,7,7,0,0,0,2,1,59,98,197,0,0.23,0.23,0,0.23,0.5,0.5,5.2,5.7,0.02,0.17,0.19,0.02,0.19,"https://fbref.com/en/players/1b84dbe1/Lucas-Digne"
2021,"Everton","Premier League","Abdoulaye Doucouré","MLI","MF","27",1993,29,29,2443,27.1,2,3,5,2,0,0,6,0,34,104,70,0.07,0.11,0.18,0.07,0.18,2.3,2.3,2,4.3,0.09,0.07,0.16,0.09,0.16,"https://fbref.com/en/players/02b29014/Abdoulaye-Doucoure"
2021,"Everton","Premier League","Jean-Philippe Gbamin","CIV","MF","24",1995,1,0,12,0.1,0,0,0,0,0,0,0,0,0,2,0,0,0,0,0,0,0,0,0,0,0,0,0,0,0,"https://fbref.com/en/players/6bd603db/Jean-Philippe-Gbamin"
2021,"Everton","Premier League","Ben Godfrey","ENG","DF","22",1998,31,29,2685,29.8,0,2,2,0,0,0,4,0,46,63,10,0,0.07,0.07,0,0.07,1,1,0.8,1.8,0.03,0.03,0.06,0.03,0.06,"https://fbref.com/en/players/9f7c837d/Ben-Godfrey"
2021,"Everton","Premier League","André Gomes","POR","MF","27",1993,28,17,1570,17.4,0,1,1,0,0,0,3,0,30,103,28,0,0.06,0.06,0,0.06,0.5,0.5,1,1.4,0.03,0.06,0.08,0.03,0.08,"https://fbref.com/en/players/1961b2aa/Andre-Gomes"
2021,"Everton","Premier League","Anthony Gordon","ENG","FW,MF","19",2001,3,1,88,1,0,0,0,0,0,0,0,0,3,2,5,0,0,0,0,0,0,0,0,0,0,0.03,0.03,0,0.03,"https://fbref.com/en/players/2bd83368/Anthony-Gordon"
2021,"Everton","Premier League","Mason Holgate","ENG","DF","23",1996,28,26,2287,25.4,1,0,1,1,0,0,9,0,21,57,36,0.04,0,0.04,0.04,0.04,1,1,0.7,1.7,0.04,0.03,0.07,0.04,0.07,"https://fbref.com/en/players/d0042ab9/Mason-Holgate"
2021,"Everton","Premier League","Alex Iwobi","NGA","FW,MF","24",1996,30,17,1542,17.1,1,2,3,1,0,0,0,0,72,65,99,0.06,0.12,0.18,0.06,0.18,0.9,0.9,1.9,2.8,0.05,0.11,0.16,0.05,0.16,"https://fbref.com/en/players/6ca5ec4b/Alex-Iwobi"
2021,"Everton","Premier League","Moise Kean","ITA","FW,MF","20",2000,2,0,15,0.2,0,0,0,0,0,0,0,0,4,0,5,0,0,0,0,0,0,0,0,0,0.28,0,0.28,0.28,0.28,"https://fbref.com/en/players/3d50bcdb/Moise-Kean"
2021,"Everton","Premier League","Michael Keane","ENG","DF","27",1993,35,33,2991,33.2,3,1,4,3,0,0,4,0,14,78,3,0.09,0.03,0.12,0.09,0.12,1.5,1.5,1.1,2.6,0.05,0.03,0.08,0.05,0.08,"https://fbref.com/en/players/c5b7c315/Michael-Keane"
2021,"Everton","Premier League","Jonjoe Kenny","ENG","DF","23",1997,4,1,79,0.9,0,0,0,0,0,0,0,0,2,1,7,0,0,0,0,0,0,0,0,0,0,0,0,0,0,"https://fbref.com/en/players/099e666f/Jonjoe-Kenny"
2021,"Everton","Premier League","Joshua King","NOR","MF,FW","28",1992,11,0,148,1.6,0,0,0,0,0,0,0,0,9,5,20,0,0,0,0,0,0.6,0.6,0,0.6,0.37,0,0.37,0.37,0.37,"https://fbref.com/en/players/43458538/Joshua-King"
2021,"Everton","Premier League","Yerry Mina","COL","DF","25",1994,24,23,1937,21.5,2,0,2,2,0,0,2,0,9,48,2,0.09,0,0.09,0.09,0.09,1.6,1.6,0,1.6,0.07,0,0.08,0.07,0.08,"https://fbref.com/en/players/6d5701f2/Yerry-Mina"
2021,"Everton","Premier League","Niels Nkounkou","FRA","DF,FW","19",2000,2,1,81,0.9,0,0,0,0,0,0,1,0,4,2,8,0,0,0,0,0,0,0,0,0,0.03,0,0.03,0.03,0.03,"https://fbref.com/en/players/f5b281e7/Niels-Nkounkou"
2021,"Everton","Premier League","Robin Olsen","SWE","GK","30",1990,7,7,630,7,0,0,0,0,0,0,1,0,0,0,0,0,0,0,0,0,0,0,0,0,0,0,0,0,0,"https://fbref.com/en/players/e7ee38c3/Robin-Olsen"
2021,"Everton","Premier League","Jordan Pickford","ENG","GK","26",1994,31,31,2742,30.5,0,0,0,0,0,0,1,0,0,0,0,0,0,0,0,0,0,0,0,0,0,0,0,0,0,"https://fbref.com/en/players/4806ec67/Jordan-Pickford"
2021,"Everton","Premier League","Richarlison","BRA","FW","23",1997,34,33,2861,31.8,7,3,10,6,1,1,4,1,113,58,195,0.22,0.09,0.31,0.19,0.28,9.7,8.8,3.3,12.1,0.31,0.1,0.41,0.28,0.38,"https://fbref.com/en/players/fa031b34/Richarlison"
2021,"Everton","Premier League","James Rodríguez","COL","FW,MF","29",1991,23,21,1764,19.6,6,4,10,6,0,0,4,0,36,133,89,0.31,0.2,0.51,0.31,0.51,2.8,2.8,4.8,7.6,0.14,0.25,0.39,0.14,0.39,"https://fbref.com/en/players/715bf047/James-Rodriguez"
2021,"Everton","Premier League","Gylfi Sigurðsson","ISL","MF,FW","30",1989,36,24,2253,25,6,5,11,3,3,4,2,0,24,81,78,0.24,0.2,0.44,0.12,0.32,6.5,3.4,3.8,7.2,0.26,0.15,0.41,0.13,0.29,"https://fbref.com/en/players/76dd1480/Gylfi-Sigurdsson"
2021,"Everton","Premier League","Cenk Tosun","TUR","FW","29",1991,5,0,48,0.5,0,0,0,0,0,0,1,0,0,0,4,0,0,0,0,0,0,0,0.1,0.1,0,0.12,0.12,0,0.12,"https://fbref.com/en/players/9a104dee/Cenk-Tosun"
2021,"Everton","Premier League","João Virgínia","POR","GK","20",1999,1,0,48,0.5,0,0,0,0,0,0,0,0,0,0,0,0,0,0,0,0,0,0,0,0,0,0,0,0,0,"https://fbref.com/en/players/728e9b2e/Joao-Virginia"
2021,"Everton","Premier League","Theo Walcott","ENG","FW","31",1989,1,0,13,0.1,0,0,0,0,0,0,0,0,1,0,0,0,0,0,0,0,0,0,0,0,0,0,0,0,0,"https://fbref.com/en/players/1ecb65be/Theo-Walcott"
2021,"Fulham","Premier League","Tosin Adarabioyo","ENG","DF","22",1997,33,33,2953,32.8,0,0,0,0,0,0,1,0,5,75,3,0,0,0,0,0,1.1,1.1,0.3,1.4,0.03,0.01,0.04,0.03,0.04,"https://fbref.com/en/players/c81d773d/Tosin-Adarabioyo"
2021,"Fulham","Premier League","Ola Aina","NGA","DF","23",1996,31,31,2664,29.6,2,1,3,2,0,0,3,0,63,106,50,0.07,0.03,0.1,0.07,0.1,1.2,1.2,1.5,2.8,0.04,0.05,0.09,0.04,0.09,"https://fbref.com/en/players/246d153b/Ola-Aina"
2021,"Fulham","Premier League","Joachim Andersen","DEN","DF","24",1996,31,30,2730,30.3,1,1,2,1,0,0,7,1,20,95,7,0.03,0.03,0.07,0.03,0.07,1.2,1.2,0.4,1.7,0.04,0.01,0.05,0.04,0.05,"https://fbref.com/en/players/e34fc66d/Joachim-Andersen"
2021,"Fulham","Premier League","Alphonse Areola","FRA","GK","27",1993,36,36,3240,36,0,0,0,0,0,0,2,0,0,0,0,0,0,0,0,0,0,0,0,0,0,0,0,0,0,"https://fbref.com/en/players/2f965a72/Alphonse-Areola"
2021,"Fulham","Premier League","Joe Bryan","ENG","DF,MF","26",1993,16,7,669,7.4,1,0,1,1,0,0,2,0,13,31,33,0.13,0,0.13,0.13,0.13,0.6,0.6,0.3,0.9,0.07,0.04,0.12,0.07,0.12,"https://fbref.com/en/players/af69e7f0/Joe-Bryan"
2021,"Fulham","Premier League","Tom Cairney","SCO","MF","29",1991,10,9,759,8.4,1,1,2,1,0,0,2,0,22,72,25,0.12,0.12,0.24,0.12,0.24,0.5,0.5,1.1,1.6,0.06,0.13,0.19,0.06,0.19,"https://fbref.com/en/players/a8748947/Tom-Cairney"
2021,"Fulham","Premier League","Fabio Carvalho","POR","MF,FW","17",2002,4,3,255,2.8,1,0,1,1,0,0,0,0,10,6,14,0.35,0,0.35,0.35,0.35,1.2,1.2,0.4,1.6,0.41,0.15,0.56,0.41,0.56,"https://fbref.com/en/players/966e28d0/Fabio-Carvalho"
2021,"Fulham","Premier League","Ivan Cavaleiro","POR","FW","26",1993,36,27,2472,27.5,3,0,3,2,1,2,2,0,68,63,230,0.11,0,0.11,0.07,0.07,6.4,4.8,2.7,7.5,0.23,0.1,0.33,0.17,0.27,"https://fbref.com/en/players/979b811d/Ivan-Cavaleiro"
2021,"Fulham","Premier League","Tyrese Francois","AUS","DF","20",2000,1,0,15,0.2,0,0,0,0,0,0,0,0,2,1,2,0,0,0,0,0,0,0,0,0,0,0,0,0,0,"https://fbref.com/en/players/6722d4f0/Tyrese-Francois"
2021,"Fulham","Premier League","Michael Hector","JAM","DF","28",1992,4,3,263,2.9,0,0,0,0,0,0,2,0,0,12,0,0,0,0,0,0,0.1,0.1,0,0.1,0.02,0.01,0.03,0.02,0.03,"https://fbref.com/en/players/5f1a2f31/Michael-Hector"
2021,"Fulham","Premier League","Aboubakar Kamara","MTN","FW,MF","25",1995,11,2,315,3.5,0,0,0,0,0,0,1,1,11,6,30,0,0,0,0,0,0.5,0.5,0.3,0.9,0.16,0.09,0.25,0.16,0.25,"https://fbref.com/en/players/4047c976/Aboubakar-Kamara"
2021,"Fulham","Premier League","Neeskens Kebano","COD","FW,MF","28",1992,5,1,119,1.3,0,0,0,0,0,0,0,0,7,1,15,0,0,0,0,0,0.3,0.3,0,0.3,0.2,0.01,0.21,0.2,0.21,"https://fbref.com/en/players/18b999f4/Neeskens-Kebano"
2021,"Fulham","Premier League","Terence Kongolo","NED","DF","26",1994,1,1,90,1,0,0,0,0,0,0,0,0,0,3,1,0,0,0,0,0,0,0,0,0,0,0,0,0,0,"https://fbref.com/en/players/1f9a3a04/Terence-Kongolo"
2021,"Fulham","Premier League","Maxime Le Marchand","FRA","DF","30",1989,2,1,123,1.4,0,0,0,0,0,0,2,0,0,8,0,0,0,0,0,0,0,0,0,0,0.01,0,0.01,0.01,0.01,"https://fbref.com/en/players/321a71a7/Maxime-Le-Marchand"
2021,"Fulham","Premier League","Mario Lemina","GAB","MF","26",1993,28,19,1703,18.9,1,0,1,1,0,0,5,0,19,78,15,0.05,0,0.05,0.05,0.05,0.7,0.7,0.8,1.5,0.04,0.04,0.08,0.04,0.08,"https://fbref.com/en/players/2b471f99/Mario-Lemina"
2021,"Fulham","Premier League","Ruben Loftus-Cheek","ENG","MF,FW","24",1996,30,21,1909,21.2,1,0,1,1,0,0,3,0,57,82,97,0.05,0,0.05,0.05,0.05,3.4,3.4,1.2,4.6,0.16,0.06,0.22,0.16,0.22,"https://fbref.com/en/players/e97fd090/Ruben-Loftus-Cheek"
2021,"Fulham","Premier League","Ademola Lookman","NGA","FW,MF","22",1997,34,31,2747,30.5,4,4,8,4,0,1,5,0,110,110,236,0.13,0.13,0.26,0.13,0.26,6.3,5.5,5.2,10.7,0.21,0.17,0.37,0.18,0.35,"https://fbref.com/en/players/7c104bb7/Ademola-Lookman"
2021,"Fulham","Premier League","Josh Maja","NGA","FW","21",1998,15,9,810,9,3,0,3,2,1,1,0,0,5,15,33,0.33,0,0.33,0.22,0.22,4.5,3.7,0.5,4.2,0.5,0.05,0.55,0.41,0.47,"https://fbref.com/en/players/bc0bfc64/Josh-Maja"
2021,"Fulham","Premier League","Aleksandar Mitrović","SRB","FW","25",1994,27,13,1402,15.6,3,3,6,2,1,2,3,0,10,27,88,0.19,0.19,0.39,0.13,0.32,6.2,4.6,2.7,7.3,0.4,0.18,0.57,0.29,0.47,"https://fbref.com/en/players/3925dbd6/Aleksandar-Mitrovic"
2021,"Fulham","Premier League","Denis Odoi","GHA","DF","32",1988,3,3,270,3,0,0,0,0,0,0,1,0,5,10,5,0,0,0,0,0,0.1,0.1,0.1,0.1,0.02,0.02,0.04,0.02,0.04,"https://fbref.com/en/players/f7750aa0/Denis-Odoi"
2021,"Fulham","Premier League","Josh Onomah","ENG","MF","23",1997,11,4,374,4.2,0,0,0,0,0,0,1,0,8,19,14,0,0,0,0,0,0.4,0.4,0,0.4,0.09,0.01,0.1,0.09,0.1,"https://fbref.com/en/players/6612cd8c/Josh-Onomah"
2021,"Fulham","Premier League","Tim Ream","USA","DF","32",1987,7,7,630,7,0,0,0,0,0,0,0,0,7,31,0,0,0,0,0,0,0,0,0,0,0,0,0,0,0,"https://fbref.com/en/players/28b40c9c/Tim-Ream"
2021,"Fulham","Premier League","Harrison Reed","ENG","MF","25",1995,31,26,2247,25,0,2,2,0,0,0,5,0,24,127,16,0,0.08,0.08,0,0.08,0.4,0.4,1.7,2.1,0.02,0.07,0.08,0.02,0.08,"https://fbref.com/en/players/803ae100/Harrison-Reed"
2021,"Fulham","Premier League","Bobby Reid","JAM","MF,FW","27",1993,33,28,2372,26.4,5,2,7,5,0,0,7,0,44,67,138,0.19,0.08,0.27,0.19,0.27,3.8,3.8,1.1,4.9,0.14,0.04,0.19,0.14,0.19,"https://fbref.com/en/players/0f7533cd/Bobby-Reid"
2021,"Fulham","Premier League","Antonee Robinson","USA","DF","22",1997,28,24,2162,24,0,0,0,0,0,0,4,1,98,82,145,0,0,0,0,0,0.4,0.4,1.9,2.3,0.02,0.08,0.1,0.02,0.1,"https://fbref.com/en/players/289601e6/Antonee-Robinson"
2021,"Fulham","Premier League","Marek Rodák","SVK","GK","23",1996,2,2,180,2,0,0,0,0,0,0,0,0,0,0,0,0,0,0,0,0,0,0,0,0,0,0,0,0,0,"https://fbref.com/en/players/17acc2ed/Marek-Rodak"
2021,"Fulham","Premier League","Kenny Tete","NED","DF,MF","24",1995,22,18,1481,16.5,0,1,1,0,0,0,3,0,38,71,73,0,0.06,0.06,0,0.06,0.3,0.3,1.4,1.7,0.02,0.09,0.1,0.02,0.1,"https://fbref.com/en/players/77d7c96f/Kenny-Tete"
2021,"Fulham","Premier League","Andre-Frank Zambo Anguissa","CMR","MF","24",1995,36,29,2587,28.7,0,3,3,0,0,0,6,0,81,156,68,0,0.1,0.1,0,0.1,1.6,1.6,2.5,4,0.05,0.09,0.14,0.05,0.14,"https://fbref.com/en/players/6bb2c084/Andre-Frank-Zambo-Anguissa"
2021,"Leeds United","Premier League","Ezgjan Alioski","MKD","DF,MF","28",1992,36,29,2461,27.3,2,3,5,2,0,0,7,0,77,132,122,0.07,0.11,0.18,0.07,0.18,1.6,1.6,3.3,4.9,0.06,0.12,0.18,0.06,0.18,"https://fbref.com/en/players/1a7fcf39/Ezgjan-Alioski"
2021,"Leeds United","Premier League","Luke Ayling","ENG","DF","28",1991,38,38,3399,37.8,0,0,0,0,0,0,7,0,110,224,110,0,0,0,0,0,1.7,1.7,3.2,4.9,0.05,0.08,0.13,0.05,0.13,"https://fbref.com/en/players/420d7c7d/Luke-Ayling"
2021,"Leeds United","Premier League","Patrick Bamford","ENG","FW","26",1993,38,37,3050,33.9,17,7,24,15,2,2,3,0,32,31,167,0.5,0.21,0.71,0.44,0.65,18.2,16.6,3.5,20.2,0.54,0.1,0.64,0.49,0.6,"https://fbref.com/en/players/93feac6e/Patrick-Bamford"
2021,"Leeds United","Premier League","Gaetano Berardi","SUI","DF","31",1988,2,1,113,1.3,0,0,0,0,0,0,0,0,0,2,1,0,0,0,0,0,0.1,0.1,0,0.1,0.09,0,0.09,0.09,0.09,"https://fbref.com/en/players/5348aada/Gaetano-Berardi"
2021,"Leeds United","Premier League","Ian Carlo Poveda","ENG","MF","20",2000,14,0,355,3.9,0,0,0,0,0,0,0,0,21,17,47,0,0,0,0,0,0.3,0.3,1.1,1.4,0.08,0.28,0.36,0.08,0.36,"https://fbref.com/en/players/55b4f1d6/Ian-Carlo-Poveda"
2021,"Leeds United","Premier League","Kiko Casilla","ESP","GK","33",1986,3,3,270,3,0,0,0,0,0,0,0,0,0,0,0,0,0,0,0,0,0,0,0,0,0,0,0,0,0,"https://fbref.com/en/players/58bc7d18/Kiko-Casilla"
2021,"Leeds United","Premier League","Liam Cooper","SCO","DF","28",1991,25,25,2185,24.3,1,0,1,1,0,0,4,1,12,88,1,0.04,0,0.04,0.04,0.04,1.8,1.8,0,1.8,0.08,0,0.08,0.08,0.08,"https://fbref.com/en/players/dc64b8b3/Liam-Cooper"
2021,"Leeds United","Premier League","Hélder Costa","ANG","MF,FW","26",1994,22,13,1156,12.8,3,3,6,3,0,0,0,0,47,28,84,0.23,0.23,0.47,0.23,0.47,2.2,2.2,0.6,2.8,0.17,0.04,0.22,0.17,0.22,"https://fbref.com/en/players/f13d02a6/Helder-Costa"
2021,"Leeds United","Premier League","Stuart Dallas","NIR","MF,DF","29",1991,38,38,3409,37.9,8,2,10,8,0,0,7,0,95,233,126,0.21,0.05,0.26,0.21,0.26,4.2,4.2,1.8,6.1,0.11,0.05,0.16,0.11,0.16,"https://fbref.com/en/players/67ca8566/Stuart-Dallas"
2021,"Leeds United","Premier League","Leif Davis","ENG","DF","20",2000,2,0,33,0.4,0,0,0,0,0,0,0,0,1,1,0,0,0,0,0,0,0,0,0,0,0,0,0,0,0,"https://fbref.com/en/players/8574c61f/Leif-Davis"
2021,"Leeds United","Premier League","Jack Harrison","ENG","MF,FW","23",1996,36,34,2847,31.6,8,8,16,8,0,0,2,0,108,98,307,0.25,0.25,0.51,0.25,0.51,5.8,5.8,6.5,12.4,0.18,0.21,0.39,0.18,0.39,"https://fbref.com/en/players/aa849a12/Jack-Harrison"
2021,"Leeds United","Premier League","Pablo Hernández","ESP","MF","35",1985,16,3,427,4.7,0,2,2,0,0,0,1,0,33,70,34,0,0.42,0.42,0,0.42,1.1,1.1,0.7,1.8,0.23,0.15,0.38,0.23,0.38,"https://fbref.com/en/players/c0398aca/Pablo-Hernandez"
2021,"Leeds United","Premier League","Niall Huggins","WAL","DF","19",2000,1,0,38,0.4,0,0,0,0,0,0,0,0,1,1,1,0,0,0,0,0,0,0,0,0,0,0,0,0,0,"https://fbref.com/en/players/6d646ff7/Niall-Huggins"
2021,"Leeds United","Premier League","Mateusz Klich","POL","MF","30",1990,35,28,2393,26.6,4,5,9,2,2,2,6,0,70,184,152,0.15,0.19,0.34,0.08,0.26,3,1.4,3.4,4.9,0.11,0.13,0.24,0.05,0.18,"https://fbref.com/en/players/282679b4/Mateusz-Klich"
2021,"Leeds United","Premier League","Robin Koch","GER","DF,MF","24",1996,17,13,1132,12.6,0,0,0,0,0,0,1,0,8,49,3,0,0,0,0,0,0.7,0.7,0.1,0.8,0.06,0.01,0.07,0.06,0.07,"https://fbref.com/en/players/ea6bc03a/Robin-Koch"
2021,"Leeds United","Premier League","Diego Llorente","ESP","DF","26",1993,15,14,1204,13.4,1,0,1,1,0,0,1,0,7,26,1,0.07,0,0.07,0.07,0.07,0.8,0.8,0.5,1.3,0.06,0.04,0.1,0.06,0.1,"https://fbref.com/en/players/bba30585/Diego-Llorente"
2021,"Leeds United","Premier League","Illan Meslier","FRA","GK","20",2000,35,35,3150,35,0,0,0,0,0,0,0,0,0,0,0,0,0,0,0,0,0,0,0,0,0,0,0,0,0,"https://fbref.com/en/players/6b625ac2/Illan-Meslier"
2021,"Leeds United","Premier League","Kalvin Phillips","ENG","MF","24",1995,29,28,2428,27,1,2,3,1,0,0,10,0,13,137,14,0.04,0.07,0.11,0.04,0.11,0.5,0.5,3.4,3.9,0.02,0.13,0.15,0.02,0.15,"https://fbref.com/en/players/4f565d77/Kalvin-Phillips"
2021,"Leeds United","Premier League","Raphinha","BRA","MF,FW","23",1996,30,26,2360,26.2,6,9,15,6,0,0,3,0,102,97,222,0.23,0.34,0.57,0.23,0.57,5.7,5.7,7.9,13.6,0.22,0.3,0.52,0.22,0.52,"https://fbref.com/en/players/3423f250/Raphinha"
2021,"Leeds United","Premier League","Tyler Roberts","WAL","MF,FW","21",1999,27,14,1340,14.9,1,2,3,1,0,0,3,0,33,53,89,0.07,0.13,0.2,0.07,0.2,1.8,1.8,2.3,4.1,0.12,0.16,0.28,0.12,0.28,"https://fbref.com/en/players/6c17e046/Tyler-Roberts"
2021,"Leeds United","Premier League","Rodrigo","ESP","MF,FW","29",1991,26,14,1288,14.3,7,2,9,7,0,0,3,0,30,80,118,0.49,0.14,0.63,0.49,0.63,5.1,5.1,3.5,8.7,0.36,0.25,0.6,0.36,0.6,"https://fbref.com/en/players/1fb1c435/Rodrigo"
2021,"Leeds United","Premier League","Jamie Shackleton","ENG","MF,DF","20",1999,13,3,461,5.1,0,0,0,0,0,0,0,0,7,11,21,0,0,0,0,0,0,0,0.1,0.1,0,0.03,0.03,0,0.03,"https://fbref.com/en/players/8d03ca5a/Jamie-Shackleton"
2021,"Leeds United","Premier League","Pascal Struijk","NED","DF,MF","20",1999,27,22,2075,23.1,1,0,1,1,0,0,3,0,4,71,5,0.04,0,0.04,0.04,0.04,1.7,1.7,0.1,1.8,0.07,0.01,0.08,0.07,0.08,"https://fbref.com/en/players/f4d296e4/Pascal-Struijk"
2021,"Leicester City","Premier League","Marc Albrighton","ENG","DF,FW","30",1989,31,17,1746,19.4,1,5,6,1,0,0,2,0,46,84,139,0.05,0.26,0.31,0.05,0.31,1.2,1.2,3.5,4.7,0.06,0.18,0.24,0.06,0.24,"https://fbref.com/en/players/b827d5b3/Marc-Albrighton"
2021,"Leicester City","Premier League","Daniel Amartey","GHA","DF","25",1994,12,8,722,8,1,0,1,1,0,0,3,0,4,24,0,0.12,0,0.12,0.12,0.12,0.4,0.4,0,0.4,0.05,0,0.05,0.05,0.05,"https://fbref.com/en/players/1a4ef233/Daniel-Amartey"
2021,"Leicester City","Premier League","Harvey Barnes","ENG","FW,MF","22",1997,25,22,1945,21.6,9,4,13,9,0,0,0,0,105,56,163,0.42,0.19,0.6,0.42,0.6,5.9,5.9,1.6,7.5,0.27,0.07,0.35,0.27,0.35,"https://fbref.com/en/players/3ea50f67/Harvey-Barnes"
2021,"Leicester City","Premier League","Timothy Castagne","BEL","DF","24",1995,27,27,2345,26.1,2,3,5,2,0,0,1,0,52,91,148,0.08,0.12,0.19,0.08,0.19,1.1,1.1,2.2,3.4,0.04,0.09,0.13,0.04,0.13,"https://fbref.com/en/players/197640fd/Timothy-Castagne"
2021,"Leicester City","Premier League","Hamza Choudhury","ENG","MF","22",1997,10,4,316,3.5,0,0,0,0,0,0,1,0,3,15,1,0,0,0,0,0,0.4,0.4,0,0.4,0.11,0,0.11,0.11,0.11,"https://fbref.com/en/players/7d2d3329/Hamza-Choudhury"
2021,"Leicester City","Premier League","Jonny Evans","NIR","DF","32",1988,28,28,2473,27.5,2,2,4,2,0,0,7,0,7,96,5,0.07,0.07,0.15,0.07,0.15,1.7,1.7,0.4,2.1,0.06,0.02,0.08,0.06,0.08,"https://fbref.com/en/players/f8fcd2a5/Jonny-Evans"
2021,"Leicester City","Premier League","Wesley Fofana","FRA","DF","19",2000,28,27,2262,25.1,0,0,0,0,0,0,7,0,37,93,8,0,0,0,0,0,1,1,0.3,1.3,0.04,0.01,0.05,0.04,0.05,"https://fbref.com/en/players/132a82f1/Wesley-Fofana"
2021,"Leicester City","Premier League","Christian Fuchs","AUT","DF","34",1986,9,8,702,7.8,0,0,0,0,0,0,4,0,2,39,7,0,0,0,0,0,0.1,0.1,0,0.1,0.01,0,0.01,0.01,0.01,"https://fbref.com/en/players/a67a09fb/Christian-Fuchs"
2021,"Leicester City","Premier League","Demarai Gray","ENG","FW","24",1996,1,0,19,0.2,0,0,0,0,0,0,0,0,1,0,3,0,0,0,0,0,0.1,0.1,0,0.1,0.32,0,0.32,0.32,0.32,"https://fbref.com/en/players/4468ec10/Demarai-Gray"
2021,"Leicester City","Premier League","Kelechi Iheanacho","NGA","FW","23",1996,25,16,1459,16.2,12,2,14,12,0,1,1,0,31,41,124,0.74,0.12,0.86,0.74,0.86,8.2,7.4,3.7,11.1,0.51,0.23,0.74,0.46,0.69,"https://fbref.com/en/players/c92e1a31/Kelechi-Iheanacho"
2021,"Leicester City","Premier League","James Justin","ENG","DF","22",1998,23,23,2070,23,2,1,3,2,0,0,4,0,64,94,135,0.09,0.04,0.13,0.09,0.13,2.2,2.2,2,4.1,0.09,0.09,0.18,0.09,0.18,"https://fbref.com/en/players/fb614c44/James-Justin"
2021,"Leicester City","Premier League","Khanya Leshabela","RSA","MF","20",1999,1,0,10,0.1,0,0,0,0,0,0,0,0,3,2,0,0,0,0,0,0,0,0,0,0,0,0,0,0,0,"https://fbref.com/en/players/383e68b1/Khanya-Leshabela"
2021,"Leicester City","Premier League","James Maddison","ENG","MF","23",1996,31,24,2099,23.3,8,5,13,8,0,0,4,0,43,134,116,0.34,0.21,0.56,0.34,0.56,3.8,3.8,5.1,8.9,0.16,0.22,0.38,0.16,0.38,"https://fbref.com/en/players/ee38d9c5/James-Maddison"
2021,"Leicester City","Premier League","Nampalys Mendy","SEN","MF","28",1992,23,15,1459,16.2,0,1,1,0,0,0,5,0,16,66,3,0,0.06,0.06,0,0.06,0.1,0.1,0.2,0.2,0,0.01,0.01,0,0.01,"https://fbref.com/en/players/1598599e/Nampalys-Mendy"
2021,"Leicester City","Premier League","Wes Morgan","JAM","DF","36",1984,3,0,18,0.2,0,0,0,0,0,0,0,0,0,2,0,0,0,0,0,0,0,0,0,0,0,0,0,0,0,"https://fbref.com/en/players/80c31c97/Wes-Morgan"
2021,"Leicester City","Premier League","Wilfred Ndidi","NGA","MF,DF","23",1996,26,25,2176,24.2,1,4,5,1,0,0,6,0,7,73,17,0.04,0.17,0.21,0.04,0.21,0.7,0.7,1.3,2,0.03,0.05,0.08,0.03,0.08,"https://fbref.com/en/players/6b47c5db/Wilfred-Ndidi"
2021,"Leicester City","Premier League","Ricardo Pereira","POR","DF,FW","26",1993,15,10,959,10.7,0,1,1,0,0,0,3,0,20,45,53,0,0.09,0.09,0,0.09,0.3,0.3,0.6,1,0.03,0.06,0.09,0.03,0.09,"https://fbref.com/en/players/75a72a99/Ricardo-Pereira"
2021,"Leicester City","Premier League","Ayoze Pérez","ESP","MF,FW","27",1993,25,15,1331,14.8,2,1,3,2,0,0,2,0,39,54,114,0.14,0.07,0.2,0.14,0.2,3.3,3.3,1.3,4.6,0.23,0.09,0.31,0.23,0.31,"https://fbref.com/en/players/819aa8e7/Ayoze-Perez"
2021,"Leicester City","Premier League","Dennis Praet","BEL","MF","26",1994,15,10,718,8,1,1,2,1,0,0,0,0,22,25,55,0.13,0.13,0.25,0.13,0.25,0.4,0.4,1.1,1.5,0.05,0.14,0.19,0.05,0.19,"https://fbref.com/en/players/86695068/Dennis-Praet"
2021,"Leicester City","Premier League","Kasper Schmeichel","DEN","GK","33",1986,38,38,3420,38,0,0,0,0,0,0,0,0,0,0,0,0,0,0,0,0,0,0,0,0,0,0,0,0,0,"https://fbref.com/en/players/53af52f3/Kasper-Schmeichel"
2021,"Leicester City","Premier League","Islam Slimani","ALG","FW","32",1988,1,0,20,0.2,0,0,0,0,0,0,0,0,0,1,4,0,0,0,0,0,0.1,0.1,0.1,0.1,0.28,0.23,0.5,0.28,0.5,"https://fbref.com/en/players/ffec9769/Islam-Slimani"
2021,"Leicester City","Premier League","Çağlar Söyüncü","TUR","DF","24",1996,23,19,1819,20.2,1,0,1,1,0,0,2,0,27,90,2,0.05,0,0.05,0.05,0.05,0.7,0.7,0.5,1.2,0.03,0.02,0.06,0.03,0.06,"https://fbref.com/en/players/21166ff4/Caglar-Soyuncu"
2021,"Leicester City","Premier League","Sidnei Tavares","POR","MF","18",2001,2,1,85,0.9,0,0,0,0,0,0,0,0,1,2,6,0,0,0,0,0,0.1,0.1,0,0.1,0.06,0,0.06,0.06,0.06,"https://fbref.com/en/players/3add8ed8/Sidnei-Tavares"
2021,"Leicester City","Premier League","Luke Thomas","ENG","DF","19",2001,14,12,969,10.8,1,0,1,1,0,0,2,0,15,27,45,0.09,0,0.09,0.09,0.09,0.3,0.3,0.7,1,0.03,0.06,0.09,0.03,0.09,"https://fbref.com/en/players/fc027d02/Luke-Thomas"
2021,"Leicester City","Premier League","Youri Tielemans","BEL","MF","23",1997,38,37,3357,37.3,6,4,10,4,2,2,6,0,52,272,66,0.16,0.11,0.27,0.11,0.21,4.4,2.8,3.1,5.9,0.12,0.08,0.2,0.08,0.16,"https://fbref.com/en/players/56f7a928/Youri-Tielemans"
2021,"Leicester City","Premier League","Cengiz Ünder","TUR","FW,MF","23",1997,9,1,281,3.1,0,2,2,0,0,0,0,0,12,7,39,0,0.64,0.64,0,0.64,0.3,0.3,1.6,1.9,0.09,0.51,0.59,0.09,0.59,"https://fbref.com/en/players/1880614f/Cengiz-Under"
2021,"Leicester City","Premier League","Jamie Vardy","ENG","FW","33",1987,34,31,2840,31.6,15,9,24,7,8,9,1,0,57,31,202,0.48,0.29,0.76,0.22,0.51,19.9,12.8,4.7,17.5,0.63,0.15,0.78,0.41,0.55,"https://fbref.com/en/players/45963054/Jamie-Vardy"
2021,"Liverpool","Premier League","Adrián","ESP","GK","33",1987,3,3,270,3,0,0,0,0,0,0,0,0,0,0,0,0,0,0,0,0,0,0,0,0,0,0,0,0,0,"https://fbref.com/en/players/f76e6b4e/Adrian"
2021,"Liverpool","Premier League","Thiago Alcántara","ESP","MF","29",1991,24,20,1854,20.6,1,0,1,1,0,0,4,0,27,203,25,0.05,0,0.05,0.05,0.05,1.2,1.2,2.3,3.5,0.06,0.11,0.17,0.06,0.17,"https://fbref.com/en/players/77e84962/Thiago-Alcantara"
2021,"Liverpool","Premier League","Trent Alexander-Arnold","ENG","DF","21",1998,36,34,3031,33.7,2,7,9,2,0,0,2,0,98,251,249,0.06,0.21,0.27,0.06,0.27,2.6,2.6,8.6,11.2,0.08,0.26,0.33,0.08,0.33,"https://fbref.com/en/players/cd1acf9d/Trent-Alexander-Arnold"
2021,"Liverpool","Premier League","Alisson","BRA","GK","27",1992,33,33,2970,33,1,0,1,1,0,0,1,0,0,1,0,0.03,0,0.03,0.03,0.03,0.1,0.1,0,0.1,0,0,0,0,0,"https://fbref.com/en/players/7a2e46a8/Alisson"
2021,"Liverpool","Premier League","Fabinho","BRA","DF,MF","26",1993,30,28,2567,28.5,0,0,0,0,0,0,6,0,27,124,13,0,0,0,0,0,0.3,0.3,0.3,0.6,0.01,0.01,0.02,0.01,0.02,"https://fbref.com/en/players/7f3b388c/Fabinho"
2021,"Liverpool","Premier League","Roberto Firmino","BRA","FW","28",1991,36,33,2838,31.5,9,7,16,9,0,0,2,0,66,140,222,0.29,0.22,0.51,0.29,0.51,11.3,11.3,5.6,16.9,0.36,0.18,0.54,0.36,0.54,"https://fbref.com/en/players/4c370d81/Roberto-Firmino"
2021,"Liverpool","Premier League","Joe Gomez","ENG","DF","23",1997,7,6,590,6.6,0,0,0,0,0,0,0,0,4,38,1,0,0,0,0,0,0,0,0,0,0,0.01,0.01,0,0.01,"https://fbref.com/en/players/7a11550b/Joe-Gomez"
2021,"Liverpool","Premier League","Jordan Henderson","ENG","MF,DF","30",1990,21,20,1704,18.9,1,1,2,1,0,0,0,0,46,169,21,0.05,0.05,0.11,0.05,0.11,1.3,1.3,1.5,2.8,0.07,0.08,0.15,0.07,0.15,"https://fbref.com/en/players/935e6b8f/Jordan-Henderson"
2021,"Liverpool","Premier League","Curtis Jones","ENG","MF","19",2001,24,13,1179,13.1,1,2,3,1,0,0,2,0,42,89,79,0.08,0.15,0.23,0.08,0.23,1.7,1.7,1.5,3.2,0.13,0.11,0.24,0.13,0.24,"https://fbref.com/en/players/4fb9c88f/Curtis-Jones"
2021,"Liverpool","Premier League","Diogo Jota","POR","FW","23",1996,19,12,1112,12.4,9,0,9,9,0,0,2,0,54,43,125,0.73,0,0.73,0.73,0.73,6.4,6.4,1.6,8,0.51,0.13,0.64,0.51,0.64,"https://fbref.com/en/players/178ae8f8/Diogo-Jota"
2021,"Liverpool","Premier League","Ozan Kabak","TUR","DF","20",2000,9,9,801,8.9,0,0,0,0,0,0,3,0,3,20,1,0,0,0,0,0,0.1,0.1,0,0.2,0.02,0,0.02,0.02,0.02,"https://fbref.com/en/players/2d61d13a/Ozan-Kabak"
2021,"Liverpool","Premier League","Naby Keïta","GUI","MF","25",1995,10,7,520,5.8,0,0,0,0,0,0,1,0,18,33,19,0,0,0,0,0,0.4,0.4,0.6,1,0.07,0.11,0.18,0.07,0.18,"https://fbref.com/en/players/f25c8e3a/Naby-Keita"
2021,"Liverpool","Premier League","Caoimhín Kelleher","IRL","GK","21",1998,2,2,180,2,0,0,0,0,0,0,0,0,0,0,0,0,0,0,0,0,0,0,0,0,0,0,0,0,0,"https://fbref.com/en/players/62d7ef38/Caoimhin-Kelleher"
2021,"Liverpool","Premier League","Sadio Mané","SEN","FW","28",1992,35,31,2810,31.2,11,7,18,11,0,0,3,0,142,112,366,0.35,0.22,0.58,0.35,0.58,14.1,14.1,7,21,0.45,0.22,0.67,0.45,0.67,"https://fbref.com/en/players/c691bfe2/Sadio-Mane"
2021,"Liverpool","Premier League","Joël Matip","CMR","DF","28",1991,10,9,691,7.7,1,2,3,1,0,0,2,0,6,28,1,0.13,0.26,0.39,0.13,0.39,0.8,0.8,0.9,1.7,0.1,0.11,0.22,0.1,0.22,"https://fbref.com/en/players/b217ef29/Joel-Matip"
2021,"Liverpool","Premier League","James Milner","ENG","MF,DF","34",1986,26,11,1070,11.9,0,1,1,0,0,0,3,0,21,100,51,0,0.08,0.08,0,0.08,0.4,0.4,0.8,1.2,0.03,0.07,0.1,0.03,0.1,"https://fbref.com/en/players/2f90f6b8/James-Milner"
2021,"Liverpool","Premier League","Takumi Minamino","JPN","MF,FW","25",1995,9,2,293,3.3,1,0,1,1,0,0,0,0,3,8,16,0.31,0,0.31,0.31,0.31,1.1,1.1,0,1.1,0.34,0,0.34,0.34,0.34,"https://fbref.com/en/players/f833a830/Takumi-Minamino"
2021,"Liverpool","Premier League","Divock Origi","BEL","FW","25",1995,9,2,186,2.1,0,0,0,0,0,0,0,0,5,5,18,0,0,0,0,0,1.1,1.1,0.2,1.3,0.54,0.07,0.62,0.54,0.62,"https://fbref.com/en/players/43a166b4/Divock-Origi"
2021,"Liverpool","Premier League","Alex Oxlade-Chamberlain","ENG","MF,FW","26",1993,13,2,253,2.8,1,1,2,1,0,0,0,0,5,20,21,0.36,0.36,0.71,0.36,0.71,0.3,0.3,0.3,0.6,0.11,0.1,0.21,0.11,0.21,"https://fbref.com/en/players/38c7feef/Alex-Oxlade-Chamberlain"
2021,"Liverpool","Premier League","Nathaniel Phillips","ENG","DF","23",1997,17,15,1456,16.2,1,1,2,1,0,0,2,0,9,55,3,0.06,0.06,0.12,0.06,0.12,1,1,0.6,1.6,0.06,0.04,0.1,0.06,0.1,"https://fbref.com/en/players/515ebe8d/Nathaniel-Phillips"
2021,"Liverpool","Premier League","Andrew Robertson","SCO","DF","26",1994,38,38,3383,37.6,1,7,8,1,0,0,2,0,119,228,289,0.03,0.19,0.21,0.03,0.21,1.5,1.5,6.6,8,0.04,0.17,0.21,0.04,0.21,"https://fbref.com/en/players/2e4f5f03/Andrew-Robertson"
2021,"Liverpool","Premier League","Mohamed Salah","EGY","FW","28",1992,37,34,3078,34.2,22,5,27,16,6,6,0,0,111,136,396,0.64,0.15,0.79,0.47,0.61,19.3,14.6,6.2,20.8,0.56,0.18,0.75,0.43,0.61,"https://fbref.com/en/players/e342ad68/Mohamed-Salah"
2021,"Liverpool","Premier League","Xherdan Shaqiri","SUI","MF,FW","28",1991,14,5,556,6.2,0,2,2,0,0,0,2,0,5,54,32,0,0.32,0.32,0,0.32,0.5,0.5,2.5,3,0.08,0.41,0.48,0.08,0.48,"https://fbref.com/en/players/6421ec64/Xherdan-Shaqiri"
2021,"Liverpool","Premier League","Kostas Tsimikas","GRE","DF,FW","24",1996,2,0,7,0.1,0,0,0,0,0,0,0,0,1,0,3,0,0,0,0,0,0,0,0,0,0,0,0,0,0,"https://fbref.com/en/players/f315ca93/Kostas-Tsimikas"
2021,"Liverpool","Premier League","Virgil van Dijk","NED","DF","29",1991,5,5,370,4.1,1,0,1,1,0,0,1,0,0,30,1,0.24,0,0.24,0.24,0.24,0.2,0.2,0,0.2,0.06,0,0.06,0.06,0.06,"https://fbref.com/en/players/e06683ca/Virgil-van-Dijk"
2021,"Liverpool","Premier League","Georginio Wijnaldum","NED","MF","29",1990,38,34,2941,32.7,2,0,2,2,0,0,1,0,62,133,59,0.06,0,0.06,0.06,0.06,2.6,2.6,1.4,3.9,0.08,0.04,0.12,0.08,0.12,"https://fbref.com/en/players/eb58eef0/Georginio-Wijnaldum"
2021,"Liverpool","Premier League","Neco Williams","WAL","DF","19",2001,6,3,249,2.8,0,0,0,0,0,0,1,0,10,14,29,0,0,0,0,0,0.1,0.1,0.2,0.3,0.03,0.06,0.09,0.03,0.09,"https://fbref.com/en/players/dd323728/Neco-Williams"
2021,"Liverpool","Premier League","Rhys Williams","ENG","DF","19",2001,9,7,661,7.3,0,0,0,0,0,0,0,0,2,23,1,0,0,0,0,0,0.5,0.5,0.2,0.7,0.07,0.02,0.09,0.07,0.09,"https://fbref.com/en/players/012c975a/Rhys-Williams"
2021,"Manchester City","Premier League","Sergio Agüero","ARG","FW","32",1988,12,7,559,6.2,4,1,5,3,1,2,0,0,12,12,39,0.64,0.16,0.81,0.48,0.64,3.5,1.9,1.2,3.1,0.56,0.19,0.75,0.31,0.5,"https://fbref.com/en/players/4d034881/Sergio-Aguero"
2021,"Manchester City","Premier League","Nathan Aké","NED","DF","25",1995,10,9,797,8.9,1,0,1,1,0,0,4,0,12,52,6,0.11,0,0.11,0.11,0.11,0.3,0.3,0,0.3,0.03,0,0.03,0.03,0.03,"https://fbref.com/en/players/eaeca114/Nathan-Ake"
2021,"Manchester City","Premier League","João Cancelo","POR","DF,MF","26",1994,28,27,2299,25.5,2,3,5,2,0,0,5,1,80,200,150,0.08,0.12,0.2,0.08,0.2,1.6,1.6,4.6,6.2,0.06,0.18,0.24,0.06,0.24,"https://fbref.com/en/players/bd6351cd/Joao-Cancelo"
2021,"Manchester City","Premier League","Scott Carson","ENG","GK","34",1985,1,1,90,1,0,0,0,0,0,0,0,0,0,0,0,0,0,0,0,0,0,0,0,0,0,0,0,0,0,"https://fbref.com/en/players/3e1550ee/Scott-Carson"
2021,"Manchester City","Premier League","Kevin De Bruyne","BEL","MF","29",1991,25,23,1997,22.2,6,12,18,4,2,3,1,0,102,213,186,0.27,0.54,0.81,0.18,0.72,9.3,6.9,8,14.9,0.42,0.36,0.78,0.31,0.67,"https://fbref.com/en/players/e46012d4/Kevin-De-Bruyne"
2021,"Manchester City","Premier League","Liam Delap","ENG","FW","17",2003,1,0,40,0.4,0,0,0,0,0,0,0,0,0,0,1,0,0,0,0,0,0,0,0,0,0.1,0,0.1,0.1,0.1,"https://fbref.com/en/players/dd897ee7/Liam-Delap"
2021,"Manchester City","Premier League","Rúben Dias","POR","DF","23",1997,32,32,2843,31.6,1,0,1,1,0,0,4,0,38,154,5,0.03,0,0.03,0.03,0.03,1.9,1.9,0.1,2,0.06,0,0.06,0.06,0.06,"https://fbref.com/en/players/31c69ef1/Ruben-Dias"
2021,"Manchester City","Premier League","Ederson","BRA","GK","26",1993,36,36,3240,36,0,1,1,0,0,0,3,0,0,1,0,0,0.03,0.03,0,0.03,0,0,0.3,0.3,0,0.01,0.01,0,0.01,"https://fbref.com/en/players/3bb7b8b4/Ederson"
2021,"Manchester City","Premier League","Fernandinho","BRA","MF","35",1985,21,12,1188,13.2,0,2,2,0,0,0,6,0,31,114,5,0,0.15,0.15,0,0.15,0.7,0.7,1.3,1.9,0.05,0.1,0.15,0.05,0.15,"https://fbref.com/en/players/101da2b5/Fernandinho"
2021,"Manchester City","Premier League","Phil Foden","ENG","FW,MF","20",2000,28,17,1616,18,9,5,14,9,0,0,0,0,81,69,213,0.5,0.28,0.78,0.5,0.78,5,5,3.6,8.6,0.28,0.2,0.48,0.28,0.48,"https://fbref.com/en/players/ed1e53f3/Phil-Foden"
2021,"Manchester City","Premier League","Eric García","ESP","DF","19",2001,6,3,383,4.3,0,0,0,0,0,0,0,0,8,22,0,0,0,0,0,0,0.1,0.1,0,0.1,0.02,0,0.02,0.02,0.02,"https://fbref.com/en/players/2bed3eab/Eric-Garcia"
2021,"Manchester City","Premier League","İlkay Gündoğan","GER","MF","29",1990,28,23,2029,22.5,13,2,15,12,1,2,1,0,69,167,92,0.58,0.09,0.67,0.53,0.62,9,7.4,3.5,10.9,0.4,0.15,0.55,0.33,0.48,"https://fbref.com/en/players/819b3158/Ilkay-Gundogan"
2021,"Manchester City","Premier League","Gabriel Jesus","BRA","FW","23",1997,29,22,2063,22.9,9,4,13,9,0,0,2,0,54,41,202,0.39,0.17,0.57,0.39,0.57,8.7,8.7,2.7,11.4,0.38,0.12,0.5,0.38,0.5,"https://fbref.com/en/players/b66315ae/Gabriel-Jesus"
2021,"Manchester City","Premier League","Aymeric Laporte","ESP","DF","26",1994,16,14,1344,14.9,0,0,0,0,0,0,1,0,28,99,1,0,0,0,0,0,0.8,0.8,0.4,1.1,0.05,0.02,0.07,0.05,0.07,"https://fbref.com/en/players/119b9a8e/Aymeric-Laporte"
2021,"Manchester City","Premier League","Riyad Mahrez","ALG","FW","29",1991,27,23,1949,21.7,9,6,15,9,0,0,0,0,88,88,247,0.42,0.28,0.69,0.42,0.69,4.7,4.7,5,9.7,0.22,0.23,0.45,0.22,0.45,"https://fbref.com/en/players/892d5bb1/Riyad-Mahrez"
2021,"Manchester City","Premier League","Benjamin Mendy","FRA","DF","26",1994,13,11,953,10.6,2,1,3,2,0,0,2,0,13,29,74,0.19,0.09,0.28,0.19,0.28,0.3,0.3,0.2,0.6,0.03,0.02,0.06,0.03,0.06,"https://fbref.com/en/players/5271c8f1/Benjamin-Mendy"
2021,"Manchester City","Premier League","Rodri","ESP","MF","24",1996,34,31,2748,30.5,2,2,4,1,1,1,6,0,42,227,31,0.07,0.07,0.13,0.03,0.1,2.4,1.6,1.4,3.1,0.08,0.05,0.13,0.05,0.1,"https://fbref.com/en/players/6434f10d/Rodri"
2021,"Manchester City","Premier League","Bernardo Silva","POR","MF,FW","25",1994,26,24,2065,22.9,2,6,8,2,0,0,5,0,123,116,173,0.09,0.26,0.35,0.09,0.35,2.8,2.8,3.8,6.5,0.12,0.16,0.29,0.12,0.29,"https://fbref.com/en/players/3eb22ec9/Bernardo-Silva"
2021,"Manchester City","Premier League","Zack Steffen","USA","GK","25",1995,1,1,90,1,0,0,0,0,0,0,0,0,0,0,0,0,0,0,0,0,0,0,0,0,0,0,0,0,0,"https://fbref.com/en/players/42130443/Zack-Steffen"
2021,"Manchester City","Premier League","Raheem Sterling","ENG","FW","25",1994,31,28,2536,28.2,10,7,17,10,0,1,4,0,129,67,351,0.35,0.25,0.6,0.35,0.6,11,10.2,5.7,15.9,0.39,0.2,0.59,0.36,0.57,"https://fbref.com/en/players/b400bde0/Raheem-Sterling"
2021,"Manchester City","Premier League","John Stones","ENG","DF","26",1994,22,22,1933,21.5,4,0,4,4,0,0,0,1,38,101,3,0.19,0,0.19,0.19,0.19,1.8,1.8,0.1,1.8,0.08,0,0.09,0.08,0.09,"https://fbref.com/en/players/5eecec3d/John-Stones"
2021,"Manchester City","Premier League","Ferrán Torres","ESP","FW,MF","20",2000,24,15,1306,14.5,7,2,9,7,0,0,1,0,30,31,118,0.48,0.14,0.62,0.48,0.62,4.9,4.9,2.2,7.1,0.33,0.15,0.49,0.33,0.49,"https://fbref.com/en/players/9e1035f8/Ferran-Torres"
2021,"Manchester City","Premier League","Kyle Walker","ENG","DF","30",1990,24,22,1946,21.6,1,1,2,1,0,0,1,0,80,130,71,0.05,0.05,0.09,0.05,0.09,0.3,0.3,0.6,0.9,0.01,0.03,0.04,0.01,0.04,"https://fbref.com/en/players/86dd77d1/Kyle-Walker"
2021,"Manchester City","Premier League","Oleksandr Zinchenko","UKR","DF","23",1996,20,15,1478,16.4,0,0,0,0,0,0,0,0,38,118,65,0,0,0,0,0,0.7,0.7,0.9,1.6,0.04,0.06,0.1,0.04,0.1,"https://fbref.com/en/players/51cf8561/Oleksandr-Zinchenko"
2021,"Manchester Utd","Premier League","Eric Bailly","CIV","DF","26",1994,12,10,916,10.2,0,0,0,0,0,0,3,0,6,37,0,0,0,0,0,0,0.1,0.1,0,0.1,0.01,0,0.01,0.01,0.01,"https://fbref.com/en/players/a1232f4e/Eric-Bailly"
2021,"Manchester Utd","Premier League","Donny van de Beek","NED","MF,FW","23",1997,19,4,524,5.8,1,1,2,1,0,0,1,0,7,16,39,0.17,0.17,0.34,0.17,0.34,0.4,0.4,0.9,1.3,0.06,0.16,0.22,0.06,0.22,"https://fbref.com/en/players/50dc94ce/Donny-van-de-Beek"
2021,"Manchester Utd","Premier League","Edinson Cavani","URU","FW","33",1987,26,13,1375,15.3,10,3,13,10,0,0,4,0,5,30,80,0.65,0.2,0.85,0.65,0.85,8,8,2.2,10.3,0.52,0.15,0.67,0.52,0.67,"https://fbref.com/en/players/527f063d/Edinson-Cavani"
2021,"Manchester Utd","Premier League","Amad Diallo","CIV","FW","18",2002,3,2,166,1.8,0,1,1,0,0,0,0,0,9,9,7,0,0.54,0.54,0,0.54,0,0,0.5,0.5,0.02,0.27,0.29,0.02,0.29,"https://fbref.com/en/players/9dc96f10/Amad-Diallo"
2021,"Manchester Utd","Premier League","Anthony Elanga","SWE","FW","18",2002,2,2,155,1.7,1,0,1,1,0,0,0,0,2,3,13,0.58,0,0.58,0.58,0.58,0.4,0.4,0,0.5,0.26,0.02,0.28,0.26,0.28,"https://fbref.com/en/players/2fba6108/Anthony-Elanga"
2021,"Manchester Utd","Premier League","Bruno Fernandes","POR","MF","25",1994,37,35,3099,34.4,18,12,30,9,9,10,6,0,80,285,263,0.52,0.35,0.87,0.26,0.61,16.1,8.2,11.4,19.6,0.47,0.33,0.8,0.24,0.57,"https://fbref.com/en/players/507c7bdf/Bruno-Fernandes"
2021,"Manchester Utd","Premier League","Timothy Fosu-Mensah","NED","DF","22",1998,1,1,80,0.9,0,0,0,0,0,0,1,0,2,5,13,0,0,0,0,0,0,0,0.3,0.3,0.03,0.31,0.33,0.03,0.33,"https://fbref.com/en/players/a9142dc3/Timothy-Fosu-Mensah"
2021,"Manchester Utd","Premier League","Fred","BRA","MF","27",1993,30,27,2390,26.6,1,0,1,1,0,0,5,0,31,189,33,0.04,0,0.04,0.04,0.04,1.8,1.8,1.9,3.7,0.07,0.07,0.14,0.07,0.14,"https://fbref.com/en/players/b853e0ad/Fred"
2021,"Manchester Utd","Premier League","David de Gea","ESP","GK","29",1990,26,26,2295,25.5,0,0,0,0,0,0,0,0,0,0,0,0,0,0,0,0,0,0,0,0,0,0,0,0,0,"https://fbref.com/en/players/7ba6d84e/David-de-Gea"
2021,"Manchester Utd","Premier League","Mason Greenwood","ENG","FW","18",2001,31,21,1822,20.2,7,2,9,7,0,0,2,0,67,52,175,0.35,0.1,0.44,0.35,0.44,6,6,2.2,8.2,0.29,0.11,0.4,0.29,0.4,"https://fbref.com/en/players/58eee997/Mason-Greenwood"
2021,"Manchester Utd","Premier League","Dean Henderson","ENG","GK","23",1997,13,12,1125,12.5,0,0,0,0,0,0,3,0,0,0,0,0,0,0,0,0,0,0,0,0,0,0,0,0,0,"https://fbref.com/en/players/e5a76dfe/Dean-Henderson"
2021,"Manchester Utd","Premier League","Odion Ighalo","NGA","FW","31",1989,1,0,10,0.1,0,0,0,0,0,0,0,0,0,0,1,0,0,0,0,0,0,0,0,0,0,0,0,0,0,"https://fbref.com/en/players/03622183/Odion-Ighalo"
2021,"Manchester Utd","Premier League","Daniel James","WAL","FW","22",1997,15,11,910,10.1,3,1,4,3,0,0,3,0,36,32,84,0.3,0.1,0.4,0.3,0.4,2.2,2.2,0.9,3.1,0.22,0.09,0.31,0.22,0.31,"https://fbref.com/en/players/c931d9f9/Daniel-James"
2021,"Manchester Utd","Premier League","Victor Lindelöf","SWE","DF","26",1994,29,29,2585,28.7,1,1,2,1,0,0,0,0,18,92,2,0.03,0.03,0.07,0.03,0.07,0.6,0.6,0.3,0.9,0.02,0.01,0.03,0.02,0.03,"https://fbref.com/en/players/f5deef4c/Victor-Lindelof"
2021,"Manchester Utd","Premier League","Harry Maguire","ENG","DF","27",1993,34,34,3047,33.9,2,1,3,2,0,0,11,0,42,194,14,0.06,0.03,0.09,0.06,0.09,2.3,2.2,0.3,2.5,0.07,0.01,0.08,0.07,0.08,"https://fbref.com/en/players/d8931174/Harry-Maguire"
2021,"Manchester Utd","Premier League","Anthony Martial","FRA","FW","24",1995,22,17,1480,16.4,4,3,7,4,0,0,0,1,48,46,155,0.24,0.18,0.43,0.24,0.43,6.5,6.5,2,8.5,0.4,0.12,0.52,0.4,0.52,"https://fbref.com/en/players/8b788c01/Anthony-Martial"
2021,"Manchester Utd","Premier League","Juan Mata","ESP","FW,MF","32",1988,9,6,509,5.7,1,2,3,0,1,1,0,0,13,23,32,0.18,0.35,0.53,0,0.35,1,0.2,0.8,1.1,0.18,0.15,0.33,0.04,0.19,"https://fbref.com/en/players/29733c72/Juan-Mata"
2021,"Manchester Utd","Premier League","Nemanja Matić","SRB","MF","31",1988,20,12,1106,12.3,0,0,0,0,0,0,2,0,40,86,12,0,0,0,0,0,0.3,0.3,0.7,1,0.02,0.06,0.08,0.02,0.08,"https://fbref.com/en/players/eb7822d7/Nemanja-Matic"
2021,"Manchester Utd","Premier League","Scott McTominay","SCO","MF","23",1996,32,24,2129,23.7,4,1,5,4,0,0,3,0,57,118,26,0.17,0.04,0.21,0.17,0.21,2.1,2.1,1.7,3.8,0.09,0.07,0.16,0.09,0.16,"https://fbref.com/en/players/d93c2511/Scott-McTominay"
2021,"Manchester Utd","Premier League","Hannibal Mejbri","TUN","MF","17",2003,1,0,9,0.1,0,0,0,0,0,0,0,0,0,1,0,0,0,0,0,0,0,0,0,0,0,0,0,0,0,"https://fbref.com/en/players/ca22ccb0/Hannibal-Mejbri"
2021,"Manchester Utd","Premier League","Paul Pogba","FRA","MF,FW","27",1993,26,21,1897,21.1,3,3,6,3,0,0,3,0,46,139,101,0.14,0.14,0.28,0.14,0.28,2.8,2.8,2.4,5.2,0.13,0.11,0.25,0.13,0.25,"https://fbref.com/en/players/867239d3/Paul-Pogba"
2021,"Manchester Utd","Premier League","Marcus Rashford","ENG","FW","22",1997,37,33,2920,32.4,11,9,20,11,0,0,4,0,134,117,330,0.34,0.28,0.62,0.34,0.62,8.9,8.9,3.8,12.8,0.28,0.12,0.39,0.28,0.39,"https://fbref.com/en/players/a1d5bd30/Marcus-Rashford"
2021,"Manchester Utd","Premier League","Luke Shaw","ENG","DF","25",1995,32,30,2654,29.5,1,5,6,1,0,0,8,0,110,147,209,0.03,0.17,0.2,0.03,0.2,0.6,0.6,6.4,7,0.02,0.22,0.24,0.02,0.24,"https://fbref.com/en/players/9c94165b/Luke-Shaw"
2021,"Manchester Utd","Premier League","Shola Shoretire","ENG","FW","16",2004,2,0,11,0.1,0,0,0,0,0,0,0,0,0,0,2,0,0,0,0,0,0,0,0,0,0,0,0,0,0,"https://fbref.com/en/players/00f0482f/Shola-Shoretire"
2021,"Manchester Utd","Premier League","Alex Telles","BRA","DF","27",1992,9,8,690,7.7,0,2,2,0,0,0,0,0,27,48,40,0,0.26,0.26,0,0.26,0.2,0.2,0.9,1,0.02,0.12,0.14,0.02,0.14,"https://fbref.com/en/players/e73c9bb2/Alex-Telles"
2021,"Manchester Utd","Premier League","William Thomas Fish","ENG","FW","17",2003,1,0,1,0,0,0,0,0,0,0,0,0,0,0,0,0,0,0,0,0,0,0,0,0,0,0,0,0,0,"https://fbref.com/en/players/b2ee9d2c/William-Thomas-Fish"
2021,"Manchester Utd","Premier League","Axel Tuanzebe","ENG","DF","22",1997,9,4,404,4.5,0,0,0,0,0,0,2,0,3,13,3,0,0,0,0,0,0,0,0,0,0,0,0,0,0,"https://fbref.com/en/players/2baec6ce/Axel-Tuanzebe"
2021,"Manchester Utd","Premier League","Aaron Wan-Bissaka","ENG","DF","22",1997,34,34,3060,34,2,4,6,2,0,0,3,0,89,145,176,0.06,0.12,0.18,0.06,0.18,0.9,0.9,2.3,3.2,0.03,0.07,0.09,0.03,0.09,"https://fbref.com/en/players/9e525177/Aaron-Wan-Bissaka"
2021,"Manchester Utd","Premier League","Brandon Williams","ENG","DF","19",2000,4,2,188,2.1,0,0,0,0,0,0,0,0,5,5,7,0,0,0,0,0,0.2,0.2,0,0.3,0.11,0.02,0.13,0.11,0.13,"https://fbref.com/en/players/5e74d6c8/Brandon-Williams"
2021,"Newcastle Utd","Premier League","Miguel Almirón","PAR","MF,FW","26",1994,34,28,2429,27,4,1,5,4,0,0,3,0,70,90,109,0.15,0.04,0.19,0.15,0.19,3.2,3.2,2.9,6.1,0.12,0.11,0.23,0.12,0.23,"https://fbref.com/en/players/862a1c15/Miguel-Almiron"
2021,"Newcastle Utd","Premier League","Elliot Anderson","SCO","MF","17",2002,1,0,4,0,0,0,0,0,0,0,0,0,0,0,1,0,0,0,0,0,0,0,0,0,0,0,0,0,0,"https://fbref.com/en/players/de31038e/Elliot-Anderson"
2021,"Newcastle Utd","Premier League","Andy Carroll","ENG","FW","31",1989,18,4,392,4.4,1,0,1,1,0,0,1,0,2,12,18,0.23,0,0.23,0.23,0.23,0.8,0.8,0.1,0.9,0.19,0.02,0.21,0.19,0.21,"https://fbref.com/en/players/b581987a/Andy-Carroll"
2021,"Newcastle Utd","Premier League","Ciaran Clark","IRL","DF","30",1989,22,21,1891,21,1,0,1,1,0,0,3,0,9,35,4,0.05,0,0.05,0.05,0.05,0.7,0.7,0.1,0.8,0.03,0.01,0.04,0.03,0.04,"https://fbref.com/en/players/2b91cf8e/Ciaran-Clark"
2021,"Newcastle Utd","Premier League","Karl Darlow","ENG","GK","29",1990,25,25,2250,25,0,0,0,0,0,0,3,0,0,0,0,0,0,0,0,0,0,0,0,0,0,0,0,0,0,"https://fbref.com/en/players/cde3309f/Karl-Darlow"
2021,"Newcastle Utd","Premier League","Martin Dúbravka","SVK","GK","31",1989,13,13,1170,13,0,0,0,0,0,0,0,0,0,0,0,0,0,0,0,0,0,0,0,0,0,0,0,0,0,"https://fbref.com/en/players/3a949a25/Martin-Dubravka"
2021,"Newcastle Utd","Premier League","Paul Dummett","WAL","DF","28",1991,15,14,1255,13.9,1,0,1,1,0,0,2,0,2,29,5,0.07,0,0.07,0.07,0.07,0.3,0.3,0.2,0.5,0.02,0.01,0.04,0.02,0.04,"https://fbref.com/en/players/3fe6bd8c/Paul-Dummett"
2021,"Newcastle Utd","Premier League","Federico Fernández","ARG","DF","31",1989,24,24,2079,23.1,0,0,0,0,0,0,4,0,1,32,7,0,0,0,0,0,0.3,0.3,0.6,0.8,0.01,0.03,0.04,0.01,0.04,"https://fbref.com/en/players/f25b010f/Federico-Fernandez"
2021,"Newcastle Utd","Premier League","Ryan Fraser","SCO","FW,MF","26",1994,18,9,928,10.3,0,2,2,0,0,0,2,1,21,18,71,0,0.19,0.19,0,0.19,0.9,0.9,2,2.9,0.09,0.19,0.28,0.09,0.28,"https://fbref.com/en/players/d56543a0/Ryan-Fraser"
2021,"Newcastle Utd","Premier League","Dwight Gayle","ENG","FW,MF","29",1990,18,4,514,5.7,1,1,2,1,0,0,0,0,3,6,30,0.18,0.18,0.35,0.18,0.35,2.9,2.9,0.3,3.3,0.51,0.06,0.57,0.51,0.57,"https://fbref.com/en/players/e58a03c6/Dwight-Gayle"
2021,"Newcastle Utd","Premier League","Isaac Hayden","ENG","MF,DF","25",1995,24,22,1942,21.6,0,0,0,0,0,0,8,0,7,47,20,0,0,0,0,0,0.7,0.7,0.3,1,0.03,0.01,0.04,0.03,0.04,"https://fbref.com/en/players/c951a6df/Isaac-Hayden"
2021,"Newcastle Utd","Premier League","Jeff Hendrick","IRL","MF","28",1992,22,17,1422,15.8,2,1,3,2,0,0,3,1,7,37,24,0.13,0.06,0.19,0.13,0.19,1.1,1.1,1.1,2.2,0.07,0.07,0.14,0.07,0.14,"https://fbref.com/en/players/989d5705/Jeff-Hendrick"
2021,"Newcastle Utd","Premier League","Joelinton","BRA","FW,MF","23",1996,31,23,1983,22,4,2,6,3,1,1,3,0,34,39,104,0.18,0.09,0.27,0.14,0.23,5.4,4.6,2.4,7.1,0.25,0.11,0.36,0.21,0.32,"https://fbref.com/en/players/c17bfb65/Joelinton"
2021,"Newcastle Utd","Premier League","Emil Krafth","SWE","DF","25",1994,16,14,1288,14.3,1,0,1,1,0,0,4,0,12,28,25,0.07,0,0.07,0.07,0.07,0.3,0.3,0.4,0.7,0.02,0.03,0.05,0.02,0.05,"https://fbref.com/en/players/77cf6852/Emil-Krafth"
2021,"Newcastle Utd","Premier League","Jamaal Lascelles","ENG","DF","26",1993,19,19,1625,18.1,2,0,2,2,0,0,4,0,4,22,2,0.11,0,0.11,0.11,0.11,1.3,1.3,0.1,1.4,0.07,0.01,0.08,0.07,0.08,"https://fbref.com/en/players/450ab6fc/Jamaal-Lascelles"
2021,"Newcastle Utd","Premier League","Jamal Lewis","NIR","DF","22",1998,24,20,1837,20.4,0,1,1,0,0,0,4,0,27,41,56,0,0.05,0.05,0,0.05,0.1,0.1,1,1.1,0.01,0.05,0.06,0.01,0.06,"https://fbref.com/en/players/efb9215a/Jamal-Lewis"
2021,"Newcastle Utd","Premier League","Matthew Longstaff","ENG","MF","20",2000,5,4,377,4.2,0,0,0,0,0,0,0,0,1,6,2,0,0,0,0,0,0,0,0.2,0.2,0,0.04,0.04,0,0.04,"https://fbref.com/en/players/c0027d2d/Matthew-Longstaff"
2021,"Newcastle Utd","Premier League","Sean Longstaff","ENG","MF","22",1997,22,15,1412,15.7,0,1,1,0,0,0,2,0,5,45,18,0,0.06,0.06,0,0.06,1.4,1.4,1,2.3,0.09,0.06,0.15,0.09,0.15,"https://fbref.com/en/players/a2b105e0/Sean-Longstaff"
2021,"Newcastle Utd","Premier League","Javier Manquillo","ESP","DF","26",1994,13,10,825,9.2,0,0,0,0,0,0,1,0,13,20,29,0,0,0,0,0,0,0,0.3,0.3,0,0.03,0.03,0,0.03,"https://fbref.com/en/players/758dd7f0/Javier-Manquillo"
2021,"Newcastle Utd","Premier League","Jacob Murphy","ENG","DF,MF","25",1995,26,17,1626,18.1,2,3,5,2,0,0,3,0,48,47,46,0.11,0.17,0.28,0.11,0.28,1.7,1.7,3.8,5.4,0.09,0.21,0.3,0.09,0.3,"https://fbref.com/en/players/de112b84/Jacob-Murphy"
2021,"Newcastle Utd","Premier League","Matt Ritchie","SCO","DF,MF","30",1989,18,15,1350,15,0,2,2,0,0,0,2,0,23,38,42,0,0.13,0.13,0,0.13,0.4,0.4,2.2,2.6,0.03,0.14,0.17,0.03,0.17,"https://fbref.com/en/players/71ef519e/Matt-Ritchie"
2021,"Newcastle Utd","Premier League","Allan Saint-Maximin","FRA","FW,MF","23",1997,25,19,1560,17.3,3,4,7,3,0,0,0,0,81,65,86,0.17,0.23,0.4,0.17,0.4,2.6,2.6,3.7,6.3,0.15,0.21,0.36,0.15,0.36,"https://fbref.com/en/players/2b16cb1a/Allan-Saint-Maximin"
2021,"Newcastle Utd","Premier League","Fabian Schär","SUI","DF","28",1991,18,13,1246,13.8,1,0,1,0,1,1,4,1,6,41,0,0.07,0,0.07,0,0,1.3,0.5,0,0.5,0.09,0,0.09,0.04,0.04,"https://fbref.com/en/players/c8aa95da/Fabian-Schar"
2021,"Newcastle Utd","Premier League","Jonjo Shelvey","ENG","MF","28",1992,30,29,2617,29.1,1,3,4,1,0,0,7,0,20,132,24,0.03,0.1,0.14,0.03,0.14,2.5,2.5,3,5.5,0.09,0.1,0.19,0.09,0.19,"https://fbref.com/en/players/3727dd3c/Jonjo-Shelvey"
2021,"Newcastle Utd","Premier League","Joe Willock","ENG","MF","20",1999,14,11,978,10.9,8,0,8,8,0,1,0,0,23,29,34,0.74,0,0.74,0.74,0.74,3.9,3,0.5,3.5,0.36,0.05,0.41,0.28,0.33,"https://fbref.com/en/players/a3b03921/Joe-Willock"
2021,"Newcastle Utd","Premier League","Callum Wilson","ENG","FW","28",1992,26,23,2084,23.2,12,5,17,8,4,4,2,0,42,32,116,0.52,0.22,0.73,0.35,0.56,12.4,9.3,2.8,12.1,0.54,0.12,0.66,0.4,0.52,"https://fbref.com/en/players/c596fcb0/Callum-Wilson"
2021,"Newcastle Utd","Premier League","DeAndre Yedlin","USA","DF","27",1993,6,5,436,4.8,0,0,0,0,0,0,0,0,6,12,15,0,0,0,0,0,0.1,0.1,0.1,0.2,0.02,0.02,0.04,0.02,0.04,"https://fbref.com/en/players/ae0a7ddf/DeAndre-Yedlin"
2021,"Sheffield Utd","Premier League","Ethan Ampadu","WAL","DF,MF","19",2000,25,23,2089,23.2,0,0,0,0,0,0,3,0,25,100,23,0,0,0,0,0,0.3,0.3,1.2,1.5,0.01,0.05,0.07,0.01,0.07,"https://fbref.com/en/players/10b9fa99/Ethan-Ampadu"
2021,"Sheffield Utd","Premier League","George Baldock","GRE","DF","27",1993,32,32,2787,31,0,2,2,0,0,0,7,0,68,75,140,0,0.06,0.06,0,0.06,1.2,1.2,2.9,4,0.04,0.09,0.13,0.04,0.13,"https://fbref.com/en/players/394854c4/George-Baldock"
2021,"Sheffield Utd","Premier League","Chris Basham","ENG","DF,MF","32",1988,31,31,2576,28.6,0,1,1,0,0,0,5,0,38,82,48,0,0.03,0.03,0,0.03,0.7,0.7,0.9,1.6,0.03,0.03,0.06,0.03,0.06,"https://fbref.com/en/players/1aa84968/Chris-Basham"
2021,"Sheffield Utd","Premier League","Sander Berge","NOR","MF","22",1998,15,13,1120,12.4,1,1,2,0,1,1,4,0,39,39,33,0.08,0.08,0.16,0,0.08,1.2,0.4,1.1,1.6,0.1,0.09,0.19,0.04,0.13,"https://fbref.com/en/players/d0b6129f/Sander-Berge"
2021,"Sheffield Utd","Premier League","Jayden Bogle","ENG","DF,MF","20",2000,16,12,1110,12.3,2,0,2,2,0,0,2,0,11,24,61,0.16,0,0.16,0.16,0.16,1.9,1.9,0.2,2.2,0.16,0.02,0.17,0.16,0.17,"https://fbref.com/en/players/ae5019e6/Jayden-Bogle"
2021,"Sheffield Utd","Premier League","Rhian Brewster","ENG","FW,MF","20",2000,27,12,1128,12.5,0,0,0,0,0,0,1,0,11,20,48,0,0,0,0,0,1.8,1.8,1.6,3.4,0.14,0.13,0.27,0.14,0.27,"https://fbref.com/en/players/30e81a88/Rhian-Brewster"
2021,"Sheffield Utd","Premier League","Kean Bryan","ENG","DF","23",1996,13,12,1004,11.2,1,0,1,1,0,0,1,0,7,22,18,0.09,0,0.09,0.09,0.09,0.9,0.9,0.6,1.5,0.08,0.05,0.14,0.08,0.14,"https://fbref.com/en/players/c684d3c9/Kean-Bryan"
2021,"Sheffield Utd","Premier League","Oliver Burke","SCO","FW","23",1997,25,14,1269,14.1,1,1,2,1,0,0,2,0,30,19,108,0.07,0.07,0.14,0.07,0.14,2.1,2.1,2.2,4.3,0.15,0.16,0.31,0.15,0.31,"https://fbref.com/en/players/f631c17f/Oliver-Burke"
2021,"Sheffield Utd","Premier League","John Egan","IRL","DF","27",1992,31,30,2629,29.2,0,1,1,0,0,0,7,1,11,60,2,0,0.03,0.03,0,0.03,0.8,0.8,0.6,1.4,0.03,0.02,0.05,0.03,0.05,"https://fbref.com/en/players/debe38a0/John-Egan"
2021,"Sheffield Utd","Premier League","John Fleck","SCO","MF","28",1991,31,29,2575,28.6,0,2,2,0,0,0,4,0,54,151,62,0,0.07,0.07,0,0.07,0.6,0.6,2.9,3.5,0.02,0.1,0.12,0.02,0.12,"https://fbref.com/en/players/b63e789d/John-Fleck"
2021,"Sheffield Utd","Premier League","Antwoine Hackford","ENG","DF","16",2004,1,0,11,0.1,0,0,0,0,0,0,0,0,0,0,0,0,0,0,0,0,0.1,0.1,0,0.1,0.84,0,0.84,0.84,0.84,"https://fbref.com/en/players/a7588cdc/Antwoine-Hackford"
2021,"Sheffield Utd","Premier League","Phil Jagielka","ENG","DF","37",1982,10,6,526,5.8,0,0,0,0,0,0,1,1,1,6,2,0,0,0,0,0,0,0,0,0,0,0,0,0,0,"https://fbref.com/en/players/3233eefd/Phil-Jagielka"
2021,"Sheffield Utd","Premier League","Daniel Jebbison","ENG","FW","17",2003,4,3,284,3.2,1,0,1,1,0,0,0,0,2,1,6,0.32,0,0.32,0.32,0.32,1.1,1.1,0,1.2,0.36,0.01,0.37,0.36,0.37,"https://fbref.com/en/players/03edb878/Daniel-Jebbison"
2021,"Sheffield Utd","Premier League","Max Lowe","ENG","DF","23",1997,8,7,550,6.1,0,0,0,0,0,0,1,0,10,14,32,0,0,0,0,0,0.1,0.1,0.1,0.2,0.01,0.02,0.03,0.01,0.03,"https://fbref.com/en/players/7af88b33/Max-Lowe"
2021,"Sheffield Utd","Premier League","John Lundstram","ENG","MF","26",1994,28,23,2032,22.6,0,2,2,0,0,1,8,1,35,78,73,0,0.09,0.09,0,0.09,1.9,1.1,1.3,2.4,0.08,0.06,0.14,0.05,0.11,"https://fbref.com/en/players/0df2b165/John-Lundstram"
2021,"Sheffield Utd","Premier League","Oliver McBurnie","SCO","FW","24",1996,23,12,1324,14.7,1,0,1,1,0,0,2,0,14,44,58,0.07,0,0.07,0.07,0.07,3.9,3.9,1.1,5,0.26,0.07,0.34,0.26,0.34,"https://fbref.com/en/players/78b8ac63/Oliver-McBurnie"
2021,"Sheffield Utd","Premier League","David McGoldrick","IRL","FW,MF","32",1987,35,28,2397,26.6,8,1,9,8,0,0,7,0,42,94,162,0.3,0.04,0.34,0.3,0.34,6.9,6.9,1.1,8,0.26,0.04,0.3,0.26,0.3,"https://fbref.com/en/players/dbe56a33/David-McGoldrick"
2021,"Sheffield Utd","Premier League","Lys Mousset","FRA","FW,MF","24",1996,11,2,296,3.3,0,0,0,0,0,0,0,0,3,3,16,0,0,0,0,0,1,1,0.3,1.3,0.29,0.1,0.39,0.29,0.39,"https://fbref.com/en/players/d9cfca3d/Lys-Mousset"
2021,"Sheffield Utd","Premier League","Iliman Ndiaye","SEN","MF","20",2000,1,0,12,0.1,0,0,0,0,0,0,0,0,0,0,0,0,0,0,0,0,0,0,0,0,0,0,0,0,0,"https://fbref.com/en/players/5ed97752/Iliman-Ndiaye"
2021,"Sheffield Utd","Premier League","Oliver Norwood","NIR","MF","29",1991,32,26,2220,24.7,0,0,0,0,0,0,6,0,7,125,19,0,0,0,0,0,0.5,0.5,2,2.4,0.02,0.08,0.1,0.02,0.1,"https://fbref.com/en/players/43439614/Oliver-Norwood"
2021,"Sheffield Utd","Premier League","Jack O'Connell","ENG","DF","26",1994,2,2,180,2,0,0,0,0,0,0,0,0,0,5,2,0,0,0,0,0,0,0,0,0,0,0,0,0,0,"https://fbref.com/en/players/312626c1/Jack-OConnell"
2021,"Sheffield Utd","Premier League","Ben Osborn","ENG","MF,DF","25",1994,24,17,1604,17.8,1,0,1,1,0,0,1,0,27,77,100,0.06,0,0.06,0.06,0.06,1.1,1.1,2,3.2,0.06,0.12,0.18,0.06,0.18,"https://fbref.com/en/players/79bc4c45/Ben-Osborn"
2021,"Sheffield Utd","Premier League","Aaron Ramsdale","ENG","GK","22",1998,38,38,3420,38,0,0,0,0,0,0,1,0,0,0,0,0,0,0,0,0,0,0,0.1,0.1,0,0,0,0,0,"https://fbref.com/en/players/466fb2c5/Aaron-Ramsdale"
2021,"Sheffield Utd","Premier League","Jack Robinson","ENG","DF","26",1993,11,9,877,9.7,0,1,1,0,0,0,3,0,3,22,6,0,0.1,0.1,0,0.1,0.7,0.7,0.6,1.3,0.07,0.06,0.13,0.07,0.13,"https://fbref.com/en/players/7399c7a8/Jack-Robinson"
2021,"Sheffield Utd","Premier League","Femi Seriki","ENG","MF","18",2002,1,0,1,0,0,0,0,0,0,0,0,0,0,0,0,0,0,0,0,0,0,0,0,0,0,0,0,0,0,"https://fbref.com/en/players/e4e0deaa/Femi-Seriki"
2021,"Sheffield Utd","Premier League","Billy Sharp","ENG","FW","34",1986,16,7,735,8.2,3,0,3,1,2,2,1,0,9,11,65,0.37,0,0.37,0.12,0.12,3,1.5,0.5,2,0.37,0.07,0.44,0.18,0.24,"https://fbref.com/en/players/e8c9f4e9/Billy-Sharp"
2021,"Sheffield Utd","Premier League","Enda Stevens","IRL","DF","30",1990,30,30,2700,30,0,1,1,0,0,0,6,0,44,124,99,0,0.03,0.03,0,0.03,1.3,1.3,1.6,2.9,0.04,0.05,0.1,0.04,0.1,"https://fbref.com/en/players/17d4507a/Enda-Stevens"
2021,"Southampton","Premier League","Che Adams","SCO","FW","24",1996,36,30,2667,29.6,9,5,14,9,0,0,1,0,32,57,149,0.3,0.17,0.47,0.3,0.47,9.8,9.8,5,14.8,0.33,0.17,0.5,0.33,0.5,"https://fbref.com/en/players/f2bf1b0f/Che-Adams"
2021,"Southampton","Premier League","Stuart Armstrong","SCO","MF","28",1992,33,32,2764,30.7,4,5,9,4,0,0,3,0,109,144,118,0.13,0.16,0.29,0.13,0.29,2.7,2.7,2.6,5.3,0.09,0.08,0.17,0.09,0.17,"https://fbref.com/en/players/97333cf5/Stuart-Armstrong"
2021,"Southampton","Premier League","Jan Bednarek","POL","DF","24",1996,36,36,3100,34.4,1,1,2,1,0,0,5,1,13,76,3,0.03,0.03,0.06,0.03,0.06,0.7,0.7,0.6,1.3,0.02,0.02,0.04,0.02,0.04,"https://fbref.com/en/players/4115ce4e/Jan-Bednarek"
2021,"Southampton","Premier League","Ryan Bertrand","ENG","DF","30",1989,29,29,2598,28.9,0,1,1,0,0,0,5,0,46,101,120,0,0.03,0.03,0,0.03,0.4,0.4,1.3,1.6,0.01,0.04,0.06,0.01,0.06,"https://fbref.com/en/players/01226327/Ryan-Bertrand"
2021,"Southampton","Premier League","Ibrahima Diallo","FRA","MF","21",1999,22,10,1020,11.3,0,0,0,0,0,0,3,0,11,46,13,0,0,0,0,0,0.5,0.5,0.6,1.1,0.04,0.06,0.1,0.04,0.1,"https://fbref.com/en/players/11ff3d56/Ibrahima-Diallo"
2021,"Southampton","Premier League","Moussa Djenepo","MLI","MF","22",1998,27,15,1240,13.8,1,0,1,1,0,0,5,0,28,32,78,0.07,0,0.07,0.07,0.07,0.8,0.8,0.4,1.2,0.06,0.03,0.08,0.06,0.08,"https://fbref.com/en/players/254147d4/Moussa-Djenepo"
2021,"Southampton","Premier League","Fraser Forster","ENG","GK","32",1988,8,8,720,8,0,0,0,0,0,0,0,0,0,0,0,0,0,0,0,0,0,0,0,0,0,0,0,0,0,"https://fbref.com/en/players/c3e39f12/Fraser-Forster"
2021,"Southampton","Premier League","Danny Ings","ENG","FW","28",1992,29,26,2173,24.1,12,4,16,10,2,2,1,0,37,52,134,0.5,0.17,0.66,0.41,0.58,8.5,6.9,2.1,9.1,0.35,0.09,0.44,0.29,0.38,"https://fbref.com/en/players/07802f7f/Danny-Ings"
2021,"Southampton","Premier League","Alexandre Jankewitz","SUI","MF","18",2001,2,1,3,0,0,0,0,0,0,0,0,1,0,1,0,0,0,0,0,0,0,0,0,0,0,0,0,0,0,"https://fbref.com/en/players/7c39363f/Alexandre-Jankewitz"
2021,"Southampton","Premier League","Shane Long","IRL","FW","33",1987,11,1,210,2.3,0,0,0,0,0,0,0,0,1,3,10,0,0,0,0,0,0.1,0.1,0,0.1,0.03,0,0.03,0.03,0.03,"https://fbref.com/en/players/9f472354/Shane-Long"
2021,"Southampton","Premier League","Alex McCarthy","ENG","GK","30",1989,30,30,2700,30,0,0,0,0,0,0,2,0,0,0,1,0,0,0,0,0,0,0,0,0,0,0,0,0,0,"https://fbref.com/en/players/36c2ca73/Alex-McCarthy"
2021,"Southampton","Premier League","Takumi Minamino","JPN","MF","25",1995,10,9,711,7.9,2,0,2,2,0,0,1,0,19,15,42,0.25,0,0.25,0.25,0.25,1.5,1.5,0.5,2,0.18,0.06,0.25,0.18,0.25,"https://fbref.com/en/players/f833a830/Takumi-Minamino"
2021,"Southampton","Premier League","Dan Nlundulu","ENG","FW,MF","21",1999,13,0,111,1.2,0,0,0,0,0,0,0,0,1,4,13,0,0,0,0,0,0.1,0.1,0,0.1,0.04,0.03,0.07,0.04,0.07,"https://fbref.com/en/players/30040f5d/Dan-Nlundulu"
2021,"Southampton","Premier League","Michael Obafemi","IRL","FW","20",2000,4,0,61,0.7,0,0,0,0,0,0,0,0,1,1,5,0,0,0,0,0,0,0,0.1,0.1,0,0.1,0.1,0,0.1,"https://fbref.com/en/players/caa1a7f0/Michael-Obafemi"
2021,"Southampton","Premier League","Kayne Ramsey","ENG","DF","19",2000,1,1,90,1,0,0,0,0,0,0,1,0,0,0,0,0,0,0,0,0,0,0,0,0,0,0,0,0,0,"https://fbref.com/en/players/dc31b84c/Kayne-Ramsey"
2021,"Southampton","Premier League","Nathan Redmond","ENG","MF,FW","26",1994,29,17,1738,19.3,2,3,5,2,0,0,1,0,70,75,149,0.1,0.16,0.26,0.1,0.26,3.1,3.1,3.2,6.2,0.16,0.16,0.32,0.16,0.32,"https://fbref.com/en/players/ab651565/Nathan-Redmond"
2021,"Southampton","Premier League","Oriol Romeu","ESP","MF","28",1991,21,20,1763,19.6,1,1,2,1,0,0,6,0,25,91,15,0.05,0.05,0.1,0.05,0.1,0.5,0.5,1.4,1.8,0.02,0.07,0.09,0.02,0.09,"https://fbref.com/en/players/4b511457/Oriol-Romeu"
2021,"Southampton","Premier League","Mohammed Salisu","GHA","DF","21",1999,12,8,844,9.4,0,0,0,0,0,0,1,0,8,13,8,0,0,0,0,0,0.3,0.3,0.4,0.7,0.03,0.04,0.07,0.03,0.07,"https://fbref.com/en/players/0b33f6ad/Mohammed-Salisu"
2021,"Southampton","Premier League","William Smallbone","IRL","MF","20",2000,3,2,172,1.9,0,0,0,0,0,0,0,0,5,7,10,0,0,0,0,0,0.1,0.1,0,0.1,0.03,0,0.03,0.03,0.03,"https://fbref.com/en/players/5e105217/William-Smallbone"
2021,"Southampton","Premier League","Jack Stephens","ENG","DF","26",1994,18,17,1537,17.1,0,0,0,0,0,0,2,0,17,65,3,0,0,0,0,0,0.8,0.8,0.3,1.1,0.05,0.02,0.06,0.05,0.06,"https://fbref.com/en/players/6adbc307/Jack-Stephens"
2021,"Southampton","Premier League","Allan Tchaptchet","FRA","DF","18",2001,1,0,13,0.1,0,0,0,0,0,0,0,0,0,0,0,0,0,0,0,0,0,0,0,0,0,0,0,0,0,"https://fbref.com/en/players/ab7d7882/Allan-Tchaptchet"
2021,"Southampton","Premier League","Nathan Tella","ENG","FW,MF","21",1999,18,7,745,8.3,1,1,2,1,0,0,2,0,19,9,36,0.12,0.12,0.24,0.12,0.24,1.6,1.6,0.8,2.4,0.2,0.09,0.29,0.2,0.29,"https://fbref.com/en/players/f1e94cd6/Nathan-Tella"
2021,"Southampton","Premier League","Yan Valery","TUN","DF,MF","21",1999,3,1,103,1.1,0,0,0,0,0,0,0,0,6,3,9,0,0,0,0,0,0.2,0.2,0.1,0.2,0.16,0.05,0.21,0.16,0.21,"https://fbref.com/en/players/531a4aa8/Yan-Valery"
2021,"Southampton","Premier League","Jannik Vestergaard","DEN","DF","27",1992,30,29,2574,28.6,3,0,3,3,0,0,3,1,14,82,2,0.1,0,0.1,0.1,0.1,1.5,1.5,0.5,2.1,0.05,0.02,0.07,0.05,0.07,"https://fbref.com/en/players/1900032e/Jannik-Vestergaard"
2021,"Southampton","Premier League","Jake Vokins","ENG","DF","20",2000,1,1,66,0.7,0,0,0,0,0,0,0,0,1,3,2,0,0,0,0,0,0,0,0.1,0.1,0,0.08,0.08,0,0.08,"https://fbref.com/en/players/d484c261/Jake-Vokins"
2021,"Southampton","Premier League","Theo Walcott","ENG","MF,FW","31",1989,21,20,1618,18,3,3,6,3,0,0,0,0,37,37,105,0.17,0.17,0.33,0.17,0.33,2.3,2.3,1,3.3,0.13,0.06,0.18,0.13,0.18,"https://fbref.com/en/players/1ecb65be/Theo-Walcott"
2021,"Southampton","Premier League","Kyle Walker-Peters","ENG","DF","23",1997,30,30,2645,29.4,0,2,2,0,0,0,4,0,92,89,112,0,0.07,0.07,0,0.07,1,1,1.2,2.2,0.04,0.04,0.08,0.04,0.08,"https://fbref.com/en/players/984a5a64/Kyle-Walker-Peters"
2021,"Southampton","Premier League","James Ward-Prowse","ENG","MF","25",1994,38,38,3420,38,8,7,15,5,3,4,5,0,34,189,51,0.21,0.18,0.39,0.13,0.32,5.7,2.5,3.9,6.4,0.15,0.1,0.25,0.07,0.17,"https://fbref.com/en/players/3515d404/James-Ward-Prowse"
2021,"Southampton","Premier League","Caleb Watts","AUS","MF","18",2002,3,0,39,0.4,0,0,0,0,0,0,1,0,0,0,2,0,0,0,0,0,0,0,0,0,0,0,0,0,0,"https://fbref.com/en/players/c7170b46/Caleb-Watts"
2021,"Tottenham","Premier League","Toby Alderweireld","BEL","DF","31",1989,25,25,2240,24.9,1,0,1,1,0,0,2,0,3,59,1,0.04,0,0.04,0.04,0.04,0.7,0.7,0.7,1.4,0.03,0.03,0.06,0.03,0.06,"https://fbref.com/en/players/f7d50789/Toby-Alderweireld"
2021,"Tottenham","Premier League","Dele Alli","ENG","MF","24",1996,15,7,620,6.9,0,1,1,0,0,0,0,0,15,26,30,0,0.15,0.15,0,0.15,2,2,1.2,3.3,0.3,0.18,0.47,0.3,0.47,"https://fbref.com/en/players/cea4ee8f/Dele-Alli"
2021,"Tottenham","Premier League","Serge Aurier","CIV","DF","27",1992,19,19,1605,17.8,2,3,5,2,0,0,0,0,28,59,82,0.11,0.17,0.28,0.11,0.28,1.1,1.1,3.4,4.5,0.06,0.19,0.25,0.06,0.25,"https://fbref.com/en/players/5c2b4f07/Serge-Aurier"
2021,"Tottenham","Premier League","Gareth Bale","WAL","FW","31",1989,20,10,920,10.2,11,2,13,11,0,0,1,0,31,43,85,1.08,0.2,1.27,1.08,1.27,5.8,5.8,1.8,7.6,0.57,0.18,0.74,0.57,0.74,"https://fbref.com/en/players/a58bb1e1/Gareth-Bale"
2021,"Tottenham","Premier League","Steven Bergwijn","NED","FW,MF","22",1997,21,13,1208,13.4,1,3,4,1,0,0,3,0,32,25,83,0.07,0.22,0.3,0.07,0.3,2,2,0.9,2.9,0.15,0.06,0.21,0.15,0.21,"https://fbref.com/en/players/a29b1131/Steven-Bergwijn"
2021,"Tottenham","Premier League","Ben Davies","WAL","DF","27",1993,20,14,1346,15,0,1,1,0,0,0,1,0,28,51,55,0,0.07,0.07,0,0.07,0.2,0.2,0.6,0.8,0.01,0.04,0.05,0.01,0.05,"https://fbref.com/en/players/44781702/Ben-Davies"
2021,"Tottenham","Premier League","Eric Dier","ENG","DF","26",1994,28,28,2520,28,0,0,0,0,0,0,3,0,21,65,6,0,0,0,0,0,1.2,1.2,0.3,1.4,0.04,0.01,0.05,0.04,0.05,"https://fbref.com/en/players/ac861941/Eric-Dier"
2021,"Tottenham","Premier League","Matt Doherty","IRL","DF","28",1992,17,13,1240,13.8,0,2,2,0,0,0,4,1,18,42,68,0,0.15,0.15,0,0.15,0.4,0.4,0.7,1.1,0.03,0.05,0.08,0.03,0.08,"https://fbref.com/en/players/d557d734/Matt-Doherty"
2021,"Tottenham","Premier League","Son Heung-min","KOR","FW","28",1992,37,36,3114,34.6,17,10,27,16,1,1,0,0,88,87,266,0.49,0.29,0.78,0.46,0.75,9.7,8.9,8.4,17.4,0.28,0.24,0.52,0.26,0.5,"https://fbref.com/en/players/92e7e919/Son-Heung-min"
2021,"Tottenham","Premier League","Pierre Højbjerg","DEN","MF","24",1995,38,38,3420,38,2,4,6,2,0,0,9,0,36,218,26,0.05,0.11,0.16,0.05,0.16,1.1,1.1,1.6,2.7,0.03,0.04,0.07,0.03,0.07,"https://fbref.com/en/players/8b04d6c1/Pierre-Hojbjerg"
2021,"Tottenham","Premier League","Harry Kane","ENG","FW","27",1993,35,35,3082,34.2,23,14,37,19,4,4,1,0,75,132,185,0.67,0.41,1.08,0.55,0.96,20.1,16.9,7.1,24,0.59,0.21,0.79,0.49,0.7,"https://fbref.com/en/players/21a66f6a/Harry-Kane"
2021,"Tottenham","Premier League","Érik Lamela","ARG","FW,MF","28",1992,23,5,717,8,1,0,1,1,0,0,6,1,28,36,49,0.13,0,0.13,0.13,0.13,1.1,1.1,1,2.1,0.14,0.12,0.26,0.14,0.26,"https://fbref.com/en/players/abe66106/Erik-Lamela"
2021,"Tottenham","Premier League","Hugo Lloris","FRA","GK","33",1986,38,38,3420,38,0,0,0,0,0,0,0,0,0,0,0,0,0,0,0,0,0,0,0,0,0,0,0,0,0,"https://fbref.com/en/players/8f62b6ee/Hugo-Lloris"
2021,"Tottenham","Premier League","Giovani Lo Celso","ARG","MF","24",1996,18,11,945,10.5,1,1,2,1,0,0,5,0,21,71,34,0.1,0.1,0.19,0.1,0.19,1.4,1.4,1,2.4,0.14,0.09,0.23,0.14,0.23,"https://fbref.com/en/players/d7553721/Giovani-Lo-Celso"
2021,"Tottenham","Premier League","Lucas Moura","BRA","FW,MF","27",1992,30,14,1411,15.7,3,4,7,3,0,0,1,0,43,46,78,0.19,0.26,0.45,0.19,0.45,1.9,1.9,2,3.9,0.12,0.13,0.25,0.12,0.25,"https://fbref.com/en/players/2b622f01/Lucas-Moura"
2021,"Tottenham","Premier League","Tanguy Ndombele","FRA","MF","23",1996,33,28,2091,23.2,3,2,5,3,0,0,3,0,60,114,58,0.13,0.09,0.22,0.13,0.22,1.6,1.6,1.8,3.4,0.07,0.08,0.15,0.07,0.15,"https://fbref.com/en/players/5cdddffa/Tanguy-Ndombele"
2021,"Tottenham","Premier League","Sergio Reguilón","ESP","DF","23",1996,27,26,2244,24.9,0,3,3,0,0,0,5,0,52,73,152,0,0.12,0.12,0,0.12,1,1,2,3.1,0.04,0.08,0.12,0.04,0.12,"https://fbref.com/en/players/3353737a/Sergio-Reguilon"
2021,"Tottenham","Premier League","Joe Rodon","WAL","DF","22",1997,12,8,733,8.1,0,0,0,0,0,0,0,0,2,12,0,0,0,0,0,0,0,0,0,0,0,0,0,0,0,"https://fbref.com/en/players/8d62d31a/Joe-Rodon"
2021,"Tottenham","Premier League","Davinson Sánchez","COL","DF","24",1996,18,17,1486,16.5,0,0,0,0,0,0,1,0,2,36,0,0,0,0,0,0,0.8,0.8,0,0.8,0.05,0,0.05,0.05,0.05,"https://fbref.com/en/players/da7b447d/Davinson-Sanchez"
2021,"Tottenham","Premier League","Dane Scarlett","ENG","FW","16",2004,1,0,1,0,0,0,0,0,0,0,0,0,0,0,0,0,0,0,0,0,0,0,0,0,0,0,0,0,0,"https://fbref.com/en/players/21945a9e/Dane-Scarlett"
2021,"Tottenham","Premier League","Moussa Sissoko","FRA","MF","30",1989,25,15,1585,17.6,0,0,0,0,0,0,3,0,32,57,34,0,0,0,0,0,0.2,0.2,0.1,0.4,0.01,0.01,0.02,0.01,0.02,"https://fbref.com/en/players/2acd49b9/Moussa-Sissoko"
2021,"Tottenham","Premier League","Japhet Tanganga","ENG","DF","21",1999,6,6,487,5.4,0,0,0,0,0,0,2,0,8,14,11,0,0,0,0,0,0.4,0.4,0.6,1.1,0.08,0.12,0.2,0.08,0.2,"https://fbref.com/en/players/e9971f2d/Japhet-Tanganga"
2021,"Tottenham","Premier League","Carlos Vinícius","BRA","FW","25",1995,9,3,308,3.4,1,0,1,1,0,0,2,0,1,2,12,0.29,0,0.29,0.29,0.29,1.2,1.2,0.1,1.3,0.36,0.02,0.39,0.36,0.39,"https://fbref.com/en/players/8b529245/Carlos-Vinicius"
2021,"Tottenham","Premier League","Harry Winks","ENG","MF","24",1996,15,9,861,9.6,0,0,0,0,0,0,5,0,9,62,1,0,0,0,0,0,0.1,0.1,0.2,0.2,0.01,0.02,0.02,0.01,0.02,"https://fbref.com/en/players/2f7acede/Harry-Winks"
2021,"West Brom","Premier League","Semi Ajayi","NGA","DF","26",1993,33,31,2780,30.9,2,0,2,2,0,0,3,1,13,73,7,0.06,0,0.06,0.06,0.06,1.9,1.9,0.5,2.4,0.06,0.02,0.08,0.06,0.08,"https://fbref.com/en/players/d6192210/Semi-Ajayi"
2021,"West Brom","Premier League","Charlie Austin","ENG","FW,MF","31",1989,5,0,138,1.5,0,0,0,0,0,0,0,0,1,3,4,0,0,0,0,0,0.4,0.4,0,0.4,0.29,0,0.29,0.29,0.29,"https://fbref.com/en/players/8d228291/Charlie-Austin"
2021,"West Brom","Premier League","Kyle Bartley","ENG","DF","29",1991,30,28,2584,28.7,3,1,4,3,0,0,4,0,2,44,3,0.1,0.03,0.14,0.1,0.14,2.5,2.5,1.4,3.9,0.09,0.05,0.14,0.09,0.14,"https://fbref.com/en/players/18e96f64/Kyle-Bartley"
2021,"West Brom","Premier League","David Button","ENG","GK","31",1989,1,1,90,1,0,0,0,0,0,0,0,0,0,0,0,0,0,0,0,0,0,0,0,0,0,0,0,0,0,"https://fbref.com/en/players/e608ed4c/David-Button"
2021,"West Brom","Premier League","Mbaye Diagne","SEN","FW","28",1991,16,14,1189,13.2,3,2,5,3,0,0,2,0,4,12,60,0.23,0.15,0.38,0.23,0.38,6.6,6.6,1,7.6,0.5,0.07,0.58,0.5,0.58,"https://fbref.com/en/players/dda3969e/Mbaye-Diagne"
2021,"West Brom","Premier League","Grady Diangana","ENG","MF,FW","22",1998,20,15,1235,13.7,1,0,1,1,0,0,0,0,25,32,84,0.07,0,0.07,0.07,0.07,1.1,1.1,0.2,1.2,0.08,0.01,0.09,0.08,0.09,"https://fbref.com/en/players/f522d7ec/Grady-Diangana"
2021,"West Brom","Premier League","Kyle Edwards","ENG","MF,FW","22",1998,5,1,118,1.3,0,0,0,0,0,0,0,0,5,3,4,0,0,0,0,0,0.1,0.1,0,0.1,0.09,0.02,0.11,0.09,0.11,"https://fbref.com/en/players/1566e437/Kyle-Edwards"
2021,"West Brom","Premier League","Sam Field","ENG","MF","22",1998,3,0,62,0.7,0,0,0,0,0,0,0,0,0,2,0,0,0,0,0,0,0,0,0,0,0,0,0,0,0,"https://fbref.com/en/players/bd8a7d05/Sam-Field"
2021,"West Brom","Premier League","Darnell Furlong","ENG","DF","24",1995,35,32,2932,32.6,1,3,4,1,0,0,5,0,44,78,104,0.03,0.09,0.12,0.03,0.12,2,2,1.9,4,0.06,0.06,0.12,0.06,0.12,"https://fbref.com/en/players/3ec9195b/Darnell-Furlong"
2021,"West Brom","Premier League","Conor Gallagher","ENG","MF","20",2000,30,28,2531,28.1,2,2,4,2,0,0,11,0,32,97,59,0.07,0.07,0.14,0.07,0.14,1.5,1.5,1.8,3.3,0.05,0.06,0.12,0.05,0.12,"https://fbref.com/en/players/c2731c10/Conor-Gallagher"
2021,"West Brom","Premier League","Kieran Gibbs","ENG","DF","30",1989,10,9,809,9,0,0,0,0,0,0,1,1,11,19,17,0,0,0,0,0,0.1,0.1,0.4,0.4,0.01,0.04,0.05,0.01,0.05,"https://fbref.com/en/players/46ee5234/Kieran-Gibbs"
2021,"West Brom","Premier League","Karlan Grant","ENG","FW,MF","22",1997,21,14,1127,12.5,1,0,1,1,0,0,1,0,21,13,69,0.08,0,0.08,0.08,0.08,1.8,1.8,0.2,2,0.15,0.02,0.16,0.15,0.16,"https://fbref.com/en/players/87f7500e/Karlan-Grant"
2021,"West Brom","Premier League","Kamil Grosicki","POL","MF,FW","32",1988,3,2,148,1.6,0,1,1,0,0,0,0,0,7,4,12,0,0.61,0.61,0,0.61,0.1,0.1,0.3,0.4,0.07,0.19,0.26,0.07,0.26,"https://fbref.com/en/players/81d8091f/Kamil-Grosicki"
2021,"West Brom","Premier League","Rekeem Harper","ENG","MF","20",2000,2,0,32,0.4,0,0,0,0,0,0,0,0,0,1,1,0,0,0,0,0,0,0,0,0,0.09,0,0.09,0.09,0.09,"https://fbref.com/en/players/3c066877/Rekeem-Harper"
2021,"West Brom","Premier League","Ahmed Hegazi","EGY","DF","29",1991,1,1,90,1,0,0,0,0,0,0,0,0,0,2,0,0,0,0,0,0,0,0,0,0,0,0,0,0,0,"https://fbref.com/en/players/5540c9dc/Ahmed-Hegazi"
2021,"West Brom","Premier League","Branislav Ivanović","SRB","DF","36",1984,13,8,767,8.5,0,0,0,0,0,0,2,0,0,10,1,0,0,0,0,0,0.5,0.5,0.1,0.6,0.06,0.01,0.07,0.06,0.07,"https://fbref.com/en/players/85f8571a/Branislav-Ivanovic"
2021,"West Brom","Premier League","Sam Johnstone","ENG","GK","27",1993,37,37,3330,37,0,1,1,0,0,0,1,0,0,0,0,0,0.03,0.03,0,0.03,0,0,0.2,0.2,0,0.01,0.01,0,0.01,"https://fbref.com/en/players/9e5708be/Sam-Johnstone"
2021,"West Brom","Premier League","Filip Krovinović","CRO","MF","24",1995,11,5,546,6.1,0,0,0,0,0,0,0,0,15,41,21,0,0,0,0,0,0.3,0.3,0.2,0.4,0.04,0.03,0.07,0.04,0.07,"https://fbref.com/en/players/c2dfedeb/Filip-Krovinovic"
2021,"West Brom","Premier League","Jake Livermore","ENG","MF","30",1989,18,15,1242,13.8,0,0,0,0,0,0,2,1,0,26,6,0,0,0,0,0,0.3,0.3,0.2,0.5,0.02,0.01,0.04,0.02,0.04,"https://fbref.com/en/players/b98570d1/Jake-Livermore"
2021,"West Brom","Premier League","Ainsley Maitland-Niles","ENG","MF","22",1997,15,14,1230,13.7,0,0,0,0,0,0,2,0,25,47,52,0,0,0,0,0,0.6,0.6,0.7,1.2,0.04,0.05,0.09,0.04,0.09,"https://fbref.com/en/players/e3a5814e/Ainsley-Maitland-Niles"
2021,"West Brom","Premier League","Dara O'Shea","IRL","DF","21",1999,28,25,2102,23.4,0,0,0,0,0,0,3,0,7,62,12,0,0,0,0,0,0.1,0.1,0.2,0.3,0,0.01,0.01,0,0.01,"https://fbref.com/en/players/1d042188/Dara-OShea"
2021,"West Brom","Premier League","Lee Peltier","ENG","DF","33",1986,4,3,229,2.5,0,0,0,0,0,0,1,0,0,6,4,0,0,0,0,0,0,0,0,0,0,0.01,0.01,0,0.01,"https://fbref.com/en/players/af341b88/Lee-Peltier"
2021,"West Brom","Premier League","Matheus Pereira","POR","MF,FW","24",1996,33,30,2577,28.6,11,6,17,7,4,4,2,1,79,115,133,0.38,0.21,0.59,0.24,0.45,7.3,4.2,6.3,10.5,0.26,0.22,0.48,0.15,0.37,"https://fbref.com/en/players/b04ee927/Matheus-Pereira"
2021,"West Brom","Premier League","Matt Phillips","SCO","MF","29",1991,33,20,1828,20.3,2,1,3,2,0,0,1,0,47,51,99,0.1,0.05,0.15,0.1,0.15,2.8,2.8,3.4,6.3,0.14,0.17,0.31,0.14,0.31,"https://fbref.com/en/players/7bb5f40e/Matt-Phillips"
2021,"West Brom","Premier League","Callum Robinson","IRL","FW,MF","25",1995,28,20,1560,17.3,5,0,5,5,0,0,0,0,36,27,119,0.29,0,0.29,0.29,0.29,3.1,3.1,1,4.1,0.18,0.06,0.24,0.18,0.24,"https://fbref.com/en/players/e75750a3/Callum-Robinson"
2021,"West Brom","Premier League","Hal Robson-Kanu","WAL","FW","31",1989,19,2,561,6.2,2,0,2,2,0,0,2,0,8,11,33,0.32,0,0.32,0.32,0.32,1.2,1.2,0.2,1.5,0.19,0.04,0.23,0.19,0.23,"https://fbref.com/en/players/fb2dec57/Hal-Robson-Kanu"
2021,"West Brom","Premier League","Romaine Sawyers","SKN","MF","28",1991,19,17,1487,16.5,0,0,0,0,0,0,2,0,11,67,9,0,0,0,0,0,0.1,0.1,0.6,0.7,0.01,0.03,0.04,0.01,0.04,"https://fbref.com/en/players/77bb1522/Romaine-Sawyers"
2021,"West Brom","Premier League","Robert Snodgrass","SCO","MF,FW","32",1987,8,6,526,5.8,0,0,0,0,0,0,2,0,6,14,25,0,0,0,0,0,0.2,0.2,0.4,0.7,0.04,0.07,0.12,0.04,0.12,"https://fbref.com/en/players/9f4647e9/Robert-Snodgrass"
2021,"West Brom","Premier League","Conor Townsend","ENG","DF","27",1993,25,25,2234,24.8,0,2,2,0,0,0,0,0,37,113,74,0,0.08,0.08,0,0.08,1.1,1.1,2.7,3.7,0.04,0.11,0.15,0.04,0.15,"https://fbref.com/en/players/4dc4f138/Conor-Townsend"
2021,"West Brom","Premier League","Okay Yokuşlu","TUR","MF","26",1994,16,15,1317,14.6,0,1,1,0,0,0,4,0,5,54,5,0,0.07,0.07,0,0.07,0.9,0.9,0.7,1.5,0.06,0.05,0.1,0.06,0.1,"https://fbref.com/en/players/e49ce451/Okay-Yokuslu"
2021,"West Ham","Premier League","Felipe Anderson","BRA","FW,MF","27",1993,2,0,3,0,0,0,0,0,0,0,0,0,2,1,0,0,0,0,0,0,0,0,0,0,0,0,0,0,0,"https://fbref.com/en/players/9f1893b9/Felipe-Anderson"
2021,"West Ham","Premier League","Michail Antonio","JAM","FW","30",1990,26,24,1974,21.9,10,5,15,10,0,0,3,0,59,36,177,0.46,0.23,0.68,0.46,0.68,12.9,12.9,3,16,0.59,0.14,0.73,0.59,0.73,"https://fbref.com/en/players/ac05f970/Michail-Antonio"
2021,"West Ham","Premier League","Fabián Balbuena","PAR","DF","28",1991,14,13,1198,13.3,1,0,1,1,0,0,1,1,3,30,2,0.08,0,0.08,0.08,0.08,0.7,0.7,0,0.7,0.05,0,0.05,0.05,0.05,"https://fbref.com/en/players/3626f7d9/Fabian-Balbuena"
2021,"West Ham","Premier League","Saïd Benrahma","ALG","FW,MF","24",1995,30,14,1391,15.5,1,6,7,1,0,0,0,0,63,60,107,0.06,0.39,0.45,0.06,0.45,2.6,2.6,4.1,6.7,0.17,0.26,0.43,0.17,0.43,"https://fbref.com/en/players/5a04fd92/Said-Benrahma"
2021,"West Ham","Premier League","Jarrod Bowen","ENG","FW,MF","23",1996,38,30,2562,28.5,8,5,13,8,0,0,0,0,83,44,165,0.28,0.18,0.46,0.28,0.46,7.1,7.1,5,12,0.25,0.17,0.42,0.25,0.42,"https://fbref.com/en/players/79c84d1c/Jarrod-Bowen"
2021,"West Ham","Premier League","Vladimír Coufal","CZE","DF","27",1992,34,34,3054,33.9,0,7,7,0,0,0,3,0,70,128,159,0,0.21,0.21,0,0.21,1.3,1.3,5.5,6.7,0.04,0.16,0.2,0.04,0.2,"https://fbref.com/en/players/fdf3cb77/Vladimir-Coufal"
2021,"West Ham","Premier League","Aaron Cresswell","ENG","DF","30",1989,36,36,3170,35.2,0,8,8,0,0,0,3,0,35,162,96,0,0.23,0.23,0,0.23,1,1,6.5,7.5,0.03,0.18,0.21,0.03,0.21,"https://fbref.com/en/players/4f974391/Aaron-Cresswell"
2021,"West Ham","Premier League","Craig Dawson","ENG","DF","30",1990,22,22,1925,21.4,3,0,3,3,0,0,5,1,2,39,1,0.14,0,0.14,0.14,0.14,1.9,1.9,0.1,1.9,0.09,0,0.09,0.09,0.09,"https://fbref.com/en/players/3e9e06cb/Craig-Dawson"
2021,"West Ham","Premier League","Issa Diop","FRA","DF","23",1997,18,15,1381,15.3,2,0,2,2,0,0,3,0,4,30,1,0.13,0,0.13,0.13,0.13,0.5,0.5,0,0.5,0.03,0,0.03,0.03,0.03,"https://fbref.com/en/players/a712ca2b/Issa-Diop"
2021,"West Ham","Premier League","Łukasz Fabiański","POL","GK","35",1985,35,35,3150,35,0,0,0,0,0,0,2,0,0,0,0,0,0,0,0,0,0,0,0,0,0,0,0,0,0,"https://fbref.com/en/players/9328b835/Lukasz-Fabianski"
2021,"West Ham","Premier League","Pablo Fornals","ESP","FW,MF","24",1996,33,31,2572,28.6,5,4,9,5,0,0,3,0,59,134,142,0.17,0.14,0.31,0.17,0.31,6,6,2.3,8.4,0.21,0.08,0.29,0.21,0.29,"https://fbref.com/en/players/82927de4/Pablo-Fornals"
2021,"West Ham","Premier League","Ryan Fredericks","ENG","DF,FW","27",1992,14,6,569,6.3,1,1,2,1,0,0,2,0,11,20,39,0.16,0.16,0.32,0.16,0.32,0.3,0.3,1.2,1.5,0.04,0.19,0.24,0.04,0.24,"https://fbref.com/en/players/c067631c/Ryan-Fredericks"
2021,"West Ham","Premier League","Sébastien Haller","CIV","FW","26",1994,16,10,937,10.4,3,0,3,3,0,0,0,0,4,19,52,0.29,0,0.29,0.29,0.29,2.9,2.9,1.4,4.3,0.28,0.14,0.41,0.28,0.41,"https://fbref.com/en/players/ba115a40/Sebastien-Haller"
2021,"West Ham","Premier League","Ben Johnson","ENG","DF,FW","20",2000,14,5,523,5.8,1,0,1,1,0,0,1,0,11,20,24,0.17,0,0.17,0.17,0.17,0.4,0.4,0.4,0.8,0.07,0.07,0.14,0.07,0.14,"https://fbref.com/en/players/9319781b/Ben-Johnson"
2021,"West Ham","Premier League","Manuel Lanzini","ARG","MF,FW","27",1993,17,5,566,6.3,1,1,2,1,0,0,1,0,7,28,20,0.16,0.16,0.32,0.16,0.32,1,1,0.9,1.8,0.15,0.14,0.29,0.15,0.29,"https://fbref.com/en/players/26f6dca8/Manuel-Lanzini"
2021,"West Ham","Premier League","Jesse Lingard","ENG","MF,FW","27",1992,16,16,1421,15.8,9,4,13,8,1,2,3,0,59,75,84,0.57,0.25,0.82,0.51,0.76,4.5,2.8,2.1,5,0.29,0.13,0.42,0.18,0.31,"https://fbref.com/en/players/810e3c74/Jesse-Lingard"
2021,"West Ham","Premier League","Arthur Masuaku","COD","DF,MF","26",1993,12,12,1006,11.2,0,2,2,0,0,0,2,0,45,43,54,0,0.18,0.18,0,0.18,0.5,0.5,2.2,2.7,0.04,0.2,0.24,0.04,0.24,"https://fbref.com/en/players/57df7a11/Arthur-Masuaku"
2021,"West Ham","Premier League","Mark Noble","ENG","MF","33",1987,21,8,712,7.9,0,0,0,0,0,0,1,0,11,25,13,0,0,0,0,0,0,0,0.3,0.3,0.01,0.03,0.04,0.01,0.04,"https://fbref.com/en/players/ff527768/Mark-Noble"
2021,"West Ham","Premier League","Angelo Ogbonna","ITA","DF","32",1988,28,28,2492,27.7,3,0,3,3,0,0,5,0,7,36,3,0.11,0,0.11,0.11,0.11,1.7,1.7,0.8,2.5,0.06,0.03,0.09,0.06,0.09,"https://fbref.com/en/players/74b2cd7e/Angelo-Ogbonna"
2021,"West Ham","Premier League","Darren Randolph","IRL","GK","33",1987,3,3,270,3,0,0,0,0,0,0,0,0,0,0,0,0,0,0,0,0,0,0,0,0,0,0,0,0,0,"https://fbref.com/en/players/6385ebfb/Darren-Randolph"
2021,"West Ham","Premier League","Declan Rice","ENG","MF","21",1999,32,32,2879,32,2,1,3,1,1,2,2,0,74,169,37,0.06,0.03,0.09,0.03,0.06,3.2,1.6,1.8,3.4,0.1,0.06,0.16,0.05,0.11,"https://fbref.com/en/players/1c7012b8/Declan-Rice"
2021,"West Ham","Premier League","Robert Snodgrass","SCO","FW,MF","32",1987,3,0,5,0.1,0,0,0,0,0,0,0,0,0,1,2,0,0,0,0,0,0,0,0,0,0,0,0,0,0,"https://fbref.com/en/players/9f4647e9/Robert-Snodgrass"
2021,"West Ham","Premier League","Tomáš Souček","CZE","MF","25",1995,38,38,3419,38,10,1,11,10,0,0,7,1,27,165,47,0.26,0.03,0.29,0.26,0.29,8.4,8.4,2,10.4,0.22,0.05,0.27,0.22,0.27,"https://fbref.com/en/players/6613c819/Tomas-Soucek"
2021,"West Ham","Premier League","Andriy Yarmolenko","UKR","FW,MF","30",1989,15,1,375,4.2,0,1,1,0,0,0,3,0,22,17,38,0,0.24,0.24,0,0.24,0.3,0.3,0.8,1.1,0.06,0.19,0.25,0.06,0.25,"https://fbref.com/en/players/849c826a/Andriy-Yarmolenko"
2021,"Wolves","Premier League","Rayan Aït Nouri","FRA","DF","19",2001,21,16,1404,15.6,1,1,2,1,0,0,1,0,47,54,85,0.06,0.06,0.13,0.06,0.13,0.6,0.6,0.6,1.2,0.04,0.04,0.08,0.04,0.08,"https://fbref.com/en/players/9b398aea/Rayan-Ait-Nouri"
2021,"Wolves","Premier League","Willy Boly","CIV","DF","29",1991,21,21,1879,20.9,1,1,2,1,0,0,2,0,5,44,1,0.05,0.05,0.1,0.05,0.1,1.1,1.1,0.3,1.4,0.05,0.01,0.06,0.05,0.06,"https://fbref.com/en/players/a4ac4b8f/Willy-Boly"
2021,"Wolves","Premier League","Oskar Buur","DEN","DF","22",1998,1,0,22,0.2,0,0,0,0,0,0,0,0,1,0,0,0,0,0,0,0,0,0,0,0,0,0,0,0,0,"https://fbref.com/en/players/aa6f2f2c/Oskar-Buur"
2021,"Wolves","Premier League","Jonny Castro","ESP","MF,DF","26",1994,7,7,495,5.5,0,0,0,0,0,0,0,0,13,16,18,0,0,0,0,0,0.1,0.1,0.1,0.1,0.01,0.01,0.02,0.01,0.02,"https://fbref.com/en/players/e28868f3/Jonny-Castro"
2021,"Wolves","Premier League","Conor Coady","ENG","DF","27",1993,37,37,3303,36.7,1,0,1,1,0,0,5,0,4,67,2,0.03,0,0.03,0.03,0.03,1,1,0.2,1.2,0.03,0,0.03,0.03,0.03,"https://fbref.com/en/players/2928dca2/Conor-Coady"
2021,"Wolves","Premier League","Theo Corbeanu","CAN","FW","18",2002,1,0,9,0.1,0,0,0,0,0,0,0,0,0,0,1,0,0,0,0,0,0,0,0,0,0,0.42,0.42,0,0.42,"https://fbref.com/en/players/25b82f9a/Theo-Corbeanu"
2021,"Wolves","Premier League","Patrick Cutrone","ITA","FW","22",1998,2,0,25,0.3,0,0,0,0,0,0,0,0,0,0,3,0,0,0,0,0,0.1,0.1,0,0.1,0.3,0,0.3,0.3,0.3,"https://fbref.com/en/players/a4fe8cda/Patrick-Cutrone"
2021,"Wolves","Premier League","Leander Dendoncker","BEL","MF,DF","25",1995,33,28,2503,27.8,1,0,1,1,0,0,4,0,15,88,31,0.04,0,0.04,0.04,0.04,3.1,3.1,0.7,3.9,0.11,0.03,0.14,0.11,0.14,"https://fbref.com/en/players/5a7301ae/Leander-Dendoncker"
2021,"Wolves","Premier League","Morgan Gibbs-White","ENG","MF,FW","20",2000,11,4,414,4.6,1,0,1,1,0,0,1,0,15,28,27,0.22,0,0.22,0.22,0.22,0.8,0.8,0.4,1.2,0.17,0.09,0.25,0.17,0.25,"https://fbref.com/en/players/32f60ed8/Morgan-Gibbs-White"
2021,"Wolves","Premier League","Ki-Jana Hoever","NED","DF,MF","18",2002,12,5,577,6.4,0,0,0,0,0,0,1,0,17,19,38,0,0,0,0,0,0,0,0.2,0.2,0.01,0.03,0.04,0.01,0.04,"https://fbref.com/en/players/9a71e978/Ki-Jana-Hoever"
2021,"Wolves","Premier League","Raúl Jiménez","MEX","FW","29",1991,10,10,823,9.1,4,0,4,4,0,0,0,0,23,26,46,0.44,0,0.44,0.44,0.44,2.4,2.4,0.3,2.7,0.27,0.03,0.29,0.27,0.29,"https://fbref.com/en/players/b561db50/Raul-Jimenez"
2021,"Wolves","Premier League","Willian José","BRA","FW","28",1991,17,12,1110,12.3,1,0,1,1,0,0,0,0,12,15,55,0.08,0,0.08,0.08,0.08,1.6,1.6,1.2,2.8,0.13,0.1,0.23,0.13,0.23,"https://fbref.com/en/players/d87e2cae/Willian-Jose"
2021,"Wolves","Premier League","Max Kilman","ENG","DF","23",1997,18,14,1310,14.6,0,1,1,0,0,0,4,0,11,46,2,0,0.07,0.07,0,0.07,0.8,0.8,0.5,1.3,0.05,0.04,0.09,0.05,0.09,"https://fbref.com/en/players/d0f72bf1/Max-Kilman"
2021,"Wolves","Premier League","Fernando Marçal","BRA","DF,MF","31",1989,13,7,623,6.9,0,0,0,0,0,0,2,0,8,23,14,0,0,0,0,0,0.1,0.1,0.1,0.2,0.01,0.02,0.03,0.01,0.03,"https://fbref.com/en/players/9ae9eaea/Fernando-Marcal"
2021,"Wolves","Premier League","João Moutinho","POR","MF","33",1986,33,28,2528,28.1,1,1,2,1,0,0,5,1,32,169,37,0.04,0.04,0.07,0.04,0.07,0.6,0.6,2.4,3.1,0.02,0.09,0.11,0.02,0.11,"https://fbref.com/en/players/f5a00fa4/Joao-Moutinho"
2021,"Wolves","Premier League","Pedro Neto","POR","FW,MF","20",2000,31,30,2550,28.3,5,6,11,5,0,0,4,0,154,54,255,0.18,0.21,0.39,0.18,0.39,5.1,5.1,5.4,10.6,0.18,0.19,0.37,0.18,0.37,"https://fbref.com/en/players/7ba2eaa9/Pedro-Neto"
2021,"Wolves","Premier League","Rúben Neves","POR","MF","23",1997,36,31,2675,29.7,5,1,6,2,3,3,8,0,22,212,25,0.17,0.03,0.2,0.07,0.1,5.1,2.7,1.9,4.6,0.17,0.06,0.23,0.09,0.15,"https://fbref.com/en/players/44bfb6c5/Ruben-Neves"
2021,"Wolves","Premier League","Owen Otasowie","USA","MF,FW","19",2001,6,2,187,2.1,0,1,1,0,0,0,1,0,3,3,7,0,0.48,0.48,0,0.48,0.5,0.5,0.1,0.6,0.24,0.06,0.3,0.24,0.3,"https://fbref.com/en/players/6956ff08/Owen-Otasowie"
2021,"Wolves","Premier League","Rui Patrício","POR","GK","32",1988,37,37,3329,37,0,0,0,0,0,0,1,0,0,0,0,0,0,0,0,0,0,0,0,0,0,0,0,0,0,"https://fbref.com/en/players/79b0d6a0/Rui-Patricio"
2021,"Wolves","Premier League","Daniel Podence","POR","MF,FW","24",1995,24,22,1661,18.5,3,2,5,3,0,0,3,0,47,72,117,0.16,0.11,0.27,0.16,0.27,2.5,2.5,1.7,4.2,0.13,0.09,0.23,0.13,0.23,"https://fbref.com/en/players/7fcc71d8/Daniel-Podence"
2021,"Wolves","Premier League","John Ruddy","ENG","GK","33",1986,2,1,91,1,0,0,0,0,0,0,0,0,0,0,0,0,0,0,0,0,0,0,0,0,0,0,0,0,0,"https://fbref.com/en/players/da8b19e2/John-Ruddy"
2021,"Wolves","Premier League","Romain Saïss","MAR","DF","30",1990,27,27,2407,26.7,3,0,3,3,0,0,2,0,12,100,24,0.11,0,0.11,0.11,0.11,3,3,0.2,3.3,0.11,0.01,0.12,0.11,0.12,"https://fbref.com/en/players/9fbbcf39/Romain-Saiss"
2021,"Wolves","Premier League","Nélson Semedo","POR","DF,MF","26",1993,34,34,2983,33.1,1,1,2,1,0,0,5,0,111,138,155,0.03,0.03,0.06,0.03,0.06,1.3,1.3,1.3,2.6,0.04,0.04,0.08,0.04,0.08,"https://fbref.com/en/players/d04b94db/Nelson-Semedo"
2021,"Wolves","Premier League","Fábio Silva","POR","FW","18",2002,32,11,1369,15.2,4,3,7,3,1,1,2,0,14,17,74,0.26,0.2,0.46,0.2,0.39,5.3,4.5,1,5.5,0.35,0.07,0.41,0.29,0.36,"https://fbref.com/en/players/e7aa9d7c/Fabio-Silva"
2021,"Wolves","Premier League","Adama Traoré","ESP","FW,MF","24",1996,37,28,2649,29.4,2,2,4,2,0,0,4,0,219,70,220,0.07,0.07,0.14,0.07,0.14,2,2,4.8,6.9,0.07,0.16,0.23,0.07,0.23,"https://fbref.com/en/players/9a28eba4/Adama-Traore"
2021,"Wolves","Premier League","Rúben Vinagre","POR","MF,DF","21",1999,2,1,173,1.9,0,0,0,0,0,0,0,0,4,2,11,0,0,0,0,0,0,0,0.1,0.1,0,0.03,0.03,0,0.03,"https://fbref.com/en/players/b937e490/Ruben-Vinagre"
2021,"Wolves","Premier League","Vitinha","POR","MF","20",2000,19,5,520,5.8,0,1,1,0,0,0,0,0,11,20,18,0,0.17,0.17,0,0.17,0.5,0.5,0.6,1.2,0.09,0.11,0.2,0.09,0.2,"https://fbref.com/en/players/3b029691/Vitinha"
